vessel_type,dwt,engine_power_kw,speed_knots,distance_nm,cargo_load_pct,weather_beaufort,draft_meters,fuel_type,fuel_consumption_tons,co2_emissions_tons,sox_emissions_tons,nox_emissions_tons,operational_cost_usd
Container,124195.57,22291.19,19.09,7245.82,64.15,4,13.08,Ammonia,1268.08,0.0,0.0,23.59,589659.52
Tanker,181932.09,32526.44,13.14,1537.02,32.64,3,11.63,Methanol,410.63,551.57,0.0,6.54,122571.81
Container,113325.79,36901.8,19.7,1550.35,85.04,2,14.11,LNG,433.45,1181.77,0.0,21.07,221187.1
Bulk Carrier,30876.14,12337.46,15.99,1530.62,56.04,5,12.64,Methanol,186.11,250.0,0.0,2.96,55554.45
Container,59390.54,28749.91,18.43,5020.13,61.91,3,12.71,Ammonia,1134.7,0.0,0.0,21.11,527636.43
Bulk Carrier,65823.19,15251.05,12.0,4976.67,84.93,3,14.03,Ammonia,1093.79,0.0,0.0,20.34,508614.11
Bulk Carrier,56021.75,11040.81,15.92,6969.51,93.88,1,14.9,HFO,855.41,2661.59,68.77,171.94,292293.12
Bulk Carrier,61020.0,21037.39,14.6,3398.46,53.42,4,12.26,Hydrogen,599.3,0.0,0.0,0.0,2517066.51
Tanker,103245.47,34860.53,16.63,5009.28,88.48,4,14.75,LNG,1744.11,4755.24,0.0,84.76,890017.69
Bulk Carrier,98933.2,19399.34,13.7,11459.93,65.46,7,13.13,Ammonia,2809.49,0.0,0.0,52.26,1306414.26
Tanker,136521.64,36117.27,16.03,7236.46,84.06,4,14.42,LNG,2622.32,7149.65,0.0,127.44,1338170.49
Tanker,102363.7,35022.6,12.56,3338.75,88.05,3,15.06,HFO,1731.41,5387.24,139.21,348.01,591621.5
Tanker,155913.35,27612.25,17.0,1549.83,63.05,3,13.8,HFO,354.6,1103.32,28.51,71.27,121165.25
Tanker,140307.34,35224.08,13.27,10690.47,56.68,3,12.69,VLSFO,3960.65,11789.27,81.19,730.74,1948640.28
Tanker,116335.25,28942.13,16.93,11443.45,78.11,1,13.24,Ammonia,3037.71,0.0,0.0,56.5,1412533.8
Bulk Carrier,54889.58,21778.96,12.21,7174.27,89.72,3,13.93,VLSFO,2288.2,6811.06,46.91,422.17,1125795.43
Tanker,145435.71,42216.05,15.58,3484.32,74.57,4,13.22,Methanol,1654.85,2222.88,0.0,26.35,493973.08
Container,125850.09,38987.89,16.01,1454.54,49.4,3,12.11,Ammonia,408.37,0.0,0.0,7.6,189892.3
Bulk Carrier,39827.66,8797.81,12.5,1535.55,71.17,2,13.78,Ammonia,150.27,0.0,0.0,2.79,69874.2
Tanker,134115.43,31618.73,12.01,3400.71,74.52,5,13.56,Methanol,1817.9,2441.89,0.0,28.94,542641.74
Container,100858.38,29559.32,18.26,5150.03,60.81,5,12.99,Methanol,1521.01,2043.09,0.0,24.21,454020.06
Bulk Carrier,56697.86,23849.77,13.59,3483.18,86.64,5,14.17,LNG,1103.89,3009.7,0.0,53.65,563313.21
Container,108309.81,50200.48,23.3,1489.0,30.88,4,12.12,LNG,238.94,651.45,0.0,11.61,121929.8
Container,138396.05,28926.68,18.14,7284.79,60.67,3,12.6,LNG,1383.83,3772.95,0.0,67.25,706167.84
Tanker,136719.43,18865.19,16.72,3644.67,32.44,3,12.18,Methanol,418.24,561.8,0.0,6.66,124843.67
Bulk Carrier,42103.62,20512.65,12.84,4950.19,46.67,3,12.55,Ammonia,893.91,0.0,0.0,16.63,415666.58
Bulk Carrier,71500.44,9552.42,15.63,3484.39,75.95,3,13.44,Hydrogen,336.53,0.0,0.0,0.0,1413434.43
Bulk Carrier,52992.43,21327.24,15.43,1458.98,59.1,3,12.63,Hydrogen,246.73,0.0,0.0,0.0,1036269.12
Bulk Carrier,43429.3,23636.95,11.84,5125.77,61.32,4,13.57,HFO,1530.64,4762.57,123.06,307.66,523021.04
Tanker,82691.08,18832.92,12.3,3560.52,38.95,7,12.44,VLSFO,683.06,2033.19,14.0,126.02,336064.78
Tanker,192669.8,19489.18,16.22,1555.51,39.36,4,12.06,Hydrogen,179.27,0.0,0.0,0.0,752943.23
Tanker,113002.11,36547.83,13.47,1445.04,65.69,7,12.71,LNG,612.59,1670.2,0.0,29.77,312605.12
Bulk Carrier,76548.56,16908.94,14.53,3584.6,32.48,7,11.61,Ammonia,435.69,0.0,0.0,8.1,202594.55
Bulk Carrier,75221.79,19796.43,14.03,10849.28,87.09,3,14.16,Ammonia,2497.03,0.0,0.0,46.44,1161119.58
Tanker,95323.49,21401.4,13.43,1445.83,31.26,5,11.7,Methanol,255.93,343.78,0.0,4.07,76394.93
Container,65312.78,28843.68,16.69,1533.56,76.89,3,14.3,HFO,444.11,1381.83,35.71,89.27,151751.7
Bulk Carrier,58713.08,14538.5,14.5,1483.22,54.68,3,12.55,Hydrogen,179.31,0.0,0.0,0.0,753094.93
Container,102935.1,25952.42,19.48,7344.5,85.42,5,14.6,VLSFO,1934.5,5758.22,39.66,356.91,951772.14
Bulk Carrier,80231.0,14302.25,13.59,11307.13,53.54,4,12.47,Methanol,1843.69,2476.54,0.0,29.35,550342.51
Bulk Carrier,43889.98,12779.07,14.51,6782.77,53.41,7,12.12,Methanol,1050.98,1411.74,0.0,16.73,313719.0
Container,147544.71,26575.87,14.72,3365.84,35.23,3,11.74,Methanol,656.56,881.92,0.0,10.45,195982.31
Container,83399.71,54479.09,22.93,5247.69,71.48,3,13.27,Hydrogen,1863.41,0.0,0.0,0.0,7826307.68
Tanker,173102.59,42441.88,16.91,1489.04,71.94,5,13.82,Methanol,710.55,954.44,0.0,11.31,212098.56
Container,91126.15,44754.39,17.94,3368.63,89.33,1,14.02,VLSFO,1425.71,4243.78,29.23,263.04,701451.28
Tanker,166990.47,39077.09,12.32,11357.76,84.3,5,13.83,HFO,7454.34,23194.04,599.33,1498.32,2547149.01
Tanker,127937.84,36980.18,15.45,1528.46,41.3,6,12.11,LNG,394.8,1076.4,0.0,19.19,201464.81
Bulk Carrier,46993.39,13240.5,12.97,3369.16,92.54,3,14.54,VLSFO,644.33,1917.91,13.21,118.88,317010.26
Bulk Carrier,39304.72,17372.84,15.48,5168.45,92.19,1,14.71,VLSFO,941.79,2803.33,19.31,173.76,463360.24
Bulk Carrier,94392.06,17470.89,12.46,3617.12,72.07,3,13.51,Methanol,893.45,1200.13,0.0,14.22,266694.9
Tanker,162020.06,43243.73,12.31,5118.28,40.85,3,11.76,HFO,1864.7,5801.98,149.92,374.8,637168.04
Bulk Carrier,49793.24,23351.12,15.55,4773.97,77.61,4,14.52,Hydrogen,1094.31,0.0,0.0,0.0,4596107.53
Bulk Carrier,39292.73,20293.17,15.67,3382.3,69.37,3,13.81,Hydrogen,604.72,0.0,0.0,0.0,2539816.51
Container,77276.48,48449.76,18.23,7124.74,40.11,5,11.56,Ammonia,2117.27,0.0,0.0,39.38,984532.3
Tanker,91718.18,44861.14,13.05,1475.59,66.3,4,13.27,LNG,719.08,1960.55,0.0,34.95,366947.06
Tanker,136035.57,28958.19,15.39,1450.38,32.82,3,11.34,LNG,217.27,592.37,0.0,10.56,110871.07
Tanker,102687.37,41951.81,16.49,1572.64,70.49,2,13.47,Methanol,695.63,934.4,0.0,11.07,207644.32
Container,115238.9,31981.28,17.01,3620.2,66.99,4,13.84,VLSFO,996.82,2967.14,20.43,183.91,490437.0
Bulk Carrier,76561.83,8738.95,15.17,6840.33,46.54,2,11.92,Ammonia,451.83,0.0,0.0,8.4,210098.84
Container,127398.37,38949.45,23.82,3498.96,61.26,4,12.65,Methanol,972.85,1306.77,0.0,15.49,290394.36
Tanker,154966.78,23379.1,15.91,1460.78,79.26,4,14.04,LNG,333.31,908.76,0.0,16.2,170088.34
Bulk Carrier,30892.26,15764.9,15.83,10648.45,43.59,4,12.18,Methanol,1351.96,1816.02,0.0,21.52,403558.93
Tanker,177366.06,21691.0,15.74,6924.57,97.57,5,15.54,Hydrogen,2038.75,0.0,0.0,0.0,8562750.24
Bulk Carrier,43306.76,19354.65,11.02,10728.01,57.51,3,12.47,Hydrogen,2272.45,0.0,0.0,0.0,9544299.49
Bulk Carrier,30032.54,18637.54,15.9,1434.37,58.16,5,12.38,Ammonia,253.18,0.0,0.0,4.71,117729.76
Container,90978.75,46738.37,19.09,3482.95,81.82,4,14.45,HFO,1572.36,4892.37,126.42,316.04,537275.46
Tanker,149453.25,17908.9,16.25,11169.45,79.29,6,14.36,LNG,2162.51,5896.0,0.0,105.1,1103529.75
Tanker,164183.7,37675.06,15.15,1458.22,73.04,4,12.99,VLSFO,583.29,1736.22,11.96,107.62,286979.1
Bulk Carrier,72931.45,9201.42,15.27,1529.24,93.66,5,15.3,LNG,182.82,498.44,0.0,8.88,93291.84
Tanker,198141.23,36729.8,16.29,5091.28,93.98,3,14.42,HFO,2203.23,6855.32,177.14,442.85,752844.77
Tanker,173477.32,18630.69,16.03,1545.49,79.74,4,14.55,Hydrogen,296.58,0.0,0.0,0.0,1245639.41
Container,54724.47,39327.75,14.48,3408.53,55.31,3,12.2,VLSFO,1201.3,3575.8,24.63,221.64,591040.82
Tanker,164399.88,26051.64,13.5,5213.11,95.94,4,14.83,Hydrogen,1945.15,0.0,0.0,0.0,8169641.52
Tanker,126496.74,38715.49,14.4,3442.87,78.29,3,13.44,HFO,1532.58,4768.58,123.22,308.05,523681.14
Tanker,148835.01,30981.66,16.01,5056.01,61.04,3,13.42,Methanol,1491.84,2003.91,0.0,23.75,445312.99
Bulk Carrier,57439.48,13437.28,15.56,4936.13,63.82,5,13.1,Ammonia,649.23,0.0,0.0,12.08,301892.19
Tanker,177396.35,38480.11,14.04,6757.71,99.5,4,15.58,VLSFO,3883.78,11560.47,79.62,716.56,1910821.25
Bulk Carrier,48837.22,24992.16,12.19,11241.37,45.46,4,12.47,Methanol,3107.49,4174.14,0.0,49.47,927586.28
Tanker,129521.84,22082.27,16.24,7145.98,33.04,5,12.09,HFO,998.81,3107.77,80.3,200.76,341292.78
Bulk Carrier,60548.82,8510.89,13.51,1429.48,71.86,3,13.35,Methanol,149.96,201.43,0.0,2.39,44762.86
Container,55603.3,39045.22,17.28,5106.04,31.69,3,11.11,HFO,982.6,3057.33,79.0,197.5,335752.77
Bulk Carrier,63559.63,12693.44,14.87,5047.04,91.2,2,14.3,Hydrogen,701.52,0.0,0.0,0.0,2946388.21
Tanker,171026.18,38316.23,13.72,6878.53,47.13,3,12.9,VLSFO,2372.59,7062.26,48.64,437.74,1167315.63
Container,140137.75,25507.44,23.41,4851.91,37.57,4,11.48,VLSFO,521.84,1553.3,10.7,96.28,256744.41
Container,146531.64,31352.86,14.36,7283.21,43.17,2,12.22,Ammonia,1549.44,0.0,0.0,28.82,720489.45
Bulk Carrier,78102.33,24644.85,12.6,4858.07,48.09,2,11.95,Methanol,1174.98,1578.29,0.0,18.71,350731.16
Tanker,146931.86,31536.59,13.56,1513.97,80.72,3,13.74,LNG,565.42,1541.58,0.0,27.48,288531.3
Bulk Carrier,93969.48,11631.58,12.39,10803.05,47.97,3,12.11,LNG,983.48,2681.42,0.0,47.8,501869.55
Bulk Carrier,70966.44,11083.49,14.34,7292.1,54.74,5,12.82,Hydrogen,796.03,0.0,0.0,0.0,3343325.41
Container,102240.84,39966.21,15.84,6824.34,74.25,3,14.34,HFO,2712.68,8440.44,218.1,545.25,926921.66
Container,124108.98,21608.19,20.73,1430.11,33.39,4,11.44,Ammonia,140.28,0.0,0.0,2.61,65230.38
Bulk Carrier,99888.28,23274.67,15.6,7244.74,43.84,7,11.6,LNG,1346.2,3670.37,0.0,65.43,686967.43
Bulk Carrier,90154.64,12537.79,13.0,11489.26,96.11,5,14.16,Ammonia,2226.44,0.0,0.0,41.41,1035295.73
Container,123042.86,38232.48,21.28,3443.85,34.81,4,12.17,Methanol,736.44,989.22,0.0,11.72,219826.61
Tanker,172861.69,27061.76,13.0,11299.57,56.53,4,13.15,Ammonia,3096.24,0.0,0.0,57.59,1439749.36
Container,76471.67,29400.1,17.8,1535.84,40.94,3,12.51,HFO,289.68,901.33,23.29,58.23,98983.25
Container,68218.6,41147.74,20.29,4784.73,60.02,3,12.83,VLSFO,1289.05,3836.99,26.43,237.83,634212.42
Bulk Carrier,33847.07,18889.44,12.5,3655.68,68.04,6,14.02,VLSFO,918.02,2732.57,18.82,169.37,451665.25
Bulk Carrier,61319.29,13107.37,14.41,7013.33,40.12,4,12.34,Hydrogen,627.04,0.0,0.0,0.0,2633584.03
Container,142989.19,50763.59,21.57,1566.12,90.46,4,14.93,Hydrogen,644.39,0.0,0.0,0.0,2706433.14
Container,129336.89,26737.17,16.34,1455.22,83.18,4,13.56,Ammonia,426.41,0.0,0.0,7.93,198280.27
Tanker,110643.54,21738.55,13.83,5040.88,97.81,3,14.46,LNG,1361.59,3712.33,0.0,66.17,694821.22
Tanker,168986.87,36058.85,14.22,6681.74,95.09,4,14.29,Ammonia,3093.0,0.0,0.0,57.53,1438244.44
Tanker,94054.56,18249.26,16.44,7162.91,90.96,4,14.51,VLSFO,1462.82,4354.22,29.99,269.89,719705.12
Bulk Carrier,60399.88,21190.59,12.32,11214.21,86.27,4,13.88,HFO,3465.39,10782.5,278.62,696.54,1184124.94
Tanker,196403.71,34574.45,14.95,1472.12,74.28,4,13.31,Methanol,605.69,813.59,0.0,9.64,180797.49
Tanker,110151.39,24995.65,16.46,1552.25,90.18,5,13.94,LNG,430.43,1173.56,0.0,20.92,219649.39
Bulk Carrier,35992.64,16971.25,13.15,10906.25,59.42,3,12.74,Ammonia,1928.06,0.0,0.0,35.86,896546.63
Tanker,195782.55,34480.36,16.42,4750.79,65.07,3,13.49,Ammonia,1288.55,0.0,0.0,23.97,599177.16
Tanker,87369.3,22097.97,14.37,4945.74,32.54,4,11.97,VLSFO,788.01,2345.6,16.15,145.39,387703.06
Tanker,136276.64,35770.92,13.5,1516.85,79.95,3,13.62,LNG,555.7,1515.1,0.0,27.01,283574.58
Container,144528.91,26509.22,16.24,4996.67,37.36,6,11.87,Hydrogen,846.54,0.0,0.0,0.0,3555473.8
Bulk Carrier,41141.52,9531.06,14.11,4983.03,68.83,3,13.87,LNG,436.06,1188.91,0.0,21.19,222523.22
Bulk Carrier,52963.01,8784.32,14.56,5170.63,67.77,6,13.46,Ammonia,555.97,0.0,0.0,10.34,258527.13
Bulk Carrier,85707.68,21711.73,14.72,3551.21,43.11,4,12.45,VLSFO,612.17,1822.18,12.55,112.95,301187.46
Bulk Carrier,82648.18,22281.08,13.77,5062.52,36.01,5,11.77,Hydrogen,845.54,0.0,0.0,0.0,3551287.94
Bulk Carrier,98141.29,15072.08,12.87,10942.59,38.36,2,11.54,VLSFO,1219.36,3629.56,25.0,224.97,599926.48
Tanker,196222.01,23939.28,12.4,1459.51,85.38,6,14.28,Ammonia,530.65,0.0,0.0,9.87,246752.82
Tanker,142352.45,29488.94,14.02,11204.79,82.19,3,14.48,Hydrogen,3947.79,0.0,0.0,0.0,16580716.14
Bulk Carrier,89428.08,17295.76,14.22,4944.63,41.9,4,11.82,Methanol,731.98,983.24,0.0,11.65,218496.95
Tanker,150439.23,43437.06,16.43,10466.23,98.41,8,14.7,HFO,7063.43,21977.74,567.9,1419.75,2413575.68
Bulk Carrier,96478.43,19979.23,14.53,11532.28,88.93,5,14.13,Methanol,3650.32,4903.29,0.0,58.11,1089619.7
Container,55276.08,59347.99,21.31,3674.73,72.57,4,13.83,VLSFO,1764.12,5251.08,36.16,325.48,867946.45
Tanker,193837.25,24978.96,13.92,11326.62,44.05,3,12.6,HFO,2308.98,7184.36,185.64,464.11,788979.59
Tanker,100038.7,23365.22,13.36,6894.9,88.4,4,14.77,Methanol,2414.95,3243.89,0.0,38.45,720864.04
Tanker,138022.19,24896.2,12.13,10562.1,77.04,8,14.19,Methanol,5345.14,7179.86,0.0,85.09,1595525.33
Tanker,133280.83,22925.22,15.88,7249.02,54.63,6,13.34,VLSFO,1569.27,4671.09,32.17,289.53,772080.9
Bulk Carrier,61096.01,23265.35,13.0,1474.02,85.99,3,14.58,HFO,481.33,1497.64,38.7,96.75,164469.91
Bulk Carrier,40244.19,17837.94,13.65,1540.01,95.52,5,14.14,Methanol,489.4,657.39,0.0,7.79,146086.65
Container,124341.19,58324.61,18.16,3376.04,92.88,4,15.09,LNG,2043.44,5571.37,0.0,99.31,1042769.0
Container,92996.7,47590.37,23.35,4965.84,53.98,1,12.61,LNG,1066.58,2907.98,0.0,51.84,544274.21
Tanker,148794.1,29712.65,16.14,5107.48,35.88,4,11.2,VLSFO,925.49,2754.82,18.97,170.75,455341.43
Container,89153.09,47810.83,22.37,11203.7,83.59,5,13.8,LNG,4187.74,11417.7,0.0,203.52,2137003.11
Bulk Carrier,57035.3,12725.39,13.24,3524.58,58.31,2,13.16,Ammonia,415.93,0.0,0.0,7.74,193405.57
Bulk Carrier,52569.34,19577.84,13.31,11115.98,59.01,3,13.01,LNG,2006.21,5469.84,0.0,97.5,1023767.48
Tanker,165461.96,44094.64,16.96,3428.93,93.08,5,15.16,HFO,1891.83,5886.4,152.1,380.26,646439.18
Tanker,174627.74,40803.08,15.66,3570.43,33.66,5,11.25,VLSFO,938.63,2793.93,19.24,173.18,461805.93
Bulk Carrier,95712.64,11696.1,13.13,5219.17,39.92,5,11.87,VLSFO,550.07,1637.35,11.28,101.49,270636.72
Bulk Carrier,73514.89,24301.62,13.8,4856.82,89.77,6,14.44,Hydrogen,1723.29,0.0,0.0,0.0,7237808.28
Container,123440.41,59392.06,23.14,4864.2,56.43,3,12.84,LNG,1503.96,4100.48,0.0,73.09,767469.21
Tanker,178729.01,42030.64,15.61,1429.03,69.27,3,13.24,Hydrogen,527.25,0.0,0.0,0.0,2214454.22
Tanker,84143.71,19710.7,13.44,11248.64,68.46,4,13.52,Methanol,2974.19,3995.08,0.0,47.35,887795.37
Container,119021.85,50529.37,19.76,5084.47,32.35,4,11.16,Ammonia,1120.11,0.0,0.0,20.83,520850.06
Container,140534.89,59434.43,14.63,3551.38,47.77,3,12.97,Hydrogen,1596.13,0.0,0.0,0.0,6703726.02
Container,98702.64,39682.8,14.35,4953.74,99.8,2,15.73,VLSFO,2765.29,8231.17,56.69,510.2,1360524.67
Bulk Carrier,75914.2,13279.14,12.5,10998.58,91.5,5,14.11,Hydrogen,2301.23,0.0,0.0,0.0,9665152.47
Tanker,109928.55,34245.89,12.84,10555.08,93.66,4,14.75,Methanol,6405.27,8603.88,0.0,101.97,1911972.44
Container,73405.15,21027.34,19.48,3405.78,79.79,4,13.81,HFO,686.53,2136.14,55.2,137.99,234588.89
Container,72008.53,51250.1,23.16,6813.11,82.31,3,13.46,HFO,2642.94,8223.44,212.49,531.23,903091.31
Container,106973.68,20529.7,18.88,7058.97,97.42,1,15.34,HFO,1329.17,4135.69,106.87,267.16,454178.36
Container,93225.74,35488.48,21.16,5187.18,47.91,3,12.37,Hydrogen,921.83,0.0,0.0,0.0,3871683.93
Tanker,110476.23,26742.8,13.15,4876.81,34.57,4,11.3,Ammonia,884.87,0.0,0.0,16.46,411464.76
Container,90706.82,53136.98,18.93,11397.66,73.3,1,13.0,Hydrogen,4373.0,0.0,0.0,0.0,18366609.65
Container,140298.86,33485.85,15.62,1546.1,64.82,4,13.05,LNG,456.86,1245.61,0.0,22.2,233135.29
Bulk Carrier,82230.81,18661.17,13.41,11531.43,55.17,2,12.32,VLSFO,2006.83,5973.53,41.14,370.26,987359.62
Container,148297.84,46976.81,16.45,7089.87,44.71,4,12.37,VLSFO,2565.75,7637.2,52.6,473.38,1262347.21
Container,110505.31,25066.76,14.04,4954.95,42.31,8,11.97,Methanol,1331.06,1787.95,0.0,21.19,397321.33
Bulk Carrier,65598.24,8654.73,13.74,7150.36,78.01,5,13.21,LNG,723.1,1971.52,0.0,35.14,369000.34
Tanker,153353.24,15903.74,13.66,11212.39,47.64,3,12.55,VLSFO,1483.71,4416.41,30.42,273.74,729985.9
Container,54750.52,24808.16,15.81,1572.12,93.16,7,14.04,LNG,490.18,1336.46,0.0,23.82,250139.42
Bulk Carrier,74360.54,15042.25,12.18,3591.09,73.55,6,13.01,VLSFO,853.7,2541.12,17.5,157.51,420019.76
Bulk Carrier,53950.29,23844.39,14.33,1522.6,39.66,4,11.45,Hydrogen,254.93,0.0,0.0,0.0,1070721.64
Container,147524.24,28065.27,14.88,3570.07,57.4,3,12.85,LNG,777.08,2118.68,0.0,37.77,396544.6
Bulk Carrier,77911.58,13658.12,11.4,7065.55,70.73,5,13.68,LNG,1280.0,3489.88,0.0,62.21,653186.46
Tanker,195767.61,44105.36,16.88,6834.18,53.51,4,12.35,Hydrogen,2446.67,0.0,0.0,0.0,10276023.44
Bulk Carrier,55341.4,16417.14,12.43,11322.08,70.0,5,13.47,Hydrogen,2415.93,0.0,0.0,0.0,10146910.59
Bulk Carrier,71206.43,21617.44,12.09,3380.34,63.65,3,13.33,Hydrogen,797.52,0.0,0.0,0.0,3349604.95
Container,72914.67,29618.0,21.13,11398.21,42.58,3,11.56,LNG,1556.53,4243.8,0.0,75.65,794294.78
Container,99466.16,43103.97,21.53,1438.69,90.13,4,14.32,HFO,557.56,1734.84,44.83,112.07,190518.56
Container,138580.63,58706.24,16.95,4811.86,54.35,2,13.04,Hydrogen,1960.66,0.0,0.0,0.0,8234772.3
Tanker,132723.61,40093.58,13.44,1543.37,87.46,6,14.87,Hydrogen,945.95,0.0,0.0,0.0,3972982.93
Container,77767.32,25281.35,18.53,6900.98,43.72,3,12.67,VLSFO,1079.06,3211.93,22.12,199.09,530897.91
Container,107851.42,44057.88,20.71,1475.8,68.64,5,13.04,Hydrogen,510.09,0.0,0.0,0.0,2142384.36
Bulk Carrier,66547.38,17864.85,11.53,7129.61,65.06,4,12.92,VLSFO,1759.78,5238.15,36.08,324.68,865810.66
Tanker,175074.39,26470.6,14.74,3620.91,52.15,4,12.56,HFO,850.06,2644.93,68.34,170.86,290464.34
Container,88235.81,48779.46,14.34,6957.77,70.24,4,13.43,Hydrogen,3700.69,0.0,0.0,0.0,15542899.44
Container,75291.71,41073.0,14.2,5184.25,32.82,2,11.25,VLSFO,1275.63,3797.05,26.15,235.35,627611.69
Bulk Carrier,47190.19,17009.31,11.58,7044.0,38.97,3,11.5,Methanol,1175.72,1579.28,0.0,18.72,350951.9
Tanker,120369.53,23772.39,14.25,10461.63,84.96,2,14.53,VLSFO,2965.94,8828.42,60.8,547.22,1459243.13
Tanker,161144.48,31751.35,13.94,10807.67,40.36,5,12.02,LNG,2720.88,7418.37,0.0,132.23,1388464.83
Bulk Carrier,38763.69,11334.65,13.81,3624.25,33.28,2,11.34,Ammonia,238.52,0.0,0.0,4.44,110911.72
Bulk Carrier,60624.91,15482.21,15.78,1556.16,86.06,7,13.94,Methanol,392.54,527.28,0.0,6.25,117173.71
Tanker,195649.54,20184.03,12.86,11250.86,56.09,8,13.23,Ammonia,3003.19,0.0,0.0,55.86,1396481.83
Tanker,133414.17,18617.46,12.68,10588.25,90.65,4,14.46,LNG,2734.22,7454.73,0.0,132.88,1395270.0
Tanker,127660.78,22744.28,16.07,11525.95,95.77,5,15.32,LNG,3191.73,8702.11,0.0,155.12,1628738.04
Tanker,84761.24,25434.82,12.94,7189.25,83.42,2,13.64,LNG,2123.49,5789.62,0.0,103.2,1083617.79
Tanker,173314.02,24143.09,13.89,7055.54,65.75,4,13.36,VLSFO,1883.28,5605.77,38.61,347.46,926573.05
Bulk Carrier,87203.77,15753.37,12.57,11135.14,30.62,7,11.31,Ammonia,1433.16,0.0,0.0,26.66,666417.66
Bulk Carrier,90527.36,8669.22,11.74,1493.68,99.79,3,14.82,Methanol,243.01,326.42,0.0,3.87,72538.79
Bulk Carrier,85407.83,20893.14,13.79,1475.69,55.98,4,12.41,Ammonia,285.79,0.0,0.0,5.32,132892.21
Container,77142.08,53418.21,21.75,6880.04,41.04,5,12.62,LNG,1837.3,5009.32,0.0,89.29,937574.17
Tanker,118409.29,24344.31,13.03,11193.06,79.9,3,14.29,VLSFO,3485.21,10374.09,71.45,643.02,1714725.55
Tanker,159170.05,35312.58,14.91,7267.93,80.13,5,13.73,LNG,3049.41,8314.08,0.0,148.2,1556111.77
Container,92539.41,38620.61,14.0,10572.76,98.76,4,14.98,Methanol,7019.81,9429.35,0.0,111.76,2095411.97
Bulk Carrier,30271.04,12448.37,11.89,7337.95,41.52,5,12.43,LNG,847.5,2310.69,0.0,41.19,432481.78
Container,66934.75,34890.31,18.38,7043.55,62.26,2,12.46,Methanol,1892.05,2541.5,0.0,30.12,564777.33
Container,107928.94,26117.03,21.59,7338.52,65.92,3,13.07,Hydrogen,1249.56,0.0,0.0,0.0,5248154.82
Tanker,95505.44,33499.7,13.27,6961.33,58.05,2,12.98,Hydrogen,2265.42,0.0,0.0,0.0,9514758.02
Bulk Carrier,93789.21,11216.39,15.2,10710.45,97.54,4,14.96,VLSFO,1700.82,5062.67,34.87,313.8,836804.84
Container,115125.58,54544.94,14.85,4768.08,32.38,4,11.49,Methanol,1816.66,2440.22,0.0,28.92,542271.98
Bulk Carrier,50123.24,9742.62,15.58,7097.35,92.54,3,14.22,Methanol,962.91,1293.43,0.0,15.33,287428.54
Tanker,126551.39,30986.1,16.7,3502.62,61.65,3,13.47,Hydrogen,854.28,0.0,0.0,0.0,3587974.3
Tanker,126853.62,37742.98,16.22,1461.01,73.02,5,13.57,LNG,537.46,1465.36,0.0,26.12,274264.79
Container,84879.88,25109.6,20.49,4962.98,35.05,4,11.91,HFO,632.98,1969.5,50.89,127.23,216289.06
Container,149816.1,57048.02,14.18,1561.64,33.17,6,11.62,Methanol,768.45,1032.22,0.0,12.23,229382.31
Tanker,135911.16,33893.43,16.57,6885.52,65.63,5,13.66,Hydrogen,2302.02,0.0,0.0,0.0,9668481.2
Container,107910.12,20669.86,23.81,11156.29,99.26,4,15.03,LNG,1782.57,4860.12,0.0,86.63,909647.85
Container,53613.52,41216.08,17.01,3589.9,49.46,3,12.69,Ammonia,969.46,0.0,0.0,18.03,450800.58
Tanker,108173.31,36614.61,13.82,1430.95,94.85,5,15.37,Methanol,886.81,1191.21,0.0,14.12,264713.73
Bulk Carrier,94225.45,12097.39,15.16,1486.55,46.39,8,12.42,Hydrogen,165.73,0.0,0.0,0.0,696051.77
Tanker,185603.29,33999.83,16.17,1547.39,49.01,4,12.02,Hydrogen,401.89,0.0,0.0,0.0,1687951.72
Bulk Carrier,77386.45,23644.47,15.06,3410.44,44.15,3,11.83,VLSFO,580.2,1727.04,11.89,107.05,285460.82
Container,53974.87,57726.45,19.02,1513.03,97.7,3,14.8,VLSFO,975.91,2904.9,20.01,180.06,480149.22
Bulk Carrier,39920.46,11395.95,12.26,6706.49,54.84,4,12.42,HFO,867.33,2698.69,69.73,174.33,296367.54
Container,98714.49,23794.55,15.15,1438.31,66.5,6,13.96,Ammonia,390.65,0.0,0.0,7.27,181654.51
Tanker,173347.09,29466.59,14.91,6654.39,33.66,4,12.18,Ammonia,1175.6,0.0,0.0,21.87,546655.27
Bulk Carrier,74282.85,15478.33,13.77,3503.85,47.66,4,11.93,Methanol,549.38,737.96,0.0,8.75,163990.39
Container,87565.15,50158.74,21.12,3624.1,38.77,3,12.43,HFO,832.38,2589.92,66.92,167.31,284423.1
Bulk Carrier,56648.1,24357.08,15.97,11034.32,54.51,5,12.16,HFO,2407.65,7491.36,193.58,483.94,822695.0
Bulk Carrier,57571.53,19067.64,11.37,1428.38,61.99,6,12.55,HFO,400.58,1246.41,32.21,80.52,136879.16
Bulk Carrier,44639.18,19572.54,14.7,11327.54,50.26,7,12.38,HFO,2271.06,7066.37,182.59,456.48,776022.23
Bulk Carrier,59118.13,14251.95,11.13,10746.75,82.47,4,13.44,LNG,2315.99,6314.45,0.0,112.56,1181849.09
Tanker,118438.19,29326.66,16.41,3503.5,86.01,4,13.81,HFO,1142.82,3555.86,91.88,229.71,390501.09
Container,113877.97,46070.56,19.06,5217.87,69.27,5,13.98,VLSFO,2109.76,6279.9,43.25,389.25,1037999.87
Container,66264.14,55664.17,23.67,6739.53,32.46,8,11.65,Ammonia,1784.01,0.0,0.0,33.18,829563.16
Tanker,149563.97,16843.39,13.89,11373.7,77.93,2,13.54,Methanol,2275.92,3057.14,0.0,36.23,679363.5
Tanker,121593.96,43055.75,12.77,6847.31,76.0,1,13.23,Ammonia,3296.79,0.0,0.0,61.32,1533007.31
Container,53571.87,54939.01,19.66,3610.62,83.44,5,14.46,LNG,1749.49,4769.9,0.0,85.02,892762.43
Bulk Carrier,72204.03,18029.78,11.27,3543.57,33.95,2,11.3,Hydrogen,468.47,0.0,0.0,0.0,1967577.46
Tanker,107835.6,32196.0,13.88,5100.43,92.44,3,15.25,Methanol,2418.95,3249.26,0.0,38.51,722057.28
Container,120421.35,28658.17,14.52,3639.04,57.51,5,13.38,HFO,1130.76,3518.35,90.91,227.28,386381.62
Bulk Carrier,67056.26,22731.27,12.07,11436.0,71.64,5,13.77,VLSFO,3828.39,11395.59,78.48,706.34,1883568.69
Tanker,138593.08,42423.73,16.3,6805.16,69.59,5,14.1,VLSFO,3167.48,9428.33,64.93,584.4,1558402.41
Container,135169.14,28919.98,20.38,10986.24,80.86,5,13.86,Hydrogen,2666.37,0.0,0.0,0.0,11198755.39
Container,117914.43,41427.68,19.11,10992.04,96.75,3,14.27,HFO,4480.17,13939.97,360.21,900.51,1530875.48
Tanker,135358.99,39202.33,12.18,5131.39,32.77,3,11.1,Ammonia,1501.7,0.0,0.0,27.93,698290.73
Tanker,120173.11,18889.55,12.82,7283.76,56.42,5,12.86,VLSFO,1527.51,4546.8,31.31,281.83,751537.22
Tanker,117495.52,36207.77,16.08,7197.63,89.16,5,15.01,VLSFO,3312.17,9859.02,67.9,611.1,1629589.78
Bulk Carrier,80523.62,9021.98,15.82,5126.65,88.55,3,14.8,HFO,546.22,1699.55,43.92,109.79,186642.9
Bulk Carrier,42662.68,16017.37,15.19,5162.67,41.64,4,12.67,LNG,534.33,1456.83,0.0,25.97,272668.31
Tanker,188395.5,24991.5,12.22,4917.39,59.32,3,12.41,Methanol,1541.78,2070.99,0.0,24.55,460220.91
Container,61391.4,45475.05,22.38,3652.55,60.73,5,13.05,HFO,1159.83,3608.77,93.25,233.12,396312.38
Container,119745.13,46142.58,21.38,6658.48,43.47,3,12.04,LNG,1385.4,3777.25,0.0,67.33,706971.68
Container,83554.87,51929.28,18.11,3571.28,62.81,1,13.63,VLSFO,1312.08,3905.54,26.9,242.08,645544.33
Bulk Carrier,49061.19,14348.63,15.75,5018.31,52.66,5,12.45,Methanol,712.06,956.47,0.0,11.34,212549.44
Container,84278.4,38318.84,20.53,7199.89,34.31,2,11.87,Methanol,1350.52,1814.08,0.0,21.5,403129.22
Container,87491.88,57321.72,19.94,11410.01,68.08,4,12.86,Methanol,5759.83,7736.89,0.0,91.7,1719308.95
Bulk Carrier,63762.62,24237.17,11.11,4865.5,33.52,4,12.07,Ammonia,960.82,0.0,0.0,17.87,446781.96
Bulk Carrier,38613.92,24252.05,15.51,10550.86,56.28,4,12.19,Hydrogen,2251.9,0.0,0.0,0.0,9457960.9
Tanker,162225.66,36357.65,14.39,1433.37,68.89,5,13.19,LNG,548.56,1495.63,0.0,26.66,279930.17
Bulk Carrier,60126.17,24535.13,15.34,1496.4,60.08,3,12.79,VLSFO,347.09,1033.14,7.12,64.04,170766.93
Container,75721.44,25651.62,18.13,4916.44,81.51,7,14.37,Methanol,1678.44,2254.57,0.0,26.72,501014.92
Container,77341.46,49442.67,18.66,11214.47,36.28,3,11.75,LNG,2566.9,6998.54,0.0,124.75,1309887.91
Bulk Carrier,74757.54,24926.13,15.9,5208.76,90.96,5,14.71,Methanol,1932.22,2595.45,0.0,30.76,576767.75
Tanker,90304.83,30951.74,12.69,3589.8,46.15,7,12.03,VLSFO,1151.63,3427.93,23.61,212.48,566600.13
Bulk Carrier,51918.92,13423.05,12.14,5185.63,40.93,6,12.26,Hydrogen,645.75,0.0,0.0,0.0,2712144.73
Container,62635.18,38821.27,16.37,11252.04,71.9,4,13.42,Ammonia,4281.29,0.0,0.0,79.63,1990801.53
Tanker,195072.68,31822.63,12.52,1555.93,62.68,5,13.53,Ammonia,617.45,0.0,0.0,11.48,287116.11
Container,53866.76,32217.02,19.91,4919.42,62.6,5,13.53,Ammonia,1187.01,0.0,0.0,22.08,551961.04
Tanker,186202.39,29102.11,15.81,5012.2,42.08,5,12.49,Ammonia,1056.18,0.0,0.0,19.65,491125.84
Container,50171.36,24600.06,16.62,1533.84,95.14,2,15.16,Methanol,465.89,625.81,0.0,7.42,139069.33
Bulk Carrier,85769.35,21993.92,15.36,4833.26,95.24,5,14.6,Ammonia,1310.32,0.0,0.0,24.37,609296.48
Bulk Carrier,73072.23,8824.31,15.2,3442.72,97.74,2,14.61,LNG,346.52,944.78,0.0,16.84,176830.44
Container,130308.71,51276.58,21.68,5188.26,44.41,6,12.13,Ammonia,1452.31,0.0,0.0,27.01,675324.36
Tanker,95342.64,32136.42,13.86,4930.91,43.23,1,11.92,LNG,1025.29,2795.42,0.0,49.83,523206.04
Container,138005.38,57943.62,15.94,1537.57,61.55,5,13.39,Ammonia,787.81,0.0,0.0,14.65,366331.04
Container,109664.06,59354.98,17.88,11504.84,61.18,2,12.52,Ammonia,5278.53,0.0,0.0,98.18,2454516.39
Bulk Carrier,48749.32,9375.64,15.43,7290.42,63.25,5,13.12,Ammonia,677.97,0.0,0.0,12.61,315254.93
Tanker,170795.08,38952.09,13.4,4833.59,84.5,5,13.73,Ammonia,2475.18,0.0,0.0,46.04,1150956.55
Bulk Carrier,79440.98,15394.31,14.99,5141.87,35.12,1,12.01,Hydrogen,445.49,0.0,0.0,0.0,1871049.36
Tanker,182095.25,24052.63,15.41,4901.6,77.36,2,14.47,VLSFO,1155.54,3439.57,23.69,213.2,568523.82
Tanker,81302.34,35876.92,13.74,3437.51,95.59,4,14.07,Hydrogen,1750.9,0.0,0.0,0.0,7353768.01
Container,82445.14,46915.49,20.28,7188.63,93.41,7,14.06,Ammonia,3582.1,0.0,0.0,66.63,1665676.42
Container,89140.27,37056.7,15.03,6880.81,66.68,4,12.82,Methanol,2986.5,4011.62,0.0,47.55,891470.29
Tanker,181962.38,18224.95,15.77,11167.72,81.27,4,13.52,HFO,2155.63,6707.21,173.31,433.28,736579.8
Container,75555.06,35344.59,18.84,3359.85,51.32,7,12.55,LNG,920.83,2510.62,0.0,44.75,469901.75
Bulk Carrier,51539.52,19871.26,15.44,3665.36,32.73,4,11.26,HFO,427.25,1329.38,34.35,85.88,145991.38
Tanker,190782.05,44518.74,13.83,1485.29,50.7,3,12.71,Hydrogen,562.16,0.0,0.0,0.0,2361055.6
Tanker,136563.65,30956.48,14.45,7203.1,97.84,3,15.59,Hydrogen,2928.7,0.0,0.0,0.0,12300542.76
Bulk Carrier,96096.11,8844.23,13.72,6687.75,59.21,5,13.41,Hydrogen,651.21,0.0,0.0,0.0,2735081.95
Container,56396.79,42924.07,17.11,7258.28,72.81,3,13.12,HFO,2828.71,8801.48,227.43,568.57,966570.62
Container,128927.46,57512.15,15.98,3555.86,92.66,1,14.27,LNG,1850.18,5044.43,0.0,89.92,944145.11
Tanker,80631.37,43308.65,16.06,3413.1,55.14,3,12.78,Hydrogen,1149.76,0.0,0.0,0.0,4828999.72
Container,88869.46,37849.46,16.22,10615.66,46.72,3,12.62,VLSFO,3159.25,9403.82,64.76,582.88,1554350.42
Container,53356.25,48286.82,18.83,6742.76,83.81,5,14.6,Ammonia,3076.74,0.0,0.0,57.23,1430686.31
Tanker,126002.01,22960.03,13.31,3557.04,50.24,2,12.47,HFO,726.62,2260.85,58.42,146.05,248284.83
Tanker,196591.18,29508.38,14.66,1564.53,77.42,3,14.45,VLSFO,507.8,1511.52,10.41,93.69,249837.2
Bulk Carrier,59356.73,24754.25,11.02,10572.44,78.13,1,13.8,Ammonia,3258.46,0.0,0.0,60.61,1515182.59
Tanker,128125.5,36151.55,16.55,3601.9,75.28,3,13.18,Ammonia,1218.58,0.0,0.0,22.67,566639.91
Bulk Carrier,62242.83,13317.76,13.02,3481.19,97.14,2,14.14,Hydrogen,653.75,0.0,0.0,0.0,2745767.99
Tanker,104444.89,40725.88,15.09,3419.96,74.61,6,14.31,Methanol,1887.38,2535.22,0.0,30.05,563381.5
Tanker,120101.03,37148.18,16.17,11080.73,72.86,2,13.83,LNG,3264.51,8900.55,0.0,158.66,1665878.73
Tanker,184626.7,16728.37,15.81,6949.38,82.32,3,14.16,HFO,1295.24,4030.1,104.14,260.34,442581.83
Tanker,102979.79,29188.58,14.7,6972.57,51.54,4,12.93,HFO,1785.08,5554.25,143.52,358.8,609963.31
Bulk Carrier,39954.06,10326.41,15.11,10519.39,57.62,4,13.25,Methanol,1100.81,1478.67,0.0,17.52,328592.29
Bulk Carrier,80530.72,22395.21,14.73,6732.93,30.22,2,11.99,Hydrogen,844.75,0.0,0.0,0.0,3547968.49
Container,119078.22,39076.65,21.49,4905.5,50.13,5,12.78,HFO,1218.58,3791.6,97.97,244.94,416390.2
Container,104324.08,42303.38,14.41,4948.06,43.24,5,12.52,Ammonia,1782.45,0.0,0.0,33.15,828837.19
Container,123932.23,33512.95,17.04,11546.43,98.77,3,14.3,VLSFO,4370.61,13009.56,89.6,806.38,2150340.6
Tanker,132851.33,26616.53,14.23,1448.77,48.66,1,11.99,Ammonia,279.06,0.0,0.0,5.19,129762.91
Tanker,157114.47,40458.31,16.13,1542.82,83.74,4,13.68,LNG,646.37,1762.3,0.0,31.41,329842.58
Tanker,99468.65,30336.37,15.76,6725.81,63.17,8,13.26,Methanol,2795.7,3755.33,0.0,44.51,834517.17
Container,71348.28,46703.07,19.99,5133.2,74.51,1,13.09,LNG,1585.01,4321.47,0.0,77.03,808831.5
Tanker,127034.52,24115.6,12.09,5011.35,56.41,4,12.22,Hydrogen,1240.13,0.0,0.0,0.0,5208526.15
Tanker,84152.15,18289.86,13.21,4891.22,63.3,7,13.69,VLSFO,1310.64,3901.24,26.87,241.81,644832.5
Container,122763.12,57061.1,20.7,6760.03,55.86,4,12.49,LNG,2262.78,6169.38,0.0,109.97,1154697.56
Container,106052.05,41748.21,16.91,1459.48,57.65,5,12.91,VLSFO,576.1,1714.81,11.81,106.29,283440.48
Tanker,100190.76,27217.03,16.38,10957.92,44.85,5,12.42,HFO,2385.07,7421.11,191.76,479.4,814980.04
Tanker,80110.06,18432.84,13.15,3347.48,69.14,4,13.98,VLSFO,746.05,2220.69,15.29,137.65,367056.72
Container,58493.58,53520.19,20.4,1460.15,90.78,4,14.42,LNG,677.5,1847.17,0.0,32.93,345727.52
Container,99993.69,52556.66,21.53,10640.4,74.03,2,13.32,Ammonia,3829.21,0.0,0.0,71.22,1780584.78
Tanker,178982.61,29817.22,13.28,3454.98,52.54,2,12.73,LNG,820.48,2237.01,0.0,39.88,418691.82
Bulk Carrier,96195.12,10974.86,12.9,4886.94,47.5,5,12.0,HFO,584.89,1819.88,47.03,117.56,199857.16
Bulk Carrier,44485.19,21052.37,15.49,3467.58,91.11,3,13.9,Ammonia,848.26,0.0,0.0,15.78,394443.13
Container,84664.04,35191.7,17.32,6673.75,54.73,6,12.64,Ammonia,1849.43,0.0,0.0,34.4,859982.93
Tanker,164900.81,37786.76,14.88,1570.35,92.45,5,15.23,VLSFO,803.88,2392.83,16.48,148.32,395509.08
Bulk Carrier,75663.44,20321.47,12.24,11268.99,73.38,3,13.05,HFO,2963.4,9220.56,238.26,595.64,1012593.45
Container,84040.23,48579.64,22.56,1546.04,37.26,5,12.42,LNG,325.88,888.49,0.0,15.84,166294.54
Tanker,133339.91,30043.23,13.26,10788.87,75.5,2,14.46,LNG,3530.99,9627.1,0.0,171.61,1801863.97
Bulk Carrier,99978.55,24283.6,15.89,10806.69,83.9,4,14.63,LNG,2876.92,7843.81,0.0,139.82,1468093.11
Tanker,124104.47,39436.1,13.19,1454.86,38.5,4,12.12,Hydrogen,464.24,0.0,0.0,0.0,1949806.32
Container,94721.9,49367.36,19.48,10464.29,59.62,4,12.79,Methanol,4288.7,5760.79,0.0,68.28,1280176.1
Tanker,84622.98,24513.61,15.31,1442.19,90.86,4,15.21,Ammonia,411.58,0.0,0.0,7.66,191386.9
Tanker,176274.29,21601.8,12.35,11270.86,87.94,2,14.17,HFO,3185.82,9912.62,256.14,640.35,1088594.91
Tanker,147009.19,21157.79,15.24,10720.85,45.28,1,11.92,Ammonia,1409.43,0.0,0.0,26.22,655386.64
Bulk Carrier,50076.23,23701.54,11.13,10762.66,95.32,4,14.38,VLSFO,4831.54,14381.55,99.05,891.42,2377115.62
Bulk Carrier,61291.43,17269.15,11.89,3481.73,82.65,4,13.76,LNG,769.88,2099.06,0.0,37.42,392872.16
Container,132367.3,45813.0,22.03,11389.08,62.05,1,13.37,LNG,2755.06,7511.55,0.0,133.9,1405905.15
Bulk Carrier,55571.77,13360.87,15.85,4892.73,65.12,2,13.85,VLSFO,545.78,1624.57,11.19,100.7,268523.66
Container,55460.44,46847.75,14.55,3557.85,91.43,4,14.99,Methanol,2598.28,3490.14,0.0,41.36,775587.41
Tanker,95478.72,19239.91,14.61,10561.64,98.75,4,14.49,Methanol,3086.03,4145.32,0.0,49.13,921181.23
Container,104479.27,35509.73,21.9,1435.8,84.32,4,13.55,VLSFO,439.45,1308.06,9.01,81.08,216208.1
Container,64999.14,46699.37,15.09,3627.29,82.28,4,14.36,Ammonia,2018.08,0.0,0.0,37.54,938406.08
Bulk Carrier,78119.21,18439.25,14.57,3373.83,53.31,2,12.45,Hydrogen,501.78,0.0,0.0,0.0,2107465.47
Bulk Carrier,49936.58,21377.58,13.12,11352.79,81.43,5,14.46,VLSFO,3413.15,10159.57,69.97,629.73,1679267.78
Bulk Carrier,54416.53,20187.24,13.88,4824.84,78.64,2,13.56,Hydrogen,1055.63,0.0,0.0,0.0,4433642.88
Bulk Carrier,85940.08,24004.95,13.8,7230.73,59.19,5,13.22,VLSFO,1753.44,5219.3,35.95,323.51,862693.42
Bulk Carrier,47111.27,24464.23,11.76,10967.0,35.24,4,11.64,Methanol,2465.28,3311.48,0.0,39.25,735885.05
Tanker,175829.62,25701.96,15.2,5081.01,37.15,6,11.7,Ammonia,896.29,0.0,0.0,16.67,416776.12
Container,112362.46,21936.5,18.58,1571.7,56.09,4,12.61,HFO,252.11,784.43,20.27,50.67,86145.63
Container,81570.87,21687.46,17.03,1485.75,67.65,4,13.91,LNG,277.77,757.33,0.0,13.5,141745.76
Tanker,139501.14,40923.21,15.19,7348.68,83.6,4,14.78,Ammonia,3309.12,0.0,0.0,61.55,1538738.49
Tanker,114651.6,28717.58,16.48,4844.55,41.85,5,12.41,HFO,1014.61,3156.95,81.57,203.94,346693.59
Bulk Carrier,77559.64,11516.89,11.93,3432.64,68.12,3,12.85,HFO,484.97,1508.96,38.99,97.48,165712.56
Bulk Carrier,32003.81,13828.44,14.97,7224.19,54.19,5,12.94,Methanol,991.42,1331.72,0.0,15.78,295938.78
Tanker,171958.75,15612.56,16.38,4869.58,41.09,2,12.59,Hydrogen,416.45,0.0,0.0,0.0,1749096.98
Tanker,160473.42,22514.04,15.94,1483.91,84.96,5,14.19,Methanol,468.02,628.67,0.0,7.45,139705.25
Bulk Carrier,85014.24,11748.23,12.53,1497.48,46.03,4,12.13,Methanol,193.38,259.76,0.0,3.08,57724.32
Bulk Carrier,86008.95,8163.05,13.21,7041.65,53.0,5,12.8,Hydrogen,577.23,0.0,0.0,0.0,2424376.07
Bulk Carrier,47038.41,13111.14,14.18,1537.78,54.71,6,13.36,Methanol,241.8,324.8,0.0,3.85,72178.21
Bulk Carrier,84142.04,18738.61,12.16,3652.34,30.69,4,11.87,Ammonia,532.76,0.0,0.0,9.91,247733.82
Bulk Carrier,59231.4,20183.99,15.87,3653.78,60.27,4,13.32,LNG,588.63,1604.87,0.0,28.61,300377.27
Bulk Carrier,58320.57,8600.41,12.12,7215.15,45.18,1,11.94,Hydrogen,467.38,0.0,0.0,0.0,1963010.05
Tanker,168791.97,41055.78,16.22,5111.69,56.77,3,12.63,VLSFO,1798.88,5354.56,36.88,331.89,885051.36
Container,50659.16,24216.05,21.94,5199.59,37.53,4,11.48,Ammonia,556.93,0.0,0.0,10.36,258973.5
Container,54224.12,48161.21,14.89,3380.09,80.0,4,14.49,Hydrogen,1894.77,0.0,0.0,0.0,7958021.2
Tanker,162280.1,25110.93,16.81,6725.55,34.19,1,11.74,LNG,784.6,2139.17,0.0,38.13,400379.69
Tanker,186921.6,23749.74,12.02,11080.62,87.6,5,13.84,Hydrogen,4095.97,0.0,0.0,0.0,17203076.47
Tanker,94043.98,21436.01,14.81,10836.05,51.93,4,12.57,LNG,1757.32,4791.28,0.0,85.41,896762.73
Tanker,85878.49,19240.86,12.85,3582.47,97.33,3,14.76,Methanol,1244.4,1671.54,0.0,19.81,371452.88
Tanker,194325.06,22558.27,13.47,3642.04,34.9,6,12.14,LNG,579.22,1579.22,0.0,28.15,295576.63
Tanker,167465.05,36263.52,14.3,7263.96,55.47,4,12.15,VLSFO,2569.77,7649.19,52.68,474.12,1264328.12
Container,82005.26,41261.18,19.5,6757.73,60.83,3,13.17,Methanol,2326.98,3125.71,0.0,37.05,694602.15
Container,149661.91,24958.94,15.77,5185.77,99.85,4,15.72,LNG,1625.92,4432.99,0.0,79.02,829704.7
Tanker,120408.53,38832.81,15.4,7051.3,71.95,3,14.23,LNG,2521.28,6874.17,0.0,122.53,1286608.61
Tanker,85306.37,25593.17,16.9,1460.47,33.37,4,11.49,Hydrogen,197.09,0.0,0.0,0.0,827787.4
Container,110458.26,41231.55,17.63,6909.04,55.31,4,13.37,Hydrogen,1999.33,0.0,0.0,0.0,8397198.34
Bulk Carrier,95405.26,24757.72,14.57,3477.11,66.48,3,13.27,Methanol,1010.61,1357.51,0.0,16.09,301667.89
Bulk Carrier,67713.87,14547.94,14.61,5194.63,42.73,2,12.25,HFO,536.53,1669.41,43.14,107.84,183333.44
Container,99991.91,40320.06,14.54,3527.0,69.45,4,13.67,Ammonia,1550.12,0.0,0.0,28.83,720806.12
Container,128318.7,50706.84,15.72,11453.7,99.75,5,15.09,Methanol,8908.65,11966.54,0.0,141.83,2659230.8
Container,68256.43,58127.65,21.68,3471.29,35.21,3,11.57,HFO,890.49,2770.73,71.6,178.99,304279.2
Container,134401.2,44477.51,20.17,1509.6,95.7,2,15.07,HFO,604.29,1880.23,48.58,121.46,206484.67
Container,52183.26,46058.8,16.69,1434.92,52.06,3,12.92,Methanol,508.07,682.46,0.0,8.09,151658.59
Tanker,80089.97,31977.5,16.27,3572.17,77.07,5,13.82,Methanol,1418.19,1904.99,0.0,22.58,423330.47
Bulk Carrier,67616.72,10426.77,15.36,1430.38,97.94,3,15.06,LNG,183.3,499.76,0.0,8.91,93537.72
Bulk Carrier,35157.73,20002.67,14.12,11142.37,56.19,1,13.2,HFO,1871.95,5824.54,150.5,376.26,639645.39
Bulk Carrier,99567.78,24846.53,13.11,1541.05,55.7,4,12.33,VLSFO,420.94,1252.97,8.63,77.66,207101.9
Tanker,167553.44,17967.44,14.98,3391.29,49.05,4,11.95,Methanol,598.87,804.44,0.0,9.53,178763.35
Tanker,184047.91,40761.98,13.1,3475.43,30.65,4,11.98,HFO,1029.83,3204.3,82.8,207.0,351893.63
Bulk Carrier,72884.88,11061.16,15.83,1549.45,77.17,4,14.06,Hydrogen,189.27,0.0,0.0,0.0,794919.88
Bulk Carrier,40340.5,22611.61,14.31,11104.33,97.19,4,15.0,VLSFO,3497.71,10411.27,71.7,645.33,1720871.33
Container,127058.63,56769.25,19.98,4925.36,93.82,2,14.33,LNG,2260.16,6162.22,0.0,109.84,1153357.17
Bulk Carrier,55352.61,11718.36,13.33,1487.89,72.57,4,14.02,HFO,212.62,661.57,17.09,42.74,72652.67
Bulk Carrier,73643.3,20568.56,14.44,7133.0,53.28,3,12.72,VLSFO,1319.9,3928.82,27.06,243.52,649390.94
Container,54604.11,25938.06,20.03,6695.14,84.18,7,13.91,LNG,1684.66,4593.16,0.0,81.87,859682.41
Container,140783.64,32698.84,20.53,1426.41,47.9,6,12.06,Ammonia,292.06,0.0,0.0,5.43,135806.33
Container,76801.93,22486.12,23.17,3633.25,66.39,3,12.83,Ammonia,498.9,0.0,0.0,9.28,231990.25
Tanker,91781.51,34790.8,13.65,3440.95,44.83,4,12.27,Ammonia,1025.9,0.0,0.0,19.08,477045.27
Container,143430.87,29491.27,21.26,10817.1,92.04,4,14.5,LNG,2707.9,7382.98,0.0,131.6,1381840.73
Tanker,178917.25,16097.27,15.45,4989.89,86.82,3,13.71,HFO,919.08,2859.69,73.89,184.73,314048.56
Bulk Carrier,48634.95,9772.61,11.4,1454.68,55.98,2,12.71,LNG,143.49,391.22,0.0,6.97,73222.96
Bulk Carrier,33788.65,18121.52,13.41,10903.04,36.04,3,12.34,LNG,1230.95,3356.14,0.0,59.82,628154.41
Container,80550.19,28481.77,18.13,1495.13,44.28,3,12.6,Methanol,299.43,402.21,0.0,4.77,89380.48
Bulk Carrier,49713.73,14709.7,12.21,6865.07,99.94,5,15.17,Methanol,1979.1,2658.42,0.0,31.51,590761.11
Tanker,84016.4,18741.71,12.91,1449.86,70.61,4,13.4,Ammonia,306.8,0.0,0.0,5.71,142663.24
Tanker,100874.86,25173.07,13.64,3477.38,99.85,4,14.54,VLSFO,1377.77,4101.08,28.24,254.2,677864.53
Bulk Carrier,36254.38,15770.6,15.75,7281.99,64.12,5,13.71,Methanol,1262.79,1696.24,0.0,20.1,376942.88
Bulk Carrier,85222.02,8210.92,15.01,7151.16,74.35,4,14.27,LNG,550.97,1502.2,0.0,26.78,281160.2
Container,86248.61,48564.13,20.94,5082.3,52.79,2,12.62,VLSFO,1529.26,4551.99,31.35,282.15,752395.82
Container,75241.46,45943.12,20.46,7004.52,69.89,4,13.1,Methanol,2865.19,3848.67,0.0,45.61,855259.81
Tanker,111003.51,26019.96,16.74,3516.47,77.08,2,14.01,HFO,842.56,2621.61,67.74,169.35,287903.3
Container,118356.64,22504.7,18.85,1440.25,91.51,4,13.97,HFO,330.1,1027.09,26.54,66.35,112794.29
Container,125781.47,50447.25,18.23,4967.29,59.08,5,12.83,Ammonia,2034.73,0.0,0.0,37.85,946151.67
Container,121489.12,23522.52,21.96,7181.67,46.62,4,12.76,Methanol,1052.28,1413.47,0.0,16.75,314105.15
Container,82025.94,38072.66,21.05,4772.56,58.49,3,12.39,Hydrogen,1066.71,0.0,0.0,0.0,4480177.22
Bulk Carrier,44722.71,18068.35,11.77,11085.81,41.29,4,12.66,Hydrogen,1853.12,0.0,0.0,0.0,7783115.92
Container,85776.03,35934.37,16.13,1431.09,82.52,3,13.49,Hydrogen,536.75,0.0,0.0,0.0,2254334.86
Container,111928.63,45889.18,14.1,11366.39,85.02,4,14.19,HFO,6582.12,20480.13,529.2,1323.01,2249109.83
Container,123718.02,59510.41,18.28,11506.96,95.37,4,14.29,HFO,7345.26,22854.64,590.56,1476.4,2509876.28
Tanker,171444.53,25500.32,14.29,7190.07,85.1,4,14.61,Methanol,2530.65,3399.3,0.0,40.29,755399.84
Container,71658.77,31748.13,23.78,6896.91,99.68,5,15.42,Ammonia,1973.02,0.0,0.0,36.7,917455.81
Container,110060.02,35232.91,17.56,10587.93,62.18,4,13.64,Hydrogen,2993.95,0.0,0.0,0.0,12574587.07
Bulk Carrier,96317.3,14762.76,11.72,1542.86,67.24,4,13.69,VLSFO,295.99,881.04,6.07,54.61,145625.92
Bulk Carrier,53654.89,9166.45,13.47,11055.14,45.4,4,12.02,HFO,845.9,2631.99,68.01,170.03,289043.09
Tanker,135121.05,29489.54,13.57,6759.85,75.11,4,14.38,Methanol,2710.11,3640.36,0.0,43.15,808969.07
Tanker,110338.06,37743.08,16.18,3470.84,30.85,1,11.92,VLSFO,663.31,1974.41,13.6,122.38,326348.57
Bulk Carrier,33785.3,11870.86,12.98,11204.34,75.11,3,13.48,VLSFO,1814.16,5400.04,37.19,334.71,892567.99
Tanker,129931.48,16335.96,15.48,1531.45,87.94,3,14.35,Methanol,322.86,433.69,0.0,5.14,96374.71
Container,94047.62,55744.39,23.72,11314.55,65.66,3,12.69,Methanol,4203.57,5646.45,0.0,66.92,1254765.58
Tanker,166267.84,32070.59,15.01,11171.25,48.75,2,12.95,LNG,2387.96,6510.69,0.0,116.06,1218577.72
Bulk Carrier,38441.46,24303.37,13.16,1487.66,60.74,3,13.22,Methanol,420.05,564.23,0.0,6.69,125384.71
Tanker,158994.83,31969.21,12.77,6683.53,34.87,6,11.4,Hydrogen,1724.6,0.0,0.0,0.0,7243316.97
Container,105513.3,48494.93,18.54,3462.61,63.35,4,12.75,VLSFO,1359.66,4047.16,27.87,250.86,668951.41
Bulk Carrier,96789.4,10689.13,14.82,7286.7,87.53,6,14.26,HFO,1110.38,3454.93,89.27,223.19,379417.66
Bulk Carrier,60278.09,13737.92,14.46,3600.6,39.72,3,11.45,LNG,328.96,896.9,0.0,15.99,167869.01
Bulk Carrier,36158.01,16270.55,13.48,1567.81,54.12,4,12.83,Hydrogen,249.04,0.0,0.0,0.0,1045962.06
Tanker,169953.41,19788.96,14.96,5151.38,52.48,3,12.63,LNG,829.16,2260.68,0.0,40.3,423122.14
Bulk Carrier,54410.21,15560.26,12.63,4896.17,47.65,4,11.8,Ammonia,705.51,0.0,0.0,13.12,328060.68
Container,88812.68,20719.14,17.39,11480.97,99.87,1,14.32,LNG,2184.28,5955.35,0.0,106.16,1114638.25
Container,140314.14,38580.33,15.45,1508.34,52.98,2,12.23,Hydrogen,440.4,0.0,0.0,0.0,1849693.15
Tanker,160276.52,35785.8,12.09,7140.91,65.77,4,13.85,Methanol,3849.62,5171.0,0.0,61.29,1149111.74
Container,72953.28,27884.95,14.47,10778.49,79.64,5,14.21,LNG,3557.59,9699.61,0.0,172.9,1815435.74
Tanker,189659.0,29632.3,15.88,4881.84,80.84,5,14.73,LNG,1657.39,4518.8,0.0,80.55,845765.45
Tanker,111060.97,15823.38,14.01,10645.16,71.77,2,13.73,HFO,1876.16,5837.63,150.84,377.11,641083.02
Container,130027.18,58964.14,18.1,7285.32,85.79,2,14.6,HFO,3844.85,11963.16,309.13,772.81,1313783.81
Tanker,154127.02,20592.67,15.68,11115.04,94.7,4,14.04,VLSFO,3122.1,9293.23,64.0,576.03,1536071.37
Container,132918.18,54763.09,15.75,5002.15,47.03,1,12.79,HFO,1829.0,5690.91,147.05,367.63,624970.96
Tanker,90852.74,35528.99,13.37,11283.28,75.34,3,13.98,Methanol,5488.7,7372.7,0.0,87.38,1638377.71
Tanker,112111.48,17597.48,13.32,4884.21,42.74,3,12.16,Ammonia,716.52,0.0,0.0,13.33,333182.92
Container,71446.88,40406.81,22.54,11385.34,63.36,3,13.41,LNG,2611.54,7120.25,0.0,126.92,1332667.69
Container,122649.26,39432.61,14.75,11399.9,73.32,5,13.83,Ammonia,5386.26,0.0,0.0,100.18,2504608.92
Container,57793.61,42173.86,23.36,6944.91,83.24,3,13.92,Ammonia,2138.62,0.0,0.0,39.78,994458.65
Bulk Carrier,61631.53,16060.55,13.9,4847.12,44.45,7,11.83,VLSFO,782.04,2327.82,16.03,144.29,384763.94
Bulk Carrier,43322.01,16737.26,11.43,10688.3,60.94,7,13.26,Methanol,2775.83,3728.63,0.0,44.19,828585.37
Bulk Carrier,31822.66,24158.23,12.0,5193.63,32.31,3,11.51,LNG,770.75,2101.43,0.0,37.46,393314.98
Container,102147.71,52230.1,18.06,1528.42,95.38,4,14.77,LNG,799.73,2180.44,0.0,38.87,408103.85
Container,128685.86,29320.13,15.15,7197.44,60.27,2,12.85,LNG,1748.29,4766.64,0.0,84.97,892151.34
Tanker,158653.02,17698.44,13.2,4986.57,62.85,3,12.58,Methanol,1062.95,1427.8,0.0,16.92,317289.41
Container,87959.87,41416.23,17.25,1528.99,72.76,4,13.24,VLSFO,604.73,1800.03,12.4,111.57,297525.22
Bulk Carrier,58782.28,12531.26,14.67,10971.64,52.68,5,12.93,Methanol,1374.8,1846.7,0.0,21.89,410378.1
Container,100967.83,29127.77,18.97,6889.07,51.4,3,12.59,HFO,1321.2,4110.89,106.22,265.56,451454.63
Container,78261.19,59672.07,17.68,5249.92,82.21,5,14.4,HFO,3421.75,10646.71,275.11,687.77,1169212.48
Tanker,185221.52,37156.01,16.8,4908.05,75.32,5,13.86,VLSFO,2048.68,6098.09,42.0,377.98,1007948.59
Tanker,153469.89,31793.39,16.21,5065.63,97.64,5,14.44,LNG,1933.81,5272.45,0.0,93.98,986822.62
Bulk Carrier,74778.94,13918.47,11.83,1490.71,99.2,6,15.28,HFO,406.52,1264.87,32.68,81.71,138906.93
Tanker,126290.04,18778.49,15.81,7082.51,59.2,5,12.38,LNG,1198.77,3268.4,0.0,58.26,611731.78
Container,144424.22,59705.92,17.35,7160.63,98.91,2,14.41,Methanol,5144.14,6909.86,0.0,81.89,1535524.33
Container,108409.65,32134.48,18.71,1471.83,67.05,3,13.19,Hydrogen,357.08,0.0,0.0,0.0,1499753.41
Bulk Carrier,88976.53,15870.66,13.38,7348.35,71.69,4,13.25,VLSFO,1529.02,4551.29,31.34,282.1,752278.56
Bulk Carrier,38961.71,11646.83,14.68,6858.31,56.15,3,12.25,HFO,685.02,2131.43,55.08,137.69,234071.49
Container,103744.09,48599.75,22.91,1522.87,84.64,3,13.97,HFO,566.34,1762.15,45.53,113.83,193517.43
Container,124519.03,24766.15,18.64,11151.63,70.1,4,14.06,HFO,2540.98,7906.21,204.29,510.74,868253.31
Bulk Carrier,48207.08,11160.27,14.74,11047.15,46.98,2,12.44,HFO,933.35,2904.1,75.04,187.6,318925.22
Bulk Carrier,36004.09,14059.83,11.31,4968.43,85.23,5,14.16,LNG,1115.54,3041.47,0.0,54.22,569258.19
Bulk Carrier,46645.96,11097.0,11.23,6677.57,64.84,3,13.13,VLSFO,1018.89,3032.82,20.89,187.98,501291.91
Bulk Carrier,59035.83,22254.47,12.68,11335.07,68.97,3,12.94,LNG,2592.72,7068.95,0.0,126.01,1323065.45
Tanker,106715.52,38160.98,13.35,10725.94,83.05,1,14.65,Methanol,5750.0,7723.69,0.0,91.54,1716375.38
Bulk Carrier,92286.2,9739.72,15.82,6865.72,84.7,2,13.85,Hydrogen,706.99,0.0,0.0,0.0,2969340.95
Bulk Carrier,92498.0,12337.39,11.25,10778.48,30.13,4,11.82,HFO,1113.31,3464.05,89.51,223.78,380419.02
Tanker,165559.89,17844.57,16.02,3597.85,93.22,4,14.58,Methanol,943.25,1267.03,0.0,15.02,281561.23
Bulk Carrier,50583.24,22101.92,12.02,3329.17,45.78,7,12.01,LNG,834.27,2274.6,0.0,40.55,425727.12
Bulk Carrier,35198.34,19679.75,12.94,5174.54,41.17,3,11.93,LNG,716.62,1953.85,0.0,34.83,365693.04
Bulk Carrier,85649.36,20765.33,13.3,4776.74,60.51,4,13.52,Methanol,1232.3,1655.28,0.0,19.62,367840.21
Container,89651.06,29481.32,14.98,4847.57,73.78,5,13.65,Methanol,1864.26,2504.17,0.0,29.68,556482.8
Tanker,112041.44,38681.47,15.88,1448.56,45.58,1,12.35,Ammonia,382.85,0.0,0.0,7.12,178025.53
Container,137294.48,45124.77,17.55,1549.68,45.56,3,12.89,Hydrogen,408.17,0.0,0.0,0.0,1714322.16
Tanker,190056.76,17077.65,14.47,1526.03,30.87,3,11.64,Methanol,174.11,233.87,0.0,2.77,51970.86
Bulk Carrier,56953.79,23390.78,13.73,4761.12,53.27,3,12.55,HFO,983.36,3059.71,79.06,197.66,336014.47
Bulk Carrier,81308.84,8142.65,13.89,11366.33,58.86,6,12.49,Ammonia,996.25,0.0,0.0,18.53,463255.83
Container,64640.05,21650.65,23.52,11234.32,91.4,2,14.99,VLSFO,1766.23,5257.37,36.21,325.87,868986.73
Bulk Carrier,91830.37,8140.16,14.67,3542.07,97.12,4,14.32,Methanol,451.15,606.01,0.0,7.18,134669.05
Tanker,89551.6,34387.63,14.15,3639.96,85.63,5,13.77,Methanol,1867.5,2508.52,0.0,29.73,557449.68
Container,66353.72,51340.82,16.58,3581.58,36.27,5,11.99,Ammonia,1100.68,0.0,0.0,20.47,511816.98
Tanker,108261.18,28807.3,14.3,4880.13,39.81,6,12.17,HFO,1218.86,3792.45,98.0,244.99,416483.92
Container,98209.8,20621.08,22.33,3482.48,47.01,5,12.22,Ammonia,396.04,0.0,0.0,7.37,184157.15
Bulk Carrier,67367.86,8161.97,12.05,11358.39,52.35,2,12.74,VLSFO,900.21,2679.57,18.45,166.09,442904.58
Tanker,113016.76,19469.96,12.21,1468.8,49.03,2,13.03,Methanol,316.36,424.95,0.0,5.04,94432.97
Bulk Carrier,81093.08,17075.21,12.73,11218.56,52.59,3,12.86,HFO,1928.77,6001.33,155.07,387.68,659060.83
Container,77170.21,47773.25,17.72,5199.04,92.63,2,14.64,Hydrogen,2402.22,0.0,0.0,0.0,10089309.27
Container,76860.81,55011.76,20.26,6995.84,73.06,1,13.08,VLSFO,2625.85,7816.09,53.83,484.47,1291916.2
Container,143622.74,30397.47,21.39,3553.4,64.29,5,13.64,Ammonia,745.47,0.0,0.0,13.87,346642.35
Tanker,89324.08,24430.52,15.05,4839.52,95.3,2,15.28,Hydrogen,1433.24,0.0,0.0,0.0,6019616.74
Bulk Carrier,83006.45,24853.92,12.82,1467.42,85.52,5,14.3,LNG,536.87,1463.77,0.0,26.09,273966.9
Tanker,103618.7,31077.35,13.32,10717.51,80.85,4,14.62,Ammonia,4330.07,0.0,0.0,80.54,2013483.69
Bulk Carrier,83772.77,23641.82,12.6,6953.49,97.14,4,15.48,Ammonia,2476.04,0.0,0.0,46.05,1151356.34
Container,53038.76,31827.2,19.66,1532.52,44.99,4,12.21,Methanol,304.39,408.87,0.0,4.85,90860.41
Bulk Carrier,45943.47,14202.87,13.19,11233.44,97.1,5,15.49,Methanol,3084.84,4143.72,0.0,49.11,920825.87
Tanker,148603.14,25904.13,15.18,11119.74,41.21,4,11.58,Hydrogen,1944.21,0.0,0.0,0.0,8165700.9
Bulk Carrier,91100.2,8195.29,14.73,1453.55,63.62,5,12.86,Methanol,138.63,186.21,0.0,2.21,41380.43
Tanker,171940.32,36379.41,16.14,5065.19,44.96,5,12.84,VLSFO,1418.03,4220.9,29.07,261.63,697669.5
Container,77586.81,49619.64,18.98,10921.69,63.56,5,13.72,HFO,4311.94,13416.53,346.68,866.7,1473391.28
Tanker,155583.39,38494.09,13.52,5034.6,44.74,8,12.62,Ammonia,1852.96,0.0,0.0,34.47,861628.08
Tanker,161304.49,17420.48,14.16,3391.14,30.95,3,12.01,Methanol,381.16,512.0,0.0,6.07,113777.13
Container,104977.84,23789.28,16.17,7176.76,97.65,5,14.83,VLSFO,2304.25,6858.84,47.24,425.14,1133693.37
Tanker,102810.11,17911.45,14.29,6997.16,77.56,2,13.22,Hydrogen,1427.41,0.0,0.0,0.0,5995124.74
Tanker,147253.04,19279.02,12.04,6776.23,69.57,4,13.42,HFO,1824.4,5676.58,146.68,366.7,623397.41
Tanker,109936.13,42178.08,15.57,1448.81,45.2,5,12.73,Ammonia,469.82,0.0,0.0,8.74,218466.98
Tanker,112240.56,44726.97,12.89,3406.4,44.26,4,12.44,Hydrogen,1244.78,0.0,0.0,0.0,5228081.32
Bulk Carrier,83627.55,14168.53,13.16,1482.74,61.16,4,13.15,LNG,201.21,548.58,0.0,9.78,102675.93
Tanker,143859.89,33492.23,14.94,4768.04,83.25,3,13.74,LNG,1700.99,4637.67,0.0,82.67,868012.76
Bulk Carrier,38315.44,11629.57,12.65,1557.85,34.06,3,11.21,Ammonia,134.04,0.0,0.0,2.49,62330.54
Tanker,167083.82,21553.58,13.53,3555.8,62.61,3,12.75,HFO,839.38,2611.71,67.49,168.71,286815.16
Bulk Carrier,34486.59,18258.71,14.82,4886.1,34.3,3,12.08,VLSFO,552.34,1644.09,11.32,101.91,271749.6
Tanker,194011.71,29339.75,12.68,7003.65,93.54,2,14.89,HFO,2896.68,9012.95,232.89,582.23,989794.47
Tanker,131419.95,18782.39,12.93,11529.75,55.55,3,12.41,HFO,2071.62,6445.81,166.56,416.4,707872.74
Bulk Carrier,73489.37,19066.54,15.58,4959.22,40.17,5,12.58,Ammonia,672.4,0.0,0.0,12.51,312663.73
Tanker,102788.36,20747.15,13.98,10887.06,55.55,5,13.39,VLSFO,2378.71,7080.47,48.76,438.87,1170324.92
Bulk Carrier,46086.82,17295.06,15.61,7073.71,98.67,4,14.57,HFO,1631.32,5075.84,131.16,327.9,557423.75
Container,91956.81,55028.96,14.22,5189.5,94.54,3,14.23,VLSFO,3717.97,11066.92,76.22,685.97,1829243.04
Container,55496.44,26145.11,23.51,1548.72,43.59,3,11.81,HFO,187.87,584.54,15.1,37.76,64194.1
Container,138502.09,33386.12,20.78,4997.34,78.63,4,13.26,HFO,1423.85,4430.29,114.48,286.19,486530.89
Tanker,164851.97,44237.63,16.09,3332.87,80.37,6,13.73,LNG,1650.36,4499.65,0.0,80.21,842180.45
Container,112968.47,54112.82,17.14,5137.07,46.23,5,11.82,Hydrogen,2153.9,0.0,0.0,0.0,9046362.31
Bulk Carrier,42767.24,15042.77,12.1,6851.43,91.47,4,15.23,Methanol,1786.17,2399.27,0.0,28.44,533170.38
Bulk Carrier,74202.11,14718.74,11.09,1471.41,90.94,5,14.3,HFO,393.92,1225.68,31.67,79.18,134602.93
Container,111338.72,22269.73,15.45,3434.78,41.98,3,12.32,Hydrogen,478.97,0.0,0.0,0.0,2011691.13
Tanker,171981.96,42281.53,15.83,1573.72,31.45,3,11.35,Ammonia,359.99,0.0,0.0,6.7,167393.32
Bulk Carrier,77865.82,20425.38,14.36,6867.62,56.99,2,13.05,Ammonia,1223.09,0.0,0.0,22.75,568734.66
Tanker,158241.33,31907.62,14.01,5055.68,50.91,3,12.8,LNG,1322.15,3604.78,0.0,64.26,674691.45
Bulk Carrier,80084.23,11568.67,12.68,1466.35,45.8,3,11.88,LNG,135.45,369.3,0.0,6.58,69120.79
Bulk Carrier,48035.66,21631.14,15.44,3587.52,99.38,1,14.28,HFO,954.72,2970.61,76.76,191.9,326229.53
Bulk Carrier,88689.44,11514.31,13.8,6997.07,94.97,8,14.59,LNG,1282.17,3495.78,0.0,62.31,654289.61
Container,130501.21,28043.39,14.93,5127.08,47.97,4,12.86,VLSFO,1295.5,3856.19,26.56,239.02,637387.44
Bulk Carrier,91313.22,20963.32,11.73,10919.12,48.88,4,12.42,HFO,2626.77,8173.14,211.19,527.98,897566.67
Tanker,127440.79,22554.06,15.63,1459.37,50.71,5,12.24,Methanol,322.08,432.63,0.0,5.13,96139.74
Tanker,142380.36,37421.8,14.55,3507.9,47.82,4,11.95,LNG,996.88,2717.95,0.0,48.45,508707.49
Bulk Carrier,36821.63,18044.45,15.53,4938.96,34.77,4,12.16,Methanol,595.42,799.8,0.0,9.48,177734.3
Container,140459.45,31785.86,20.57,6660.03,43.88,2,12.13,Methanol,1232.78,1655.93,0.0,19.63,367983.65
Container,79432.86,21326.53,16.71,1490.54,58.25,3,12.48,HFO,249.84,777.38,20.09,50.22,85371.37
Bulk Carrier,41229.22,8053.27,12.87,7054.81,50.36,3,12.83,LNG,491.91,1341.17,0.0,23.91,251021.92
Tanker,151051.01,26055.7,15.75,7291.23,72.42,2,13.25,HFO,1841.92,5731.1,148.09,370.23,629384.67
Bulk Carrier,33457.46,17474.68,14.0,3585.28,85.22,4,13.85,Hydrogen,716.78,0.0,0.0,0.0,3010489.11
Bulk Carrier,79410.38,17300.15,14.64,4794.71,59.97,4,12.71,Methanol,951.67,1278.33,0.0,15.15,284074.42
Tanker,151701.93,33685.44,13.43,4825.14,49.77,3,13.07,VLSFO,1433.32,4266.41,29.38,264.45,705191.1
Container,125155.45,46288.46,20.71,11197.37,81.22,4,13.41,Ammonia,4359.31,0.0,0.0,81.08,2027079.25
Tanker,132257.52,40261.9,13.61,1445.04,56.42,4,12.84,HFO,588.75,1831.89,47.34,118.34,201176.87
Bulk Carrier,66020.58,24098.58,11.31,1482.27,45.37,2,11.81,HFO,324.46,1009.56,26.09,65.22,110869.17
Container,85497.06,28487.82,20.06,4868.51,36.76,4,12.0,VLSFO,752.32,2239.36,15.42,138.8,370142.73
Container,141602.82,26234.27,14.91,6862.92,60.07,4,12.51,Hydrogen,1642.4,0.0,0.0,0.0,6898097.11
Container,99034.96,50042.79,20.36,4797.87,50.33,7,12.06,VLSFO,1812.59,5395.36,37.16,334.42,891795.4
Container,126410.5,45027.53,20.25,1550.66,82.55,1,13.65,LNG,505.38,1377.89,0.0,24.56,257894.76
Bulk Carrier,61567.81,15088.6,14.69,5100.37,82.6,1,14.77,Methanol,912.72,1226.01,0.0,14.53,272447.58
Bulk Carrier,96962.3,12748.96,12.87,4795.22,62.95,5,13.01,Ammonia,733.27,0.0,0.0,13.64,340970.12
Tanker,155314.46,32713.25,14.12,11531.23,91.96,4,15.32,Hydrogen,4851.95,0.0,0.0,0.0,20378173.99
Bulk Carrier,42813.61,20133.43,15.88,4942.56,43.13,2,12.24,VLSFO,635.96,1892.99,13.04,117.33,312890.18
Tanker,199700.59,28081.06,12.47,1448.15,50.46,4,12.64,Ammonia,381.63,0.0,0.0,7.1,177456.77
Bulk Carrier,72396.2,23301.14,15.11,7292.89,76.72,2,14.23,VLSFO,1777.38,5290.55,36.44,327.93,874470.95
Bulk Carrier,52732.32,13649.45,12.36,11275.61,52.68,8,12.64,Methanol,2162.32,2904.54,0.0,34.42,645453.18
Tanker,186590.49,42177.9,14.88,1460.59,61.73,3,12.77,Ammonia,580.09,0.0,0.0,10.79,269739.66
Bulk Carrier,88618.62,11814.3,13.05,7120.67,32.14,3,11.65,Hydrogen,541.73,0.0,0.0,0.0,2275247.38
Tanker,116395.03,44062.71,13.51,4802.88,61.12,5,13.16,VLSFO,2430.99,7236.07,49.84,448.52,1196045.35
Tanker,142291.7,38129.19,12.57,6934.58,34.36,3,11.73,VLSFO,2070.69,6163.61,42.45,382.04,1018778.44
Tanker,196340.39,39049.8,16.52,7068.13,32.27,6,12.15,LNG,1645.46,4486.29,0.0,79.97,839679.12
Tanker,82513.96,25690.19,12.15,1455.03,87.53,5,14.78,Ammonia,546.93,0.0,0.0,10.17,254321.65
Tanker,132544.77,16145.77,14.59,1480.46,44.54,1,12.42,LNG,137.91,376.02,0.0,6.7,70377.61
Tanker,117573.79,15531.08,15.54,1467.3,63.37,3,13.09,VLSFO,195.99,583.38,4.02,36.16,96426.38
Bulk Carrier,56698.51,17614.13,12.49,3654.63,83.55,1,14.79,Methanol,913.36,1226.88,0.0,14.54,272639.18
Tanker,153858.86,38415.68,15.12,3506.58,99.0,5,15.01,Hydrogen,1833.27,0.0,0.0,0.0,7699728.79
Tanker,105448.0,26148.4,13.67,6676.4,79.78,1,14.62,Methanol,2197.67,2952.02,0.0,34.99,656005.19
Bulk Carrier,62181.42,22493.02,12.64,3343.72,75.01,4,13.79,Hydrogen,922.07,0.0,0.0,0.0,3872674.82
Tanker,111498.59,42617.31,16.11,6877.6,84.47,4,14.01,VLSFO,3425.18,10195.4,70.22,631.95,1685189.87
Tanker,127445.87,38210.48,16.78,10478.13,48.51,4,12.63,LNG,2577.7,7027.99,0.0,125.28,1315399.75
Bulk Carrier,88086.72,15861.52,14.49,1538.78,94.96,4,14.3,Hydrogen,307.64,0.0,0.0,0.0,1292091.73
Bulk Carrier,67783.02,23420.87,13.05,7061.5,94.64,5,14.99,VLSFO,2667.16,7939.07,54.68,492.09,1312242.99
Bulk Carrier,37414.41,14559.88,14.35,1425.25,42.03,4,12.07,Methanol,190.55,255.96,0.0,3.03,56879.18
Container,114126.72,52221.02,18.01,7039.87,58.54,3,12.69,Hydrogen,2619.07,0.0,0.0,0.0,11000073.3
Bulk Carrier,45099.09,20121.01,14.11,5074.24,91.78,3,14.08,Hydrogen,1336.31,0.0,0.0,0.0,5612490.02
Bulk Carrier,75715.06,13634.11,15.95,4900.53,97.24,3,14.5,Methanol,890.49,1196.15,0.0,14.18,265811.93
Tanker,88765.17,24570.74,13.05,5094.8,73.25,5,13.58,Ammonia,1671.36,0.0,0.0,31.09,777181.27
Container,90851.78,46469.16,17.31,5165.38,77.71,3,13.87,Methanol,2476.15,3326.08,0.0,39.42,739129.61
Tanker,168405.97,34487.27,16.96,3332.1,92.64,5,14.84,Ammonia,1374.36,0.0,0.0,25.56,639079.15
Bulk Carrier,62790.4,16856.48,15.99,10466.31,57.35,6,12.94,Ammonia,1714.85,0.0,0.0,31.9,797404.5
Tanker,142811.82,17059.57,12.76,11458.89,59.86,4,12.73,LNG,1898.1,5175.1,0.0,92.25,968600.87
Tanker,142495.45,39176.24,15.6,11245.15,83.78,5,14.12,Methanol,6316.81,8485.05,0.0,100.56,1885567.7
Tanker,98675.29,38986.37,14.65,10616.48,76.36,3,13.89,Hydrogen,4477.77,0.0,0.0,0.0,18806644.36
Bulk Carrier,86529.76,15498.57,14.28,6656.38,60.34,4,13.36,Methanol,1219.74,1638.41,0.0,19.42,364091.43
Tanker,159082.37,37543.7,14.48,7087.74,38.92,2,11.66,Methanol,1967.8,2643.25,0.0,31.33,587388.15
Bulk Carrier,93062.01,14146.35,12.68,3564.06,81.67,1,13.98,LNG,556.65,1517.68,0.0,27.05,284058.26
Container,122719.35,37493.91,19.92,3346.8,55.06,3,12.69,Hydrogen,797.11,0.0,0.0,0.0,3347882.4
Container,105771.32,32580.61,19.97,6768.85,80.62,4,14.25,Ammonia,1850.59,0.0,0.0,34.42,860526.64
Bulk Carrier,41293.02,15432.38,11.15,11007.36,59.26,4,12.43,Methanol,2315.84,3110.75,0.0,36.87,691278.38
Bulk Carrier,59014.26,17475.25,13.67,5212.3,51.53,5,12.48,HFO,868.73,2703.03,69.85,174.61,296844.84
Tanker,110725.91,18218.19,12.35,4973.1,87.15,4,13.77,VLSFO,1373.88,4089.48,28.16,253.48,675947.49
Container,123941.39,41438.54,15.59,1563.39,63.41,1,12.69,Hydrogen,566.8,0.0,0.0,0.0,2380578.64
Bulk Carrier,54932.96,22870.89,13.29,3445.2,35.8,4,12.11,HFO,568.15,1767.78,45.68,114.2,194135.89
Bulk Carrier,94935.24,24548.31,15.27,5079.03,68.14,4,13.72,Hydrogen,1238.55,0.0,0.0,0.0,5201904.89
Container,88664.02,52122.58,23.22,3538.07,85.37,5,14.65,Hydrogen,1449.13,0.0,0.0,0.0,6086329.31
Container,124513.75,50462.38,15.56,1456.26,48.65,1,12.45,VLSFO,501.19,1491.83,10.27,92.47,246583.05
Tanker,99508.18,36899.31,15.99,1570.24,53.63,4,12.43,Ammonia,467.54,0.0,0.0,8.7,217407.42
Bulk Carrier,79924.75,16517.42,13.46,3423.52,52.87,1,13.22,VLSFO,469.66,1397.98,9.63,86.65,231070.51
Bulk Carrier,46514.7,15203.81,15.64,10601.92,66.56,4,13.34,Methanol,1757.12,2360.25,0.0,27.97,524498.95
Bulk Carrier,56386.56,23288.25,14.42,7160.1,54.33,4,13.16,Methanol,1708.57,2295.04,0.0,27.2,510008.47
Tanker,100849.67,16204.77,14.24,3458.73,48.78,5,11.9,HFO,499.41,1553.9,40.15,100.38,170648.22
Container,90029.78,53665.49,16.82,10810.25,31.35,5,12.1,HFO,3444.18,10716.51,276.91,692.28,1176878.0
Tanker,130614.8,20736.33,14.86,5083.72,34.12,1,12.22,VLSFO,601.17,1789.44,12.32,110.92,295774.45
Tanker,186871.79,30902.57,13.86,6837.04,43.12,5,12.11,HFO,1851.19,5759.94,148.84,372.09,632551.84
Container,92333.23,28150.12,22.42,7160.33,87.26,4,14.12,VLSFO,1768.9,5265.31,36.26,326.36,870298.93
Tanker,151432.65,16596.36,14.52,3519.65,83.46,2,13.52,LNG,576.04,1570.56,0.0,28.0,293955.0
Tanker,117737.68,26767.16,16.73,6799.89,36.26,5,11.35,Ammonia,1130.08,0.0,0.0,21.02,525487.56
Tanker,199997.14,29427.13,15.94,10764.66,36.97,5,11.52,VLSFO,2214.29,6591.05,45.39,408.54,1089429.39
Bulk Carrier,56015.61,19851.48,15.45,5237.67,96.59,5,15.53,Ammonia,1353.19,0.0,0.0,25.17,629233.29
Container,132800.47,32319.26,21.22,10478.66,97.76,4,15.12,Ammonia,2857.52,0.0,0.0,53.15,1328746.6
Tanker,137271.5,29197.52,12.68,4885.36,71.87,4,13.62,LNG,1671.09,4556.17,0.0,81.22,852759.78
Tanker,95500.7,35862.38,14.3,3325.41,30.86,2,11.72,HFO,683.81,2127.67,54.98,137.45,233659.14
Container,79211.4,47516.22,17.22,7002.6,57.78,4,13.18,Ammonia,2535.29,0.0,0.0,47.16,1178908.06
Bulk Carrier,99486.2,10547.37,11.9,4965.92,63.44,5,13.21,VLSFO,674.64,2008.13,13.83,124.47,331921.94
Tanker,121614.69,39403.03,13.15,7111.06,77.89,2,14.12,Methanol,3730.04,5010.37,0.0,59.38,1113416.27
Container,90281.99,54614.49,21.38,1512.08,77.15,5,13.61,VLSFO,742.75,2210.88,15.23,137.04,365435.43
Bulk Carrier,41292.46,10645.23,14.04,6678.11,42.45,7,12.59,VLSFO,668.41,1989.58,13.7,123.32,328856.79
Tanker,155426.98,17015.93,13.18,3523.19,74.21,6,14.06,VLSFO,897.93,2672.78,18.41,165.67,441781.39
Bulk Carrier,89995.69,17684.67,11.04,10480.2,43.1,5,12.11,Hydrogen,1880.68,0.0,0.0,0.0,7898842.35
Bulk Carrier,80995.49,12391.8,11.74,3654.14,67.89,5,13.82,LNG,568.59,1550.23,0.0,27.63,290149.88
Container,134792.63,24725.01,23.93,4801.86,32.96,1,12.22,Ammonia,395.49,0.0,0.0,7.36,183904.72
Bulk Carrier,97639.98,21197.69,12.94,11454.7,33.89,4,11.74,LNG,1666.85,4544.6,0.0,81.01,850593.6
Container,55608.99,27597.55,23.11,1525.72,49.76,1,12.17,Methanol,217.74,292.48,0.0,3.47,64995.55
Bulk Carrier,82475.74,22960.49,12.25,10676.98,76.75,4,13.58,LNG,3172.2,8648.88,0.0,154.17,1618774.42
Tanker,136994.41,22287.55,14.56,5096.38,57.23,4,13.47,Methanol,1218.06,1636.16,0.0,19.39,363590.19
Container,58173.54,37409.98,17.84,4995.53,98.37,3,15.63,LNG,1838.89,5013.66,0.0,89.37,938386.08
Bulk Carrier,62697.21,19086.93,11.96,10661.06,71.93,3,14.18,Ammonia,2535.73,0.0,0.0,47.16,1179114.23
Tanker,184952.73,43063.56,12.37,1568.54,55.81,4,12.82,LNG,718.97,1960.24,0.0,34.94,366889.23
Bulk Carrier,60023.16,8584.08,14.39,1561.21,76.64,5,14.51,Hydrogen,164.47,0.0,0.0,0.0,690758.28
Container,73721.47,45245.26,17.15,1548.6,40.26,5,11.46,Hydrogen,468.79,0.0,0.0,0.0,1968910.98
Bulk Carrier,78552.88,11832.49,11.32,10764.24,58.63,5,12.61,LNG,1486.07,4051.71,0.0,72.22,758341.6
Tanker,126734.35,20946.58,13.03,5032.24,38.0,2,12.32,VLSFO,756.07,2250.51,15.5,139.49,371985.0
Container,75169.53,40383.09,16.29,10602.7,32.37,4,12.12,Hydrogen,2418.13,0.0,0.0,0.0,10156149.42
Tanker,168022.09,33617.04,15.65,10854.17,39.44,2,11.72,VLSFO,2329.47,6933.89,47.75,429.79,1146097.43
Container,102253.6,20936.67,16.27,10564.99,43.17,5,11.69,Methanol,1859.84,2498.22,0.0,29.61,555160.96
Tanker,187976.78,27381.9,16.54,3445.78,74.85,1,13.55,VLSFO,876.6,2609.28,17.97,161.73,431286.05
Bulk Carrier,47050.99,23099.94,11.78,1456.71,80.44,4,14.28,VLSFO,526.01,1565.72,10.78,97.05,258797.39
Bulk Carrier,37364.44,24137.19,11.31,1521.79,88.18,4,14.7,Hydrogen,580.58,0.0,0.0,0.0,2438446.13
Bulk Carrier,70914.99,11372.15,15.27,5027.25,75.81,5,14.05,LNG,634.22,1729.18,0.0,30.82,323642.96
Tanker,170898.64,40247.56,16.99,5061.39,87.68,3,14.55,HFO,2170.75,6754.24,174.53,436.32,741744.57
Container,105581.45,49286.58,20.09,7173.03,34.24,4,11.36,HFO,1706.32,5309.17,137.19,342.97,583048.26
Bulk Carrier,68149.35,13134.84,12.49,7138.06,55.38,2,12.4,Ammonia,834.52,0.0,0.0,15.52,388050.97
Tanker,176933.55,17609.32,14.68,7141.96,47.83,4,12.44,Methanol,1152.44,1548.02,0.0,18.35,344003.96
Tanker,137864.89,18439.42,15.76,7347.78,58.15,3,13.3,Hydrogen,1146.53,0.0,0.0,0.0,4815431.24
Container,122231.44,31370.01,15.57,6914.63,79.85,3,14.47,Hydrogen,2156.63,0.0,0.0,0.0,9057843.22
Bulk Carrier,90178.5,16541.06,11.25,1511.32,68.28,6,13.89,Hydrogen,401.38,0.0,0.0,0.0,1685808.96
Tanker,124832.13,38778.47,14.7,10504.3,44.54,1,11.75,Hydrogen,2746.34,0.0,0.0,0.0,11534607.66
Bulk Carrier,55632.06,18365.5,11.94,5207.46,42.6,3,12.71,HFO,857.91,2669.38,68.98,172.44,293148.58
Tanker,182097.36,37125.78,16.44,11328.23,62.35,4,13.54,LNG,3452.2,9412.29,0.0,167.78,1761659.08
Container,53150.38,50470.78,20.53,10743.8,72.11,4,13.0,VLSFO,4521.04,13457.33,92.68,834.13,2224351.97
Tanker,103634.15,43972.44,12.97,3460.33,67.63,2,13.05,VLSFO,1655.17,4926.79,33.93,305.38,814345.15
Bulk Carrier,99626.0,9794.26,12.24,1557.77,53.23,5,13.26,HFO,188.69,587.11,15.17,37.93,64475.87
Bulk Carrier,49854.81,11281.7,12.48,7050.33,44.31,3,12.63,Hydrogen,663.23,0.0,0.0,0.0,2785580.14
Bulk Carrier,93377.79,12249.92,15.15,1567.85,67.85,3,13.26,Ammonia,178.62,0.0,0.0,3.32,83056.07
Bulk Carrier,38311.82,15039.81,15.47,4999.5,76.16,2,13.18,VLSFO,703.22,2093.2,14.42,129.74,345983.31
Tanker,183405.97,15943.25,12.93,5000.04,59.8,4,12.49,Methanol,1000.33,1343.69,0.0,15.93,298598.73
Container,90679.64,51053.22,17.47,3409.11,68.38,8,13.98,VLSFO,1966.53,5853.57,40.31,362.82,967531.92
Tanker,176851.37,15690.19,12.65,3437.42,37.94,4,11.34,LNG,417.96,1139.54,0.0,20.31,213283.44
Tanker,90458.14,43960.27,15.22,6713.35,61.67,4,13.49,VLSFO,2712.84,8075.03,55.61,500.52,1334715.64
Tanker,127841.89,40702.74,13.65,1573.42,45.57,4,12.13,Methanol,626.59,841.67,0.0,9.98,187038.38
Container,68094.44,38872.37,16.85,6767.91,56.21,1,13.41,Methanol,1997.94,2683.73,0.0,31.81,596385.26
Bulk Carrier,74854.68,17718.37,14.55,10642.88,98.99,3,15.32,HFO,2453.93,7635.36,197.3,493.24,838508.5
Tanker,131823.36,34805.07,16.53,5161.15,70.32,4,13.1,Hydrogen,1709.81,0.0,0.0,0.0,7181214.29
Tanker,132125.92,24402.91,13.9,3486.95,32.28,3,11.79,Hydrogen,510.18,0.0,0.0,0.0,2142764.29
Bulk Carrier,83778.97,24683.15,11.32,10944.76,37.23,3,11.9,Hydrogen,2272.62,0.0,0.0,0.0,9545009.89
Container,109199.91,36087.04,23.07,3352.01,47.86,4,12.48,Hydrogen,645.62,0.0,0.0,0.0,2711601.92
Container,101994.37,23743.18,19.6,7108.69,65.0,4,13.86,VLSFO,1396.32,4156.29,28.62,257.62,686989.82
Container,67699.64,37551.57,15.47,5002.07,93.55,4,14.82,HFO,2373.17,7384.08,190.8,477.01,810912.85
Bulk Carrier,37738.22,12646.25,12.04,7025.93,56.06,5,12.65,HFO,1179.34,3669.49,94.82,237.05,402980.49
Tanker,119282.21,32698.73,13.8,1456.47,63.54,4,13.81,Ammonia,480.61,0.0,0.0,8.94,223485.66
Bulk Carrier,36238.18,14416.48,14.1,7273.09,77.95,4,14.19,Ammonia,1274.12,0.0,0.0,23.7,592467.02
Bulk Carrier,88585.4,17285.55,11.17,5025.72,88.84,4,14.01,HFO,1457.05,4533.58,117.15,292.87,497873.76
Tanker,134077.9,31019.84,12.02,4771.81,96.37,4,14.3,VLSFO,2620.43,7799.96,53.72,483.47,1289249.36
Tanker,170473.85,21668.96,16.8,3635.47,94.16,4,14.63,LNG,842.86,2298.02,0.0,40.96,430110.72
Bulk Carrier,79937.04,22562.66,12.99,7138.73,46.73,4,12.91,LNG,1309.88,3571.34,0.0,63.66,668432.99
Bulk Carrier,85208.37,15799.28,11.08,6991.43,51.68,6,13.17,Ammonia,1416.02,0.0,0.0,26.34,658451.33
Tanker,115361.56,35565.25,15.39,1516.59,96.76,5,14.77,Hydrogen,724.37,0.0,0.0,0.0,3042372.82
Container,146938.6,31718.84,18.87,10829.46,45.84,1,12.08,LNG,1718.04,4684.17,0.0,83.5,876716.5
Container,124935.24,21950.04,18.38,7247.39,93.15,5,14.68,HFO,1739.65,5412.87,139.87,349.67,594437.13
Bulk Carrier,86399.91,9544.83,15.63,10827.84,89.61,4,15.2,HFO,1253.28,3899.55,100.76,251.91,428245.58
Container,149772.04,55056.51,20.05,6959.36,80.01,2,13.72,Ammonia,2809.69,0.0,0.0,52.26,1306505.17
Tanker,154826.5,34595.68,12.03,11001.51,76.65,4,13.81,Ammonia,4746.52,0.0,0.0,88.29,2207131.84
Container,106724.12,33768.35,23.37,3333.34,86.74,5,14.69,Hydrogen,970.71,0.0,0.0,0.0,4076992.81
Tanker,181981.31,40604.4,13.97,4970.33,32.49,1,11.44,Methanol,1349.11,1812.19,0.0,21.48,402707.96
Tanker,162207.95,40789.93,16.99,6930.4,83.19,3,14.04,HFO,2692.47,8377.57,216.47,541.19,920017.08
Tanker,125051.0,31422.6,13.45,1485.44,30.76,5,11.63,VLSFO,340.38,1013.18,6.98,62.8,167467.96
Bulk Carrier,94236.39,22766.71,12.09,3382.81,77.49,1,13.72,HFO,995.88,3098.65,80.07,200.17,340290.75
Bulk Carrier,96877.73,17719.23,13.44,4986.68,34.38,4,11.77,VLSFO,681.81,2029.47,13.98,125.79,335449.39
Bulk Carrier,48940.15,10583.3,11.97,6651.58,39.31,8,11.54,VLSFO,810.15,2411.49,16.61,149.47,398593.97
Bulk Carrier,40990.56,22250.57,13.22,1456.15,31.46,1,12.11,Ammonia,196.89,0.0,0.0,3.66,91551.8
Container,56986.26,21774.41,19.68,5004.71,36.33,4,12.1,LNG,535.21,1459.24,0.0,26.01,273120.16
Tanker,96009.08,21790.31,14.08,4974.38,68.06,3,13.74,HFO,1192.81,3711.4,95.9,239.75,407582.54
Container,120683.63,40447.58,22.56,10636.94,31.4,4,11.65,LNG,1556.39,4243.44,0.0,75.64,794226.6
Container,77726.87,56138.31,14.43,4773.2,75.2,3,13.74,VLSFO,2816.68,8384.14,57.74,519.68,1385807.66
Tanker,160318.51,37168.32,12.09,4889.45,89.31,4,14.56,VLSFO,2985.27,8885.96,61.2,550.78,1468754.54
Bulk Carrier,43149.85,11454.2,12.58,5094.47,58.68,5,12.37,Hydrogen,678.42,0.0,0.0,0.0,2849347.3
Bulk Carrier,46049.82,21252.47,14.34,6902.0,61.42,3,13.55,LNG,1250.02,3408.13,0.0,60.75,637884.56
Container,143644.84,24284.19,23.12,1521.06,42.5,8,11.97,Methanol,242.1,325.2,0.0,3.85,72267.39
Container,113060.58,53347.21,23.32,1440.28,94.27,2,14.67,Methanol,675.95,907.97,0.0,10.76,201771.16
Tanker,136606.11,25901.41,13.32,1465.94,92.71,4,14.4,Ammonia,530.28,0.0,0.0,9.86,246581.65
Tanker,187832.31,42375.6,13.54,1428.03,81.5,4,14.07,Ammonia,735.86,0.0,0.0,13.69,342174.35
Bulk Carrier,89786.92,12800.17,12.13,7325.76,75.92,7,13.82,VLSFO,1513.41,4504.81,31.02,279.22,744597.5
Bulk Carrier,78838.76,9718.53,13.68,7140.62,37.05,5,11.96,VLSFO,554.04,1649.16,11.36,102.22,272587.76
Container,63563.88,46609.93,20.68,3491.94,38.95,4,12.22,HFO,847.37,2636.58,68.13,170.32,289547.05
Container,148066.28,20047.71,23.66,3666.67,51.21,3,12.49,Methanol,459.7,617.49,0.0,7.32,137219.47
Tanker,126123.36,15403.07,16.38,7160.57,84.26,6,14.41,Methanol,1442.01,1936.98,0.0,22.96,430440.86
Bulk Carrier,37197.86,23177.49,12.04,5119.92,80.47,4,14.36,Methanol,2142.69,2878.17,0.0,34.11,639594.14
Tanker,169664.64,31623.43,16.1,4854.66,92.42,2,14.33,VLSFO,1760.68,5240.83,36.09,324.84,866253.31
Bulk Carrier,42781.55,22933.42,13.88,4752.54,42.38,3,12.24,LNG,725.53,1978.14,0.0,35.26,370240.07
Tanker,141452.0,33736.22,12.89,5097.29,80.72,5,14.53,LNG,2218.85,6049.6,0.0,107.84,1132278.92
Container,129245.87,56829.39,20.35,4846.49,88.04,4,13.88,LNG,2371.92,6466.95,0.0,115.28,1210390.91
Tanker,166733.16,36743.18,15.81,1452.95,82.18,4,14.56,LNG,548.6,1495.75,0.0,26.66,279952.33
Bulk Carrier,57157.21,18890.64,13.7,10701.22,68.3,3,13.39,Hydrogen,2285.78,0.0,0.0,0.0,9600293.43
Tanker,120661.44,43660.6,12.31,1430.39,60.58,6,13.51,LNG,689.1,1878.8,0.0,33.49,351647.32
Container,119672.14,20736.42,16.86,4845.52,49.31,5,13.09,LNG,703.67,1918.52,0.0,34.2,359081.8
Container,76353.0,39432.87,23.15,6953.15,74.92,4,14.3,Hydrogen,1769.33,0.0,0.0,0.0,7431203.73
Container,90064.98,42961.42,17.13,3418.03,43.22,2,12.27,VLSFO,953.41,2837.91,19.54,175.9,469075.4
Container,121526.18,38170.79,18.31,1557.58,49.17,3,12.49,Hydrogen,374.56,0.0,0.0,0.0,1573136.63
Bulk Carrier,38326.73,13351.87,15.26,11364.76,62.89,5,13.64,Ammonia,1467.55,0.0,0.0,27.3,682412.53
Bulk Carrier,91965.26,23491.55,14.12,5020.25,65.81,2,13.9,Hydrogen,1185.99,0.0,0.0,0.0,4981138.33
Bulk Carrier,38436.97,10645.4,12.04,3389.83,51.23,4,12.08,LNG,344.42,939.05,0.0,16.74,175758.7
Bulk Carrier,67526.81,19378.14,11.08,5122.61,75.6,1,14.43,Methanol,1521.03,2043.12,0.0,24.21,454026.3
Tanker,147059.47,21786.37,15.05,7214.26,50.63,3,11.96,Hydrogen,1197.3,0.0,0.0,0.0,5028659.45
Container,145392.6,43550.21,21.77,1481.35,41.61,4,11.72,Hydrogen,312.35,0.0,0.0,0.0,1311858.21
Container,116104.86,28755.33,19.78,7321.0,82.79,4,13.65,LNG,1747.63,4764.84,0.0,84.93,891814.16
Bulk Carrier,62005.88,12577.24,11.58,4790.57,42.74,3,11.54,Ammonia,500.3,0.0,0.0,9.31,232637.7
Tanker,189136.57,44381.34,16.68,11448.1,78.0,3,13.71,Methanol,5767.59,7747.31,0.0,91.82,1721624.81
Container,115016.82,30249.71,18.14,6958.23,67.67,5,12.77,HFO,2080.41,6473.15,167.26,418.16,710876.0
Tanker,110900.83,27827.86,15.68,1478.24,33.33,3,11.68,HFO,236.2,734.92,18.99,47.48,80708.62
Tanker,186263.01,18772.05,15.92,10970.21,72.21,4,13.89,Hydrogen,2021.74,0.0,0.0,0.0,8491298.34
Bulk Carrier,91189.78,12730.83,11.66,1554.36,72.84,5,14.2,Ammonia,280.33,0.0,0.0,5.21,130353.0
Tanker,106082.21,44580.9,16.18,10877.56,55.75,4,13.3,LNG,3556.89,9697.71,0.0,172.86,1815080.23
Container,114820.15,33423.41,23.52,10643.26,40.91,5,11.48,Hydrogen,1687.23,0.0,0.0,0.0,7086355.31
Container,116260.26,24563.07,22.62,3385.8,88.75,1,14.79,Ammonia,555.68,0.0,0.0,10.34,258390.29
Container,80774.05,34917.6,18.12,1535.82,64.83,2,12.62,Methanol,468.05,628.71,0.0,7.45,139712.82
Container,142105.4,58293.2,18.91,4784.66,79.17,4,13.48,Methanol,2784.15,3739.81,0.0,44.32,831068.39
Tanker,164729.16,17944.93,13.41,3425.53,67.82,4,12.82,LNG,617.23,1682.85,0.0,30.0,314971.77
Bulk Carrier,98168.6,15953.69,11.95,11208.26,95.5,4,14.27,LNG,2449.3,6677.93,0.0,119.04,1249879.54
Container,135142.28,22752.67,21.27,3656.89,49.9,4,12.31,VLSFO,472.28,1405.8,9.68,87.14,232364.07
Container,123890.3,35959.4,19.55,3665.83,67.54,1,13.07,HFO,975.35,3034.77,78.42,196.04,333275.6
Container,74690.87,37765.12,22.12,3497.62,71.46,6,13.49,LNG,922.62,2515.48,0.0,44.84,470811.0
Bulk Carrier,59391.47,20070.14,12.19,11540.98,60.03,6,13.06,HFO,3269.36,10172.54,262.86,657.14,1117139.58
Container,53585.71,21328.37,21.83,11178.93,80.76,4,14.28,Methanol,2284.99,3069.31,0.0,36.38,682069.85
Container,126796.11,37908.59,17.55,1500.08,63.04,3,13.23,LNG,399.04,1087.97,0.0,19.39,203631.12
Container,76693.66,24565.34,17.95,3432.93,81.77,2,13.77,LNG,735.76,2006.02,0.0,35.76,375458.94
Container,127844.11,45084.03,17.91,1501.73,40.08,3,11.82,Ammonia,355.44,0.0,0.0,6.61,165279.09
Tanker,165620.92,20838.07,12.12,7263.05,52.93,7,13.0,HFO,1923.66,5985.44,154.66,386.66,657316.03
Container,148707.79,54039.86,14.04,4918.38,85.79,6,14.04,VLSFO,4145.26,12338.77,84.98,764.8,2039466.32
Container,75814.76,38561.46,18.21,5206.25,34.47,4,11.53,VLSFO,1075.71,3201.97,22.05,198.47,529250.55
Container,119090.84,42529.04,21.45,6656.21,64.29,3,13.0,Ammonia,1768.76,0.0,0.0,32.9,822471.84
Tanker,104919.74,18406.55,16.68,1531.47,56.94,4,13.48,Methanol,260.97,350.55,0.0,4.15,77898.92
Bulk Carrier,38334.99,16407.58,13.93,6693.03,90.58,2,15.2,Methanol,1654.01,2221.75,0.0,26.33,493722.78
Container,80841.3,35668.9,22.49,1489.4,68.4,5,13.31,HFO,373.36,1161.71,30.02,75.05,127577.88
Tanker,144358.3,19834.44,12.96,10484.0,47.76,5,12.55,Hydrogen,2084.73,0.0,0.0,0.0,8755848.21
Tanker,119017.06,22140.1,15.9,7209.79,71.24,3,13.33,Ammonia,1518.34,0.0,0.0,28.24,706030.35
Bulk Carrier,78977.58,9649.9,13.15,4979.15,46.55,1,12.24,HFO,407.93,1269.27,32.8,81.99,139390.18
Container,64076.78,54572.87,16.74,5096.38,63.03,2,13.24,HFO,2318.59,7214.25,186.41,466.04,792262.91
Tanker,100562.44,29482.4,13.03,4823.22,45.26,5,12.13,Hydrogen,1385.62,0.0,0.0,0.0,5819623.81
Container,121652.83,36127.05,23.26,1425.51,64.91,3,13.2,HFO,326.52,1015.96,26.25,65.63,111571.81
Bulk Carrier,47728.49,13244.38,14.2,6864.03,96.87,4,14.35,Hydrogen,1261.43,0.0,0.0,0.0,5297999.74
Bulk Carrier,49546.2,24054.64,13.23,1544.34,31.71,3,11.73,HFO,229.37,713.67,18.44,46.1,78374.5
Bulk Carrier,78009.68,12812.7,13.58,10584.9,93.89,6,14.1,HFO,2354.68,7326.55,189.32,473.29,804595.18
Tanker,111080.7,43339.28,15.64,3398.2,69.48,3,13.23,Hydrogen,1340.18,0.0,0.0,0.0,5628740.43
Bulk Carrier,95362.45,12136.7,11.12,10474.42,36.79,4,12.29,Methanol,1245.12,1672.51,0.0,19.82,371667.98
Tanker,179011.86,15141.25,15.64,6888.76,53.11,2,12.65,Methanol,892.66,1199.06,0.0,14.21,266458.74
Tanker,146287.38,24569.45,13.18,1456.71,75.26,3,13.82,Hydrogen,415.87,0.0,0.0,0.0,1746667.18
Bulk Carrier,70950.26,15619.8,13.96,6800.86,93.25,4,13.98,LNG,1269.19,3460.39,0.0,61.68,647666.23
Bulk Carrier,52399.74,20456.39,13.65,10710.32,34.51,5,11.19,VLSFO,1691.84,5035.93,34.68,312.14,832384.54
Tanker,83966.55,41838.39,16.19,10494.45,88.86,6,13.97,LNG,5250.68,14315.78,0.0,255.18,2679423.4
Bulk Carrier,64994.93,15680.43,15.0,10837.23,78.34,4,14.6,Methanol,2127.66,2857.98,0.0,33.87,635106.95
Container,102430.34,48758.75,17.81,4952.28,32.63,5,11.92,Methanol,1429.73,1920.49,0.0,22.76,426775.87
Tanker,85813.91,28496.98,15.12,11258.07,51.33,5,12.27,Hydrogen,2695.57,0.0,0.0,0.0,11321414.22
Bulk Carrier,68188.49,9222.1,14.17,10802.16,95.91,1,14.51,VLSFO,1179.17,3509.93,24.17,217.56,580152.92
Tanker,191847.12,16611.49,12.58,6847.8,96.13,4,14.67,HFO,1881.05,5852.83,151.24,378.09,642753.1
Container,106121.89,41001.33,14.59,4789.37,32.54,5,11.12,HFO,1281.27,3986.65,103.01,257.54,437809.91
Container,136152.13,32475.21,17.44,4839.3,54.45,4,12.65,Hydrogen,1152.23,0.0,0.0,0.0,4839375.07
Tanker,120706.25,43516.71,14.0,5103.04,76.07,2,13.2,Methanol,2703.11,3630.96,0.0,43.03,806879.69
Bulk Carrier,68688.99,22016.75,13.42,3410.08,37.32,3,11.31,Methanol,629.1,845.04,0.0,10.02,187787.26
Container,71860.96,37559.21,15.67,7263.68,63.9,1,12.79,LNG,1984.03,5409.38,0.0,96.42,1012450.23
Tanker,105227.08,32628.24,13.47,10546.72,67.69,5,13.4,VLSFO,4200.43,12502.99,86.11,774.98,2066609.69
Bulk Carrier,79965.69,20828.23,13.61,3576.98,92.95,6,15.13,Methanol,1413.43,1898.59,0.0,22.5,421908.85
Container,104532.01,33988.91,20.33,1430.11,54.9,3,12.53,Methanol,373.59,501.83,0.0,5.95,111517.59
Tanker,156654.61,28153.28,14.33,10528.77,33.64,4,12.18,Ammonia,1786.72,0.0,0.0,33.23,830826.28
Container,138198.41,47805.53,17.59,7016.88,83.73,5,13.61,VLSFO,3531.7,10512.44,72.4,651.6,1737594.14
Container,124051.24,22622.57,23.14,10775.02,95.38,4,14.07,LNG,1888.37,5148.56,0.0,91.77,963634.64
Bulk Carrier,32196.68,24678.38,14.12,4911.3,61.2,4,12.92,Methanol,1347.76,1810.38,0.0,21.46,402306.85
Tanker,104248.62,26782.28,13.8,10823.06,40.44,5,11.49,Methanol,2797.52,3757.76,0.0,44.54,835058.8
Container,51548.23,23804.57,19.3,1466.52,66.81,4,12.99,Methanol,316.8,425.54,0.0,5.04,94564.32
Bulk Carrier,87036.18,13337.33,12.49,7302.65,37.55,2,11.77,Hydrogen,684.04,0.0,0.0,0.0,2872958.05
Bulk Carrier,70333.18,17046.74,15.11,1495.21,68.18,4,13.05,LNG,238.35,649.84,0.0,11.58,121628.14
Bulk Carrier,55638.6,10634.3,15.16,3486.09,55.33,5,12.84,VLSFO,330.6,984.06,6.78,61.0,162654.05
Tanker,145978.49,18435.28,16.98,4825.76,89.76,3,14.98,LNG,829.13,2260.6,0.0,40.3,423106.45
Tanker,109711.12,33518.7,12.5,6711.25,98.05,1,14.51,Methanol,3896.52,5234.0,0.0,62.03,1163112.21
Container,69747.06,31650.93,15.92,11299.69,39.34,3,12.2,Hydrogen,2215.94,0.0,0.0,0.0,9306941.99
Bulk Carrier,47551.52,20941.29,12.04,10956.52,57.32,3,13.01,LNG,2094.15,5709.61,0.0,101.78,1068643.49
Container,112432.48,42207.85,20.65,11169.71,40.79,4,11.67,VLSFO,2660.52,7919.32,54.54,490.87,1308977.83
Container,50366.32,43033.26,20.56,5072.66,61.87,3,12.66,Methanol,1738.74,2335.56,0.0,27.68,519012.6
Container,86903.85,51030.75,16.98,3416.83,61.7,3,13.65,Ammonia,1327.2,0.0,0.0,24.69,617147.7
Tanker,183236.71,32518.83,14.78,1546.27,56.16,2,13.2,Ammonia,421.4,0.0,0.0,7.84,195953.05
Bulk Carrier,42905.2,19831.67,15.33,3350.05,83.49,5,14.1,Hydrogen,738.15,0.0,0.0,0.0,3100233.12
Tanker,172086.52,21474.77,13.78,5124.98,85.39,8,13.85,LNG,1543.64,4208.68,0.0,75.02,787720.08
Tanker,149630.47,23204.88,13.97,4896.01,53.72,4,12.07,Ammonia,1046.45,0.0,0.0,19.46,486601.27
Tanker,110968.34,28324.84,13.49,3384.52,63.92,3,13.29,Methanol,1192.24,1601.48,0.0,18.98,355884.72
Container,67683.88,21843.25,18.72,11419.46,65.96,4,12.75,Ammonia,1998.03,0.0,0.0,37.16,929085.79
Tanker,94824.75,26687.99,14.39,11123.36,67.33,4,13.96,Methanol,3612.31,4852.24,0.0,57.51,1078276.03
Tanker,154611.13,21238.22,12.16,7259.52,48.22,5,12.25,VLSFO,1607.81,4785.82,32.96,296.64,791044.96
Tanker,188414.97,15628.53,16.91,4797.3,91.48,5,14.61,Methanol,980.54,1317.11,0.0,15.61,292691.24
Container,119949.16,25360.67,16.78,6715.25,49.07,2,11.85,HFO,1236.98,3848.85,99.45,248.63,422676.79
Bulk Carrier,57919.69,9937.16,11.49,4994.21,93.87,3,14.9,Ammonia,746.44,0.0,0.0,13.88,347096.78
Bulk Carrier,34843.38,9057.11,15.77,1503.73,30.69,4,11.43,LNG,71.88,195.99,0.0,3.49,36682.38
Bulk Carrier,78921.72,16027.63,11.88,6679.98,31.37,5,11.22,VLSFO,891.37,2653.26,18.27,164.46,438554.91
Bulk Carrier,89388.52,18665.53,13.57,3630.4,82.82,2,14.09,VLSFO,841.14,2503.74,17.24,155.19,413842.08
Container,120374.5,32543.71,18.0,3499.78,33.04,4,11.27,VLSFO,648.34,1929.85,13.29,119.62,318983.31
Bulk Carrier,65109.77,21317.06,15.55,1538.08,56.64,4,13.2,Methanol,352.05,472.89,0.0,5.6,105087.35
Tanker,124185.3,40977.02,12.81,3481.99,92.49,4,14.98,Ammonia,2140.81,0.0,0.0,39.82,995475.64
Container,101350.66,36595.84,17.68,1497.64,94.74,5,14.5,LNG,607.29,1655.74,0.0,29.51,309898.23
Tanker,108872.37,16307.5,14.96,1466.53,85.82,4,14.05,Methanol,331.96,445.9,0.0,5.28,99089.09
Bulk Carrier,40996.05,17918.03,12.27,4793.45,94.74,6,14.76,Hydrogen,1519.69,0.0,0.0,0.0,6382716.46
Container,142274.8,33890.34,17.09,11277.39,88.59,4,14.58,VLSFO,4507.33,13416.53,92.4,831.6,2217608.75
Tanker,103796.54,34116.25,14.45,5050.13,99.41,4,15.27,LNG,2301.32,6274.46,0.0,111.84,1174363.76
Container,135948.25,30371.24,19.05,3589.94,57.57,3,13.26,LNG,692.5,1888.08,0.0,33.66,353384.73
Bulk Carrier,79948.74,9992.2,11.61,3383.28,96.33,5,15.07,HFO,671.74,2090.09,54.01,135.02,229532.21
Bulk Carrier,60818.85,16609.91,11.8,10971.77,47.14,1,11.92,Hydrogen,1617.86,0.0,0.0,0.0,6795025.05
Container,94578.29,52139.39,17.45,5170.85,82.64,3,13.84,VLSFO,2652.41,7895.17,54.37,489.37,1304986.26
Tanker,198296.91,38158.47,12.41,11247.45,86.99,4,14.64,Hydrogen,6214.9,0.0,0.0,0.0,26102564.13
Bulk Carrier,68196.7,24320.87,13.29,4783.56,89.55,5,14.86,Hydrogen,1688.27,0.0,0.0,0.0,7090720.83
Bulk Carrier,84591.46,16562.98,11.97,3549.09,69.03,4,13.49,VLSFO,762.58,2269.9,15.63,140.7,375189.75
Bulk Carrier,69100.22,17998.55,13.79,1463.49,89.96,5,15.05,Methanol,424.07,569.63,0.0,6.75,126585.16
Bulk Carrier,32695.64,24924.17,11.99,1451.49,91.69,3,15.16,Hydrogen,559.96,0.0,0.0,0.0,2351829.54
Tanker,158079.98,30442.93,13.28,11305.65,36.91,2,12.1,VLSFO,2426.53,7222.81,49.74,447.69,1193852.77
Container,103525.47,27742.39,21.38,10890.14,57.45,4,12.67,VLSFO,1959.59,5832.9,40.17,361.54,964116.35
Container,127879.01,47811.39,16.01,5135.01,90.07,5,13.91,HFO,3315.98,10317.6,266.6,666.51,1133069.23
Bulk Carrier,49609.36,11760.57,13.17,4881.37,52.07,1,13.0,Hydrogen,508.83,0.0,0.0,0.0,2137105.89
Tanker,149063.53,41868.51,16.26,11257.95,98.94,4,15.64,LNG,5660.37,15432.76,0.0,275.09,2888484.31
Tanker,95044.15,40018.68,16.82,4853.14,43.23,5,11.69,Methanol,1607.51,2159.28,0.0,25.59,479840.95
Tanker,93975.0,21654.45,12.21,7302.39,63.44,1,13.69,LNG,1522.43,4150.86,0.0,73.99,776898.03
Bulk Carrier,55751.72,23774.26,11.18,10782.19,97.01,4,15.32,Methanol,5072.71,6813.91,0.0,80.76,1514203.31
Container,124229.25,45840.41,22.74,10510.46,36.4,4,12.34,HFO,2190.28,6815.01,176.1,440.25,748418.2
Bulk Carrier,97976.83,20045.18,13.06,6877.22,34.19,4,11.8,Ammonia,988.15,0.0,0.0,18.38,459489.55
Bulk Carrier,61611.26,18367.87,11.06,3582.13,70.67,5,13.25,HFO,1038.32,3230.72,83.48,208.7,354794.8
Container,112003.12,55012.58,23.61,5003.94,42.36,3,11.96,Hydrogen,1128.62,0.0,0.0,0.0,4740188.91
Bulk Carrier,31660.43,20186.56,12.53,1500.55,81.86,5,13.64,VLSFO,473.67,1409.92,9.71,87.39,233044.37
Container,65132.14,35719.44,15.53,4964.41,40.41,5,11.69,VLSFO,1306.3,3888.32,26.78,241.01,642697.9
Bulk Carrier,83874.65,20158.85,13.54,1476.71,38.44,5,11.71,HFO,244.7,761.39,19.67,49.19,83615.24
Tanker,171313.84,25783.69,14.88,7086.7,35.29,2,11.94,VLSFO,1166.39,3471.86,23.91,215.2,573861.57
Container,142314.79,49055.4,18.95,6901.34,82.89,1,14.24,Hydrogen,2905.99,0.0,0.0,0.0,12205163.06
Bulk Carrier,98534.8,19393.18,15.71,11428.1,71.56,2,13.66,Methanol,2389.23,3209.33,0.0,38.04,713185.34
Container,128543.09,31334.48,20.65,1493.27,94.03,5,14.91,Methanol,549.57,738.21,0.0,8.75,164046.29
Tanker,177627.02,27813.79,13.81,3557.2,68.81,4,13.22,Methanol,1212.35,1628.49,0.0,19.3,361887.01
Container,139142.81,35159.93,19.61,3421.56,40.27,1,12.41,VLSFO,573.78,1707.92,11.76,105.86,282300.45
Bulk Carrier,94982.02,22374.25,11.65,3503.08,59.12,5,13.51,Hydrogen,987.98,0.0,0.0,0.0,4149498.1
Container,103064.36,30169.29,20.18,6783.17,66.04,3,12.9,Ammonia,1422.3,0.0,0.0,26.45,661367.39
Tanker,185402.72,37212.25,13.03,10657.4,51.62,4,12.86,VLSFO,4324.18,12871.36,88.65,797.81,2127497.49
Bulk Carrier,36665.74,9568.32,13.27,3558.52,51.88,3,12.4,HFO,307.26,956.04,24.7,61.76,104991.74
Tanker,89723.99,43808.26,14.27,11299.28,99.88,5,15.11,LNG,7265.94,19810.3,0.0,353.12,3707810.05
Tanker,125134.03,33744.23,14.33,3553.79,82.88,3,13.95,Ammonia,1428.77,0.0,0.0,26.58,664376.46
Container,54915.48,56047.53,22.14,3368.9,57.07,3,12.43,HFO,1098.82,3418.96,88.35,220.86,375466.77
Tanker,142264.32,38168.22,16.67,5124.6,98.73,5,15.29,LNG,2255.87,6150.53,0.0,109.64,1151168.95
Bulk Carrier,90056.45,16336.37,11.05,4877.47,79.19,5,14.33,Ammonia,1228.76,0.0,0.0,22.85,571372.73
Bulk Carrier,39845.29,22532.99,13.25,11224.76,64.95,3,12.69,Ammonia,2588.42,0.0,0.0,48.14,1203615.82
Container,69606.7,24403.74,21.19,3491.64,40.74,4,11.65,VLSFO,464.3,1382.04,9.52,85.66,228435.98
Bulk Carrier,59586.8,17459.27,13.49,11380.02,61.94,1,13.57,Hydrogen,1753.87,0.0,0.0,0.0,7366256.96
Container,99354.57,30895.14,23.13,10620.69,56.72,3,13.24,Hydrogen,1798.94,0.0,0.0,0.0,7555559.99
Bulk Carrier,75116.15,18580.49,15.32,11117.52,94.41,4,15.44,HFO,2533.47,7882.84,203.69,509.23,865686.31
Bulk Carrier,57133.43,18994.35,12.08,3587.83,56.53,8,12.3,Methanol,1058.49,1421.82,0.0,16.85,315959.65
Tanker,194241.69,40268.53,14.69,3431.88,94.81,3,15.31,Ammonia,1721.04,0.0,0.0,32.01,800281.52
Bulk Carrier,74153.43,22655.64,12.39,7274.25,90.04,6,13.82,LNG,2564.48,6991.94,0.0,124.63,1308651.8
Tanker,96740.76,43329.07,15.96,6895.45,94.03,3,14.93,Methanol,3851.23,5173.17,0.0,61.31,1149592.48
Container,99566.61,38125.51,18.55,4753.9,52.55,4,12.04,Hydrogen,1201.09,0.0,0.0,0.0,5044581.49
Tanker,158504.1,39216.92,15.67,1461.65,60.24,2,13.58,Ammonia,420.98,0.0,0.0,7.83,195753.97
Container,121965.59,57797.62,14.84,3416.34,79.85,6,14.35,Hydrogen,2444.88,0.0,0.0,0.0,10268494.32
Tanker,92050.48,19596.49,14.54,5208.27,98.35,1,14.22,HFO,1274.28,3964.9,102.45,256.13,435421.73
Bulk Carrier,43185.35,9742.74,14.61,5173.02,36.0,3,12.16,LNG,287.78,784.62,0.0,13.99,146854.43
Tanker,95866.67,44912.25,15.13,6830.58,62.99,1,13.15,HFO,2532.13,7878.67,203.58,508.96,865228.27
Container,67533.9,58292.36,14.55,1548.08,61.32,4,12.52,VLSFO,869.73,2588.85,17.83,160.47,427908.38
Tanker,142081.08,35717.69,12.47,5100.9,31.64,2,11.85,LNG,1162.45,3169.37,0.0,56.5,593197.81
Container,84294.78,28799.72,14.3,11195.02,49.49,4,12.05,Hydrogen,2483.08,0.0,0.0,0.0,10428930.03
Container,97727.38,22617.17,20.66,1533.45,74.09,5,14.1,Ammonia,286.32,0.0,0.0,5.33,133141.02
Container,72466.79,37394.44,23.64,1446.85,80.94,4,14.63,Hydrogen,383.4,0.0,0.0,0.0,1610299.78
Tanker,172982.22,25118.23,12.76,4997.56,86.52,3,14.09,LNG,1670.79,4555.34,0.0,81.2,852603.29
Container,119444.22,40629.74,21.85,3571.95,61.67,4,12.58,HFO,932.51,2901.49,74.97,187.43,318638.55
Tanker,141972.01,41963.39,15.2,4769.95,63.64,5,13.24,LNG,1882.72,5133.17,0.0,91.5,960754.49
Tanker,184605.74,29567.82,14.23,1525.25,54.27,4,12.88,Methanol,463.79,622.99,0.0,7.38,138441.99
Tanker,159695.57,38434.09,13.94,6816.43,72.64,4,13.08,LNG,2793.09,7615.24,0.0,135.74,1425311.64
Bulk Carrier,89151.83,8956.48,14.41,4965.42,75.14,2,13.78,Ammonia,475.39,0.0,0.0,8.84,221056.84
Tanker,198090.04,37005.77,12.8,1571.96,52.45,3,12.29,HFO,573.9,1785.67,46.14,115.35,196100.57
Tanker,181378.26,44886.68,13.63,1445.56,32.18,4,11.66,HFO,470.47,1463.86,37.83,94.56,160760.33
Tanker,167982.4,20694.66,13.64,6745.21,78.0,4,13.93,Methanol,1957.97,2630.05,0.0,31.17,584454.92
Container,112035.07,53240.84,14.86,1491.72,49.98,4,12.4,Methanol,748.06,1004.83,0.0,11.91,223296.58
Container,133776.66,23154.8,16.65,11187.51,51.47,4,12.81,VLSFO,2050.23,6102.71,42.03,378.27,1008713.2
Tanker,89467.56,19907.82,12.88,3457.45,40.7,4,12.57,Ammonia,569.34,0.0,0.0,10.59,264744.04
Bulk Carrier,86609.75,18362.14,12.74,1512.03,76.54,3,13.36,HFO,379.46,1180.69,30.51,76.27,129662.6
Tanker,112865.22,35131.65,13.26,3461.56,96.14,4,14.59,Methanol,2106.0,2828.89,0.0,33.53,628641.14
Container,122732.06,48078.7,23.22,3505.12,67.66,2,14.02,HFO,1004.68,3126.04,80.78,201.94,343298.83
Bulk Carrier,41597.46,18852.2,11.47,5164.58,71.21,8,13.66,VLSFO,1835.92,5464.8,37.64,338.73,903273.13
Container,106207.33,41275.74,20.74,6673.17,91.95,3,14.29,LNG,2216.55,6043.34,0.0,107.72,1131107.03
Bulk Carrier,34812.47,21136.78,14.43,5186.61,31.81,4,11.81,VLSFO,733.47,2183.24,15.04,135.32,360865.4
Container,95988.78,25489.74,15.58,10577.7,59.92,4,12.51,Ammonia,2428.04,0.0,0.0,45.16,1129037.72
Tanker,192321.18,21486.94,12.73,5087.64,50.64,5,12.33,VLSFO,1163.65,3463.72,23.85,214.69,572515.76
Tanker,191142.03,36075.95,12.78,5217.79,44.07,1,12.11,LNG,1344.99,3667.05,0.0,65.37,686347.01
Bulk Carrier,76806.44,22462.96,12.09,10665.64,68.61,3,12.85,Ammonia,3065.18,0.0,0.0,57.01,1425310.47
Container,62603.6,49230.58,23.52,1503.86,41.12,4,12.15,Methanol,380.47,511.07,0.0,6.06,113570.87
Bulk Carrier,37088.25,14716.49,11.64,5033.21,93.94,7,15.02,Methanol,1636.46,2198.18,0.0,26.05,488484.41
Tanker,109112.31,20994.08,15.1,10894.5,45.83,2,12.88,Hydrogen,1671.4,0.0,0.0,0.0,7019898.2
Bulk Carrier,67717.38,14763.58,13.78,7252.33,35.29,3,11.8,Hydrogen,655.6,0.0,0.0,0.0,2753536.02
Tanker,167473.37,23930.0,14.54,5039.66,64.78,5,13.66,Hydrogen,1231.87,0.0,0.0,0.0,5173851.31
Container,69981.4,25894.25,22.3,6870.1,99.0,4,15.46,HFO,1516.31,4717.98,121.91,304.78,518124.41
Container,132846.91,58599.58,21.76,5164.59,47.94,4,12.86,HFO,1690.15,5258.87,135.89,339.72,577524.98
Bulk Carrier,72690.3,14311.89,15.21,10779.2,30.99,4,12.05,LNG,779.57,2125.47,0.0,37.89,397815.3
Bulk Carrier,63340.79,9364.27,13.6,4805.31,80.78,4,14.17,Hydrogen,578.61,0.0,0.0,0.0,2430144.33
Bulk Carrier,45863.75,12807.42,15.36,3558.35,99.27,2,15.2,Methanol,605.25,813.0,0.0,9.64,180667.38
Bulk Carrier,87921.67,9332.44,14.74,5156.92,41.92,5,11.83,Ammonia,368.99,0.0,0.0,6.86,171580.65
Tanker,194815.41,25571.05,15.63,10482.84,46.66,5,12.35,HFO,2182.6,6791.12,175.48,438.7,745794.65
Bulk Carrier,71763.24,11032.35,11.51,7131.85,38.01,3,11.77,Hydrogen,681.49,0.0,0.0,0.0,2862270.26
Container,106155.87,55287.53,19.42,3622.07,40.32,4,12.4,Hydrogen,1102.49,0.0,0.0,0.0,4630441.18
Container,97874.71,23607.96,23.36,11389.63,66.88,2,13.33,Ammonia,1426.43,0.0,0.0,26.53,663291.96
Container,105358.77,21464.98,20.11,7076.72,39.74,7,12.21,VLSFO,1001.38,2980.72,20.53,184.76,492680.79
Bulk Carrier,65699.18,22258.26,14.98,3487.4,53.69,3,12.72,VLSFO,641.26,1908.77,13.15,118.31,315499.8
Tanker,168387.47,17646.3,14.3,11279.78,39.91,5,11.56,Methanol,1660.14,2229.98,0.0,26.43,495550.84
Bulk Carrier,71805.92,13143.74,12.36,3534.2,67.01,4,13.75,Hydrogen,539.31,0.0,0.0,0.0,2265115.68
Tanker,181162.26,21367.37,13.64,11348.92,59.65,8,13.14,Methanol,3910.32,5252.54,0.0,62.25,1167230.95
Tanker,123041.61,16969.44,13.8,1546.25,82.49,3,13.58,Hydrogen,310.06,0.0,0.0,0.0,1302251.45
Container,59644.31,55524.23,17.0,5209.28,70.21,3,13.04,VLSFO,2436.83,7253.47,49.96,449.6,1198920.04
Tanker,100362.32,30338.79,13.79,4942.25,74.47,3,13.96,Hydrogen,1727.63,0.0,0.0,0.0,7256063.06
Container,97065.07,30573.09,21.19,5216.71,82.4,3,13.84,LNG,1179.11,3214.79,0.0,57.3,601699.53
Tanker,186415.46,28198.08,16.37,10576.81,45.93,6,12.16,VLSFO,2442.89,7271.52,50.08,450.71,1201903.39
Tanker,179964.33,18988.59,12.24,10549.08,37.43,6,11.85,Ammonia,1679.51,0.0,0.0,31.24,780971.75
Bulk Carrier,55421.42,21680.25,14.61,1472.03,71.46,5,13.89,HFO,389.48,1211.87,31.31,78.29,133086.85
Tanker,97326.96,20179.11,14.68,3366.3,48.66,5,12.96,Methanol,653.34,877.6,0.0,10.4,195022.67
Tanker,142429.09,32341.06,12.92,7334.48,95.83,2,14.74,HFO,3162.25,9839.27,254.24,635.61,1080540.13
Tanker,118203.78,30443.7,12.44,3642.79,68.97,3,13.58,HFO,1376.12,4281.76,110.64,276.6,470218.82
Container,128139.64,21595.31,23.93,1468.47,80.8,5,13.61,VLSFO,253.76,755.34,5.2,46.82,124849.43
Tanker,126028.52,30168.15,12.55,1570.08,55.67,5,13.05,HFO,580.01,1804.68,46.63,116.58,198188.53
Tanker,186701.05,42975.46,13.01,1517.88,67.41,1,13.51,Ammonia,637.44,0.0,0.0,11.86,296410.34
Tanker,97876.19,34329.41,14.34,10820.9,59.3,2,12.68,Methanol,3801.65,5106.56,0.0,60.52,1134791.72
Container,136504.32,36549.08,17.56,3388.22,69.26,4,13.38,HFO,1211.7,3770.18,97.42,243.55,414037.81
Container,90984.49,47046.67,19.54,6895.2,60.43,4,12.87,HFO,2492.24,7754.54,200.38,500.94,851597.25
Tanker,103913.82,37179.08,13.39,6661.17,62.45,5,12.92,Hydrogen,2753.86,0.0,0.0,0.0,11566198.1
Container,117907.32,37177.56,22.92,1464.62,87.87,4,15.07,Ammonia,411.14,0.0,0.0,7.65,191179.89
Container,75416.78,51387.58,15.28,1516.28,52.86,3,12.15,VLSFO,641.19,1908.57,13.14,118.3,315466.73
Bulk Carrier,72807.19,8590.62,11.91,7025.31,73.82,3,13.5,Methanol,926.43,1244.42,0.0,14.75,276538.12
Tanker,166983.32,43822.15,15.88,10704.07,84.48,3,14.66,Hydrogen,4696.65,0.0,0.0,0.0,19725912.06
Container,121188.2,36526.92,21.0,1500.79,92.35,4,15.15,Methanol,578.94,777.66,0.0,9.22,172812.34
Container,60736.98,40401.55,19.96,10818.64,76.53,5,14.07,HFO,4281.53,13321.9,344.24,860.59,1462999.46
Bulk Carrier,80481.9,24127.5,15.09,1441.24,92.28,3,14.4,LNG,408.49,1113.74,0.0,19.85,208454.24
Container,107249.63,26835.89,17.03,10639.16,96.21,4,15.12,Methanol,3569.35,4794.53,0.0,56.82,1065451.13
Bulk Carrier,71838.25,24297.57,14.42,3655.62,74.03,4,14.12,VLSFO,1122.77,3342.04,23.02,207.15,552404.07
Container,129385.85,58798.98,20.34,6911.85,81.02,2,14.37,Ammonia,2923.37,0.0,0.0,54.37,1359365.09
Bulk Carrier,58913.9,11463.18,13.81,3517.33,67.51,3,13.64,Hydrogen,410.19,0.0,0.0,0.0,1722789.69
Tanker,169192.55,40921.43,13.11,3351.21,55.21,5,13.09,Methanol,1619.17,2174.95,0.0,25.78,483321.41
Container,76382.0,34075.21,22.02,6652.58,49.77,3,12.21,Methanol,1392.12,1869.96,0.0,22.16,415547.55
Tanker,97863.81,17964.15,15.11,3652.96,37.7,3,12.37,VLSFO,445.54,1326.21,9.13,82.2,219207.51
Container,95956.94,50965.89,14.06,1433.86,46.15,4,12.04,Methanol,670.77,901.01,0.0,10.68,200224.52
Bulk Carrier,37751.43,9787.88,13.22,3332.32,49.43,4,12.64,VLSFO,308.5,918.28,6.32,56.92,151781.84
Bulk Carrier,49214.62,8273.66,15.71,3467.22,56.08,4,12.22,Hydrogen,258.7,0.0,0.0,0.0,1086559.73
Tanker,108080.35,42454.49,16.09,3476.3,97.51,7,15.01,HFO,2180.75,6785.37,175.33,438.33,745163.82
Bulk Carrier,56005.74,24323.23,15.53,3595.98,33.3,6,11.92,VLSFO,646.3,1923.78,13.25,119.24,317980.83
Bulk Carrier,99177.64,14133.27,13.41,1530.9,45.3,4,12.33,Ammonia,196.2,0.0,0.0,3.65,91231.72
Container,83952.17,49166.14,22.97,11143.64,33.53,4,11.98,LNG,1966.89,5362.64,0.0,95.59,1003703.59
Tanker,131888.54,20798.25,14.02,10824.33,34.24,4,12.23,LNG,1421.31,3875.16,0.0,69.08,725297.02
Container,59545.92,35265.01,21.9,1474.52,41.72,5,11.81,Hydrogen,288.61,0.0,0.0,0.0,1212157.87
Container,125921.05,41863.19,14.65,6678.94,38.73,6,11.46,HFO,2297.65,7149.1,184.73,461.83,785107.61
Tanker,170322.19,39163.84,13.53,3574.43,57.05,5,12.83,LNG,1350.77,3682.82,0.0,65.65,689296.97
Tanker,156309.53,30024.94,16.07,4848.75,62.66,5,13.74,Methanol,1539.44,2067.85,0.0,24.51,459522.03
Container,62243.96,22849.16,21.31,3538.15,88.47,4,14.88,LNG,630.87,1720.05,0.0,30.66,321934.25
Tanker,178842.41,34908.77,12.89,3354.86,85.62,1,14.81,HFO,1500.31,4668.18,120.62,301.56,512655.63
Container,83942.54,27490.09,21.81,3529.24,39.67,8,12.53,Ammonia,531.91,0.0,0.0,9.89,247340.21
Container,149834.02,35833.03,14.37,1478.9,32.3,3,12.08,Hydrogen,321.48,0.0,0.0,0.0,1350236.75
Tanker,184685.63,37044.46,15.45,11236.08,46.26,4,12.11,Methanol,3741.45,5025.7,0.0,59.56,1116821.45
Container,139767.65,29901.11,20.89,6793.38,47.52,7,12.85,LNG,1239.53,3379.54,0.0,60.24,632534.59
Tanker,172933.66,30561.83,13.57,7025.15,88.93,4,14.91,Methanol,3254.49,4371.59,0.0,51.81,971464.0
Container,131323.77,38628.73,14.21,7308.09,81.28,4,14.5,Ammonia,3674.56,0.0,0.0,68.35,1708670.23
Bulk Carrier,51767.45,17857.15,14.6,4833.96,53.06,5,13.14,LNG,744.02,2028.54,0.0,36.16,379673.89
Tanker,150062.04,21787.92,13.55,4777.28,33.77,5,11.25,Hydrogen,761.29,0.0,0.0,0.0,3197433.67
Bulk Carrier,97633.92,22209.23,14.99,1529.49,62.94,5,13.36,HFO,350.53,1090.65,28.18,70.46,119774.62
Tanker,168993.15,41206.67,15.04,4992.01,88.88,5,14.16,Hydrogen,2507.6,0.0,0.0,0.0,10531916.86
Tanker,85052.05,24880.95,16.01,10774.91,30.74,7,12.1,LNG,1687.56,4601.05,0.0,82.02,861159.62
Bulk Carrier,33163.63,23879.07,12.56,5105.95,40.72,7,11.66,HFO,1328.01,4132.09,106.77,266.93,453782.3
Bulk Carrier,49623.1,10728.89,13.02,1474.37,58.69,3,12.6,LNG,141.83,386.7,0.0,6.89,72377.14
Tanker,104665.27,20613.85,12.84,5107.94,99.05,4,14.89,Methanol,1734.96,2330.49,0.0,27.62,517886.46
Container,80899.18,39122.86,22.13,4988.45,33.79,3,11.17,VLSFO,851.81,2535.48,17.46,157.16,419088.3
Container,60181.28,41088.34,15.97,6882.83,40.36,3,11.88,Methanol,1980.91,2660.86,0.0,31.54,591301.7
Tanker,187497.98,38159.63,16.74,3493.87,43.2,4,12.73,VLSFO,963.87,2869.05,19.76,177.83,474223.41
Bulk Carrier,56343.11,8367.0,12.43,1450.68,97.4,2,15.27,Methanol,192.72,258.88,0.0,3.07,57527.89
Bulk Carrier,84021.83,9243.86,12.2,3551.75,51.9,5,12.21,Hydrogen,363.41,0.0,0.0,0.0,1526342.51
Bulk Carrier,30676.51,13417.27,14.55,7179.0,81.68,4,14.1,HFO,1174.41,3654.14,94.42,236.06,401294.4
Bulk Carrier,33073.12,12583.11,11.25,5184.35,99.74,5,14.91,Ammonia,1212.06,0.0,0.0,22.54,563607.7
Tanker,122979.22,20147.73,16.76,11090.67,69.72,4,13.95,LNG,1849.48,5042.54,0.0,89.88,943790.39
Bulk Carrier,44322.94,21710.44,13.59,5212.13,86.26,1,14.09,Methanol,1497.26,2011.2,0.0,23.84,446933.41
Tanker,157055.56,42720.65,15.61,7154.45,78.7,2,14.02,VLSFO,3097.72,9220.69,63.5,571.53,1524080.22
Bulk Carrier,93534.08,8704.37,14.96,6702.67,32.52,4,11.07,Methanol,389.67,523.42,0.0,6.2,116316.04
Tanker,166942.01,38428.27,12.1,1435.72,76.78,3,13.8,Methanol,861.79,1157.6,0.0,13.72,257245.25
Bulk Carrier,72440.42,20794.24,15.51,10910.46,59.79,2,13.59,Methanol,2008.1,2697.38,0.0,31.97,599417.61
Tanker,149089.36,37899.4,14.55,5106.67,38.45,4,12.23,Hydrogen,1323.54,0.0,0.0,0.0,5558857.06
Container,73387.89,49344.55,15.35,7065.39,54.44,1,13.27,HFO,2672.1,8314.2,214.84,537.09,913057.61
Container,147577.11,35758.67,16.56,3473.25,65.96,3,12.68,LNG,907.51,2474.28,0.0,44.1,463101.11
Container,116394.58,49018.55,20.44,7332.07,33.9,5,11.11,HFO,1753.99,5457.5,141.02,352.55,599337.96
Container,144145.86,54808.77,22.02,1426.22,51.98,4,12.95,VLSFO,458.04,1363.4,9.39,84.51,225354.79
Tanker,173691.9,22424.62,16.0,3374.49,56.03,4,12.37,Hydrogen,608.59,0.0,0.0,0.0,2556078.09
Container,100802.39,37984.59,21.2,10556.97,86.54,7,13.73,Hydrogen,3792.42,0.0,0.0,0.0,15928145.8
Container,91679.66,46550.86,23.63,3435.84,58.59,5,12.5,Hydrogen,1001.31,0.0,0.0,0.0,4205487.39
Bulk Carrier,66789.39,23822.81,14.83,3383.97,34.38,2,12.03,HFO,469.92,1462.15,37.78,94.45,160571.57
Container,135866.2,27308.48,17.37,11036.38,50.07,6,12.65,LNG,2124.21,5791.56,0.0,103.24,1083981.99
Container,94985.37,41358.88,23.22,11306.14,94.93,4,14.39,VLSFO,4191.72,12477.06,85.93,773.37,2062324.76
Container,79066.83,42240.63,17.19,3581.56,60.4,4,12.87,HFO,1269.8,3950.95,102.09,255.23,433890.14
Container,131225.25,44672.74,16.41,7285.49,75.92,4,13.15,Ammonia,2997.61,0.0,0.0,55.76,1393887.34
Tanker,106854.24,42193.57,12.26,4801.64,88.08,5,13.95,Ammonia,3154.07,0.0,0.0,58.67,1466640.9
Tanker,178208.22,19311.71,12.66,4801.36,79.52,5,13.81,LNG,1322.42,3605.53,0.0,64.27,674831.9
Tanker,114918.53,27853.92,13.37,4931.5,71.11,2,13.4,Ammonia,1463.58,0.0,0.0,27.22,680566.51
Tanker,117229.17,28440.24,15.97,5127.17,66.43,4,13.41,LNG,1189.65,3243.53,0.0,57.82,607077.29
Bulk Carrier,79479.8,15718.22,14.02,11542.13,35.53,4,11.81,HFO,1399.73,4355.23,112.54,281.35,478287.24
Container,97399.32,28399.74,19.89,1555.93,99.75,2,15.69,HFO,415.81,1293.8,33.43,83.58,142083.93
Tanker,131287.76,17358.4,13.45,5002.22,97.66,4,15.23,HFO,1349.54,4199.06,108.5,271.26,461136.6
Tanker,95888.29,33448.59,13.92,1446.72,62.67,1,13.05,VLSFO,467.33,1391.05,9.58,86.22,229924.95
Bulk Carrier,37338.95,23453.32,14.19,3649.46,41.55,3,12.59,VLSFO,656.86,1955.22,13.47,121.19,323176.65
Bulk Carrier,99739.68,19103.77,15.08,6691.14,90.58,1,15.02,Ammonia,1327.95,0.0,0.0,24.7,617496.87
Tanker,88636.44,34727.96,14.29,4955.8,54.51,4,13.2,Ammonia,1464.45,0.0,0.0,27.24,680968.74
Bulk Carrier,67643.2,24132.45,11.77,5172.41,89.66,6,14.1,Hydrogen,2269.52,0.0,0.0,0.0,9531983.01
Tanker,123417.21,33102.03,13.11,1458.18,79.86,5,13.71,HFO,714.64,2223.58,57.46,143.64,244191.68
Tanker,193666.44,24697.55,16.07,6712.0,76.08,3,14.42,Ammonia,1541.09,0.0,0.0,28.66,716606.48
Container,136525.61,29322.85,19.78,6682.5,46.53,5,12.31,HFO,1323.48,4117.97,106.41,266.02,452231.88
Bulk Carrier,82165.85,16376.46,12.09,3551.97,69.24,2,13.71,HFO,728.08,2265.42,58.54,146.34,248786.39
Container,62446.29,25029.99,18.25,3579.6,81.16,5,14.76,LNG,873.31,2381.04,0.0,42.44,445650.1
Container,77214.7,54283.67,20.19,6917.26,53.77,5,12.75,VLSFO,2603.19,7748.67,53.37,480.29,1280771.22
Bulk Carrier,90949.09,12144.8,11.25,3420.2,89.63,3,14.28,Ammonia,678.92,0.0,0.0,12.63,315696.91
Tanker,92738.32,18360.16,13.01,4864.96,62.71,3,12.79,LNG,851.79,2322.36,0.0,41.4,434666.96
Tanker,97676.0,29486.32,15.8,4776.53,35.35,3,11.27,LNG,738.82,2014.36,0.0,35.91,377018.91
Bulk Carrier,77103.05,14947.18,11.95,7111.44,78.48,3,14.02,VLSFO,1547.84,4607.32,31.73,285.58,761539.68
Bulk Carrier,34887.54,19441.66,14.09,1534.15,69.61,4,13.86,VLSFO,357.6,1064.43,7.33,65.98,175938.22
Container,88439.59,37290.59,18.4,5214.42,56.97,6,12.34,Methanol,1831.97,2460.79,0.0,29.16,546843.33
Container,129590.97,44744.71,16.27,10619.63,57.53,3,12.79,LNG,3452.37,9412.76,0.0,167.79,1761746.79
Tanker,188136.57,16053.81,15.46,7279.31,58.12,4,13.53,Ammonia,1049.16,0.0,0.0,19.51,487861.06
Bulk Carrier,86283.01,16723.13,13.06,4986.0,51.55,1,12.64,Methanol,805.32,1081.75,0.0,12.82,240387.97
Bulk Carrier,77608.45,16639.84,11.15,7286.19,57.93,5,12.51,Hydrogen,1609.07,0.0,0.0,0.0,6758110.63
Bulk Carrier,72981.47,9838.24,11.14,7151.81,96.76,6,14.1,Ammonia,1286.6,0.0,0.0,23.93,598270.88
Tanker,198253.97,43457.86,13.2,11184.33,46.88,5,12.64,VLSFO,4834.02,14388.93,99.1,891.88,2378336.06
Bulk Carrier,32619.77,17425.49,13.23,3435.58,88.15,1,14.19,Hydrogen,764.87,0.0,0.0,0.0,3212440.78
Bulk Carrier,61793.67,11344.05,12.03,10683.85,38.6,2,11.47,Ammonia,875.27,0.0,0.0,16.28,407000.49
Tanker,138059.89,36419.43,16.44,3578.34,95.94,5,14.85,LNG,1458.59,3976.78,0.0,70.89,744317.91
Container,76739.86,54210.14,14.71,4981.9,50.46,5,13.1,VLSFO,2414.01,7185.53,49.49,445.38,1187691.22
Tanker,197040.55,15775.94,12.79,6826.97,66.33,5,13.42,Methanol,1537.76,2065.6,0.0,24.48,459022.48
Tanker,181770.77,34131.95,16.82,11542.86,62.15,2,13.15,Hydrogen,3087.41,0.0,0.0,0.0,12967116.55
Container,84089.11,51112.3,19.28,4776.13,79.59,4,13.74,Hydrogen,2209.47,0.0,0.0,0.0,9279777.73
Container,115822.07,35603.51,18.23,3545.46,77.63,3,14.09,Hydrogen,1050.62,0.0,0.0,0.0,4412624.27
Bulk Carrier,94031.1,16797.95,11.1,1487.38,64.25,6,12.7,LNG,342.82,934.7,0.0,16.66,174942.94
Bulk Carrier,53501.28,19708.25,11.32,6851.41,52.5,4,13.08,Methanol,1808.46,2429.22,0.0,28.79,539826.62
Container,64837.09,52413.3,19.67,10972.68,59.58,4,13.49,LNG,3754.53,10236.58,0.0,182.47,1915937.69
Container,101271.24,43294.29,17.73,6970.44,95.74,3,15.22,HFO,3139.03,9767.02,252.38,630.94,1072605.67
Bulk Carrier,34228.64,13647.45,12.38,3390.97,33.29,1,11.59,Ammonia,300.0,0.0,0.0,5.58,139497.89
Tanker,142453.37,22516.87,14.28,11149.0,95.33,4,14.49,VLSFO,3583.69,10667.21,73.47,661.19,1763175.47
Container,55557.89,23432.09,15.11,6952.49,38.43,5,12.35,Hydrogen,1087.04,0.0,0.0,0.0,4565557.37
Bulk Carrier,99303.08,14050.61,15.07,7312.72,45.0,3,12.61,VLSFO,805.12,2396.53,16.51,148.55,396120.95
Container,110078.31,50522.32,21.16,6726.62,51.25,4,12.02,Hydrogen,1961.31,0.0,0.0,0.0,8237519.88
Container,60044.02,21036.43,16.45,3427.82,71.28,5,14.02,VLSFO,774.8,2306.26,15.88,142.95,381199.39
Tanker,130792.66,16368.04,13.96,7281.67,41.18,5,12.6,LNG,904.58,2466.31,0.0,43.96,461609.52
Tanker,120864.46,20660.91,14.91,1470.41,82.8,3,14.83,HFO,339.12,1055.17,27.27,68.16,115877.73
Container,132273.63,47938.62,21.15,5180.03,38.5,3,12.32,Hydrogen,1164.48,0.0,0.0,0.0,4890818.35
Container,77809.15,39079.01,23.87,1432.9,87.07,5,14.85,Hydrogen,439.24,0.0,0.0,0.0,1844816.41
Tanker,111145.78,38519.61,12.53,3349.31,48.49,4,12.75,VLSFO,1223.85,3642.92,25.09,225.8,602134.79
Bulk Carrier,61862.62,16870.82,13.53,5219.73,52.96,5,12.92,Hydrogen,883.02,0.0,0.0,0.0,3708699.68
Tanker,138978.86,25797.34,12.09,3409.52,98.89,3,14.98,Methanol,1557.82,2092.54,0.0,24.8,465009.96
Tanker,166317.32,42592.57,16.68,4821.09,93.01,5,15.11,HFO,2573.57,8007.61,206.92,517.29,879389.08
Bulk Carrier,31790.55,19686.19,14.22,5242.31,89.63,3,14.09,LNG,1105.14,3013.11,0.0,53.71,563951.14
Bulk Carrier,65150.17,17990.89,15.85,6660.16,79.49,6,13.42,VLSFO,1410.96,4199.86,28.92,260.32,694192.2
Tanker,119243.99,29976.97,14.31,3353.93,61.44,4,13.2,Methanol,1120.52,1505.14,0.0,17.84,334475.2
Tanker,120852.55,20209.95,16.79,1512.86,33.57,4,12.09,Ammonia,181.25,0.0,0.0,3.37,84279.46
Tanker,168121.69,37646.32,16.19,5030.22,60.96,3,12.93,Methanol,1939.55,2605.3,0.0,30.88,578955.78
Bulk Carrier,62161.89,10288.5,14.38,6854.3,94.61,3,15.25,Ammonia,875.84,0.0,0.0,16.29,407266.62
Tanker,183521.56,43219.76,13.69,6873.31,31.7,5,11.73,Methanol,2384.5,3202.98,0.0,37.96,711774.31
Container,114236.75,31415.48,18.51,1551.8,49.92,5,13.12,Ammonia,337.97,0.0,0.0,6.29,157154.32
Container,124504.42,51972.56,18.15,7148.31,49.27,4,12.28,LNG,2314.28,6309.78,0.0,112.47,1180974.68
Bulk Carrier,79324.29,10837.73,11.86,3370.6,59.57,4,12.42,Methanol,494.54,664.3,0.0,7.87,147621.19
Bulk Carrier,35147.05,12020.92,13.66,11269.41,31.15,2,11.76,VLSFO,794.57,2365.13,16.29,146.6,390930.02
Tanker,172642.11,33483.13,13.52,1453.98,89.65,4,15.03,Methanol,796.51,1069.92,0.0,12.68,237759.39
Bulk Carrier,45751.57,16900.66,11.41,1450.43,40.32,3,11.42,HFO,233.32,725.97,18.76,46.9,79725.34
Tanker,193109.25,39162.96,14.42,1560.84,56.45,4,12.6,LNG,525.81,1433.6,0.0,25.55,268320.15
Tanker,128454.7,27706.09,14.07,4995.41,37.14,4,12.3,HFO,1053.51,3277.97,84.7,211.76,359983.55
Tanker,182133.7,34270.63,12.28,10667.45,72.13,3,13.84,Hydrogen,4657.07,0.0,0.0,0.0,19559695.33
Tanker,190823.76,25334.75,15.43,3403.9,49.7,3,12.63,Methanol,763.73,1025.88,0.0,12.16,227973.41
Bulk Carrier,59153.99,10780.99,11.87,7181.24,70.71,5,13.57,Ammonia,1010.64,0.0,0.0,18.8,469949.55
Tanker,197584.11,18595.81,16.35,1542.33,72.94,5,13.15,Ammonia,293.63,0.0,0.0,5.46,136536.75
Tanker,81232.98,40288.32,13.2,3329.91,39.36,5,11.64,Hydrogen,1117.62,0.0,0.0,0.0,4693996.09
Bulk Carrier,72978.33,16741.38,13.84,10573.86,48.8,6,12.3,Ammonia,1765.83,0.0,0.0,32.84,821111.2
Container,147999.86,40260.41,14.73,5249.32,85.49,5,14.38,Methanol,3119.9,4190.81,0.0,49.67,931290.73
Tanker,172980.11,27813.54,14.96,3527.63,30.3,5,11.32,LNG,550.64,1501.3,0.0,26.76,280991.49
Bulk Carrier,58287.51,20543.53,14.46,10574.38,65.85,1,13.1,VLSFO,1978.6,5889.5,40.56,365.05,973470.63
Tanker,170068.92,23762.56,16.42,6892.79,59.7,3,13.14,Methanol,1507.31,2024.69,0.0,24.0,449931.7
Bulk Carrier,34822.46,11726.37,14.72,6889.25,74.46,5,13.59,VLSFO,1034.51,3079.33,21.21,190.87,508980.54
Bulk Carrier,39345.28,18492.88,12.22,1445.7,88.4,3,14.64,VLSFO,392.18,1167.36,8.04,72.36,192952.17
Container,51666.52,54321.02,20.44,10708.94,73.66,5,14.35,VLSFO,5011.83,14918.22,102.74,924.68,2465821.15
Bulk Carrier,57522.18,16125.02,11.85,5227.04,48.09,4,12.64,Ammonia,877.27,0.0,0.0,16.32,407931.28
Container,92374.62,59335.21,17.52,1474.23,81.48,5,14.51,LNG,856.2,2334.4,0.0,41.61,436920.63
Tanker,176552.12,44040.02,12.37,3395.95,94.79,4,15.2,Hydrogen,2171.84,0.0,0.0,0.0,9121734.22
Tanker,177157.58,23092.15,12.8,4764.34,76.58,5,13.21,HFO,1698.68,5285.41,136.57,341.43,580439.21
Tanker,117789.25,28267.77,14.94,1448.41,53.5,1,12.62,VLSFO,324.28,965.24,6.65,59.83,159543.69
Container,92792.54,29258.93,23.27,4866.38,31.33,6,11.51,VLSFO,653.37,1944.81,13.39,120.55,321456.89
Bulk Carrier,44732.7,23724.52,13.67,3632.54,71.2,3,13.95,Hydrogen,871.47,0.0,0.0,0.0,3660166.14
Tanker,148853.08,32850.37,15.42,3449.14,93.01,4,14.8,Ammonia,1310.54,0.0,0.0,24.38,609402.18
Tanker,138822.21,20468.51,13.13,5213.48,81.84,2,13.39,Methanol,1518.51,2039.74,0.0,24.17,453275.81
Tanker,198678.55,33102.25,13.23,5229.21,74.03,6,14.3,Methanol,2580.37,3466.08,0.0,41.08,770239.27
Tanker,173835.91,28858.73,12.63,1428.44,82.98,4,13.91,Hydrogen,527.0,0.0,0.0,0.0,2213413.64
Tanker,135606.16,32257.72,13.58,3517.75,37.53,4,11.46,Hydrogen,878.65,0.0,0.0,0.0,3690327.77
Bulk Carrier,58647.11,10331.76,14.46,11350.39,65.47,2,13.86,HFO,1186.55,3691.94,95.4,238.5,405445.62
Bulk Carrier,46573.81,19764.55,11.66,7072.01,32.87,3,11.45,Ammonia,1027.24,0.0,0.0,19.11,477668.75
Tanker,141773.27,16004.14,16.14,6778.86,35.33,4,12.06,LNG,577.58,1574.74,0.0,28.07,294737.84
Bulk Carrier,82283.68,8012.71,14.56,11020.49,70.14,3,13.14,LNG,865.89,2360.81,0.0,42.08,441861.92
Container,64923.63,36790.99,21.57,1562.51,64.88,4,13.41,HFO,397.42,1236.56,31.95,79.88,135797.44
Bulk Carrier,97013.37,21156.55,15.27,1481.94,62.26,2,12.88,VLSFO,277.08,824.75,5.68,51.12,136322.3
Bulk Carrier,88724.28,10017.88,11.44,7338.38,58.91,5,12.94,Ammonia,928.24,0.0,0.0,17.27,431633.51
Container,97546.51,57039.19,21.44,11448.88,94.21,4,14.93,Ammonia,5617.12,0.0,0.0,104.48,2611958.97
Bulk Carrier,71905.05,15313.37,13.25,4869.91,97.02,7,14.39,LNG,1222.67,3333.57,0.0,59.42,623929.86
Tanker,149710.11,28147.26,13.6,7239.83,43.86,4,11.64,HFO,1751.22,5448.87,140.8,351.99,598390.61
Tanker,190867.72,32669.06,12.86,7298.54,53.55,8,13.03,HFO,3177.44,9886.54,255.47,638.67,1085731.2
Bulk Carrier,82403.12,19437.09,11.49,4975.96,57.33,4,13.15,HFO,1164.88,3624.49,93.66,234.14,398038.35
Bulk Carrier,83335.64,8023.22,14.43,7236.02,34.66,3,11.96,Methanol,413.85,555.91,0.0,6.59,123535.0
Tanker,126368.42,22265.13,15.2,10497.42,92.81,4,14.54,LNG,2719.77,7415.34,0.0,132.18,1387897.18
Container,52860.89,41867.6,21.49,1437.06,94.3,1,15.23,Ammonia,438.68,0.0,0.0,8.16,203986.19
Tanker,130767.97,38554.26,14.74,11402.59,95.06,5,14.64,Methanol,7170.93,9632.36,0.0,114.16,2140523.82
Tanker,144042.73,44003.89,13.77,7183.64,95.59,4,14.14,VLSFO,4494.76,13379.09,92.14,829.28,2211420.0
Tanker,82220.15,20073.81,14.61,3392.82,44.87,4,12.09,Ammonia,516.4,0.0,0.0,9.61,240125.42
Container,124698.73,39873.61,22.95,10792.72,92.09,3,15.27,Ammonia,3490.41,0.0,0.0,64.92,1623042.49
Tanker,158093.1,31611.82,12.31,3456.42,97.76,2,14.24,VLSFO,1700.85,5062.74,34.87,313.81,836816.7
Container,74343.29,26463.3,14.35,10710.06,74.76,6,13.22,HFO,3503.13,10899.91,281.65,704.13,1197018.34
Bulk Carrier,59591.31,19820.67,12.65,7095.28,46.8,2,12.32,Hydrogen,1130.01,0.0,0.0,0.0,4746030.39
Tanker,180824.71,37621.73,14.67,7344.47,60.14,2,13.24,HFO,2417.22,7521.12,194.34,485.86,825962.57
Container,77686.47,54223.75,23.6,1429.81,57.6,5,12.71,Hydrogen,442.5,0.0,0.0,0.0,1858495.82
Container,96433.94,58739.16,14.89,3582.1,36.3,2,11.46,Methanol,1512.56,2031.74,0.0,24.08,451498.51
Bulk Carrier,93463.19,13908.84,14.78,4935.46,44.37,3,12.16,Methanol,595.97,800.54,0.0,9.49,177898.41
Tanker,156243.0,34187.56,16.37,1447.72,66.68,3,13.5,VLSFO,447.55,1332.18,9.17,82.57,220194.44
Bulk Carrier,31940.74,8277.5,14.43,5244.42,81.93,5,13.79,VLSFO,562.7,1674.94,11.54,103.82,276848.89
Container,136046.12,58104.81,17.09,10511.07,49.2,5,12.76,HFO,5005.44,15574.33,402.44,1006.09,1710359.06
Container,88210.98,56340.26,17.58,6678.91,78.8,5,14.59,Hydrogen,3615.4,0.0,0.0,0.0,15184667.53
Container,101376.95,29194.31,22.12,1436.04,32.68,4,11.82,VLSFO,169.84,505.54,3.48,31.33,83559.97
Container,61503.88,52615.53,16.93,10730.63,30.96,3,11.34,HFO,2890.35,8993.25,232.38,580.96,987631.05
Container,86494.04,53674.97,16.84,3330.41,36.35,4,12.14,VLSFO,1085.91,3232.33,22.26,200.35,534269.83
Container,63312.22,41147.51,18.49,3351.38,57.48,4,12.84,Methanol,1145.92,1539.26,0.0,18.24,342058.51
Bulk Carrier,80789.9,9081.26,13.02,3353.85,90.39,4,14.15,Ammonia,420.01,0.0,0.0,7.81,195304.28
Tanker,154307.19,26004.24,13.35,6703.66,48.53,3,12.8,Methanol,1899.24,2551.15,0.0,30.24,566922.6
Tanker,146973.22,21210.7,14.71,1484.09,71.87,1,14.03,LNG,267.68,729.82,0.0,13.01,136596.89
Container,108794.84,39066.65,15.75,3406.5,62.05,4,13.61,Hydrogen,1227.69,0.0,0.0,0.0,5156301.11
Container,71794.63,27687.46,20.85,11361.07,69.61,4,13.49,Hydrogen,2202.55,0.0,0.0,0.0,9250694.15
Container,53501.38,48144.82,21.82,1545.56,39.44,4,12.34,LNG,332.91,907.67,0.0,16.18,169884.61
Container,109660.68,39457.73,19.34,7297.51,78.65,3,14.02,LNG,2228.98,6077.22,0.0,108.33,1137448.25
Tanker,138766.42,39750.82,12.75,4874.81,57.31,4,12.72,Hydrogen,1970.43,0.0,0.0,0.0,8275826.87
Tanker,108868.78,21523.77,16.07,3613.57,32.1,4,11.69,LNG,403.35,1099.72,0.0,19.6,205829.72
Bulk Carrier,72963.1,21483.06,15.89,3539.89,63.19,3,13.56,LNG,641.11,1747.96,0.0,31.16,327158.24
Bulk Carrier,30435.08,14425.47,12.7,3672.87,56.29,4,12.28,VLSFO,581.24,1730.12,11.92,107.24,285970.19
Bulk Carrier,87066.92,22614.89,14.9,1436.45,98.14,3,14.24,Ammonia,375.98,0.0,0.0,6.99,174830.04
Bulk Carrier,34924.69,11476.96,14.73,11534.85,35.01,7,11.17,Hydrogen,974.22,0.0,0.0,0.0,4091725.1
Bulk Carrier,96604.57,19593.93,14.65,10886.58,91.01,6,15.17,LNG,2863.66,7807.65,0.0,139.17,1461324.29
Bulk Carrier,55462.6,12221.17,12.9,3334.27,39.23,2,11.94,Hydrogen,281.35,0.0,0.0,0.0,1181658.59
Bulk Carrier,41732.12,8746.59,14.09,7139.49,51.68,2,12.26,Ammonia,500.77,0.0,0.0,9.31,232857.59
Tanker,179288.74,15050.46,14.78,5023.62,61.81,4,13.63,Ammonia,727.84,0.0,0.0,13.54,338445.5
Bulk Carrier,36576.55,21827.78,11.39,7105.65,64.63,2,13.72,Ammonia,1685.12,0.0,0.0,31.34,783580.1
Container,70708.26,50802.67,14.76,11291.25,50.66,3,12.41,Ammonia,4710.46,0.0,0.0,87.61,2190364.74
Tanker,85793.04,25094.24,12.4,7128.56,82.45,5,13.76,Methanol,3061.51,4112.38,0.0,48.74,913861.94
Tanker,176201.48,17507.7,13.19,3517.38,57.91,8,13.36,VLSFO,867.06,2580.88,17.77,159.97,426591.2
Container,63389.45,24463.87,18.05,11203.11,67.71,4,13.45,LNG,2214.3,6037.2,0.0,107.61,1129956.5
Bulk Carrier,63582.54,11497.91,13.53,4761.79,50.87,5,12.9,LNG,471.29,1284.94,0.0,22.9,240496.92
Bulk Carrier,86956.84,24397.29,15.59,1536.16,90.89,5,15.13,Ammonia,460.43,0.0,0.0,8.56,214101.39
Tanker,180255.85,23624.39,13.35,6808.68,65.0,5,13.4,Methanol,2132.13,2863.99,0.0,33.94,636441.91
Container,103399.82,27688.29,21.22,1493.09,79.9,1,14.67,VLSFO,313.32,932.62,6.42,57.81,154152.31
Bulk Carrier,45910.81,19641.46,14.84,10787.22,89.28,4,15.1,Hydrogen,2447.4,0.0,0.0,0.0,10279075.76
Container,131260.41,45197.06,20.34,3597.59,76.37,5,13.63,Ammonia,1439.05,0.0,0.0,26.77,669159.14
Bulk Carrier,59535.1,23816.35,14.92,11137.47,53.2,4,12.64,Hydrogen,2065.8,0.0,0.0,0.0,8676357.01
Container,84191.99,56120.73,17.8,4830.51,54.92,5,12.98,VLSFO,2337.29,6957.19,47.91,431.23,1149948.36
Tanker,91922.42,32818.31,16.47,6724.44,88.79,6,14.5,VLSFO,2984.44,8883.49,61.18,550.63,1468345.58
Container,138439.75,53984.3,18.83,1541.24,89.61,5,14.04,Methanol,1003.09,1347.41,0.0,15.97,299423.72
Tanker,196033.17,36469.67,16.13,1559.88,62.18,3,12.77,VLSFO,508.48,1513.55,10.42,93.82,250173.39
Container,125675.94,22465.45,22.33,7216.02,43.04,4,11.69,LNG,722.11,1968.8,0.0,35.09,368491.8
Container,98554.5,33308.88,19.11,1467.14,68.83,5,13.39,Ammonia,420.36,0.0,0.0,7.82,195469.01
Tanker,177040.97,39515.04,14.19,11250.33,73.95,6,13.89,HFO,6196.5,19280.27,498.2,1245.5,2117342.66
Tanker,193287.93,20025.98,12.13,1550.65,32.74,6,12.1,LNG,253.4,690.87,0.0,12.32,129307.55
Tanker,86149.7,36681.93,12.85,4840.95,71.14,5,14.12,HFO,2458.55,7649.73,197.67,494.17,840086.22
Tanker,195743.5,19007.75,16.4,6760.84,55.63,2,12.66,HFO,978.5,3044.58,78.67,196.68,334353.2
Bulk Carrier,61337.96,14236.86,11.81,5184.65,83.2,6,14.57,Methanol,1365.71,1834.49,0.0,21.74,407665.53
Bulk Carrier,93351.84,10978.38,13.76,1456.24,56.86,2,13.28,HFO,148.07,460.73,11.91,29.76,50596.77
Tanker,163587.37,44473.9,15.35,11395.14,83.48,5,14.56,LNG,5927.96,16162.34,0.0,288.1,3025036.59
Bulk Carrier,71359.04,13949.15,12.99,5099.59,43.62,4,11.78,LNG,602.14,1641.72,0.0,29.26,307273.35
Container,110960.39,36690.25,16.52,7252.1,49.26,5,12.27,Hydrogen,1965.3,0.0,0.0,0.0,8254243.67
Bulk Carrier,56774.89,10225.24,15.63,10673.82,34.31,5,11.85,Ammonia,640.73,0.0,0.0,11.92,297937.25
Bulk Carrier,81096.26,17560.19,13.1,11025.76,56.37,2,12.96,Hydrogen,1755.49,0.0,0.0,0.0,7373068.21
Bulk Carrier,94515.26,17849.51,11.62,3640.48,65.11,4,12.7,Hydrogen,782.51,0.0,0.0,0.0,3286545.74
Container,131590.87,44470.65,21.7,3327.13,68.6,7,13.81,Hydrogen,1204.24,0.0,0.0,0.0,5057823.14
Bulk Carrier,81555.66,18031.41,12.54,3497.73,65.73,4,12.84,Methanol,869.59,1168.07,0.0,13.84,259571.24
Tanker,162446.66,36165.0,12.76,7197.61,68.33,2,13.66,Methanol,3316.44,4454.81,0.0,52.8,989956.84
Tanker,171911.25,20758.53,14.99,4837.15,55.15,3,12.22,Hydrogen,866.7,0.0,0.0,0.0,3640140.87
Container,138527.56,21651.88,22.46,4848.93,43.2,5,12.38,HFO,601.5,1871.56,48.36,120.9,205533.49
Tanker,86917.54,21048.15,14.65,7324.17,46.55,5,11.72,HFO,1427.94,4443.01,114.81,287.02,487927.03
Tanker,137787.42,29525.22,15.86,1563.51,47.84,4,12.54,VLSFO,377.96,1125.05,7.75,69.73,185958.16
Tanker,139083.24,25954.9,12.89,6651.13,96.16,4,15.3,Methanol,3094.83,4157.13,0.0,49.27,923807.5
Bulk Carrier,59728.25,10311.66,12.55,4817.78,43.8,4,12.23,Hydrogen,463.88,0.0,0.0,0.0,1948310.97
Container,91527.41,58932.68,14.35,1457.21,59.77,5,13.6,Hydrogen,873.17,0.0,0.0,0.0,3667295.67
Bulk Carrier,32314.88,12647.67,14.66,1479.09,62.77,3,13.37,HFO,177.07,550.94,14.24,35.59,60503.67
Tanker,93749.59,24318.69,15.02,1488.18,69.39,4,13.76,Ammonia,391.64,0.0,0.0,7.28,182114.28
Container,55237.74,44643.04,23.65,3444.94,63.73,4,13.34,Ammonia,994.88,0.0,0.0,18.5,462618.33
Container,128169.79,43023.94,20.78,4949.4,31.92,4,11.3,Ammonia,920.66,0.0,0.0,17.12,428108.68
Tanker,172363.78,29730.41,15.2,1553.39,88.43,3,15.04,VLSFO,549.93,1636.93,11.27,101.46,270567.46
Bulk Carrier,83085.42,24477.52,13.09,5166.93,83.74,5,14.14,HFO,1913.0,5952.27,153.81,384.51,653673.53
Bulk Carrier,83281.67,20958.31,15.12,6770.34,48.8,5,12.33,VLSFO,1153.32,3432.96,23.64,212.79,567431.08
Tanker,126687.38,28776.47,13.79,1557.84,40.62,4,12.11,Ammonia,370.42,0.0,0.0,6.89,172247.54
Container,131855.56,53662.07,20.68,5025.97,82.9,6,14.17,Methanol,2957.72,3972.95,0.0,47.09,882878.32
Bulk Carrier,76654.64,23267.22,13.6,1507.61,35.45,2,12.13,HFO,232.67,723.96,18.71,46.77,79504.69
Tanker,103325.42,38240.17,14.93,7176.8,54.45,4,12.94,VLSFO,2371.65,7059.45,48.62,437.57,1166851.73
Tanker,143109.69,37814.34,12.76,1506.0,43.89,5,11.73,HFO,583.88,1816.74,46.94,117.36,199512.56
Container,128181.37,22517.39,23.74,1459.28,34.22,4,11.48,Hydrogen,124.92,0.0,0.0,0.0,524644.29
Container,141136.12,40239.71,20.71,3489.09,63.11,7,13.44,VLSFO,1169.44,3480.96,23.97,215.76,575364.89
Bulk Carrier,39724.37,23245.0,11.42,1458.27,45.17,5,12.49,VLSFO,353.5,1052.22,7.25,65.22,173920.64
Tanker,129429.92,21375.06,12.33,1506.83,80.69,3,14.01,VLSFO,438.6,1305.54,8.99,80.92,215791.69
Tanker,185337.86,26703.3,14.73,1457.49,73.36,4,14.04,LNG,390.78,1065.43,0.0,18.99,199412.89
Bulk Carrier,91228.91,12986.42,11.87,3670.73,97.81,4,15.3,Hydrogen,719.03,0.0,0.0,0.0,3019927.99
Tanker,158308.94,27195.37,16.5,6823.08,83.63,4,14.1,HFO,2099.76,6533.37,168.82,422.05,717488.84
Bulk Carrier,64959.08,20850.75,15.51,6655.57,68.61,5,13.71,LNG,1467.42,4000.87,0.0,71.32,748826.41
Bulk Carrier,35655.56,10837.81,13.13,7096.41,33.17,5,11.3,LNG,509.55,1389.27,0.0,24.76,260023.43
Tanker,157303.35,15776.36,15.93,4888.41,73.75,4,14.03,HFO,863.8,2687.71,69.45,173.62,295161.68
Container,90250.65,20155.55,14.14,5211.98,52.38,3,12.31,VLSFO,906.98,2699.72,18.59,167.34,446234.96
Tanker,153477.17,20590.63,12.75,3583.57,94.85,4,14.57,Hydrogen,1093.89,0.0,0.0,0.0,4594336.02
Tanker,92549.03,36773.75,13.65,7072.29,91.69,3,15.18,HFO,3649.51,11355.38,293.42,733.55,1247038.17
Bulk Carrier,76388.73,24754.51,12.35,4963.69,86.45,5,14.31,Hydrogen,1923.67,0.0,0.0,0.0,8079403.69
Container,87538.86,59838.08,20.85,4890.65,87.68,3,14.38,Hydrogen,2293.29,0.0,0.0,0.0,9631798.94
Bulk Carrier,61185.94,21197.16,14.52,3360.21,46.19,3,12.47,HFO,563.94,1754.69,45.34,113.35,192698.37
Tanker,122750.48,38834.49,15.89,1566.37,51.73,5,12.17,Hydrogen,488.7,0.0,0.0,0.0,2052543.16
Bulk Carrier,45295.39,8104.62,11.45,1549.24,63.6,3,12.62,HFO,153.77,478.45,12.36,30.91,52542.49
Tanker,80925.85,34430.52,15.45,5025.82,45.84,4,11.79,VLSFO,1339.74,3987.86,27.46,247.18,659150.51
Container,120018.25,39250.95,17.11,3650.29,51.76,3,13.11,HFO,1005.3,3127.97,80.83,202.07,343510.6
Tanker,182428.47,36833.94,14.87,3333.94,72.93,4,13.65,Methanol,1417.98,1904.7,0.0,22.57,423266.93
Tanker,131343.7,24119.23,13.78,4943.67,79.01,3,13.54,HFO,1404.2,4369.13,112.9,282.24,479814.16
Tanker,143524.65,40767.29,13.1,4937.96,89.54,5,14.89,LNG,2832.13,7721.68,0.0,137.64,1445234.51
Container,57122.0,57184.91,15.7,3547.52,96.83,4,14.18,VLSFO,2769.95,8245.03,56.78,511.06,1362815.48
Container,146266.29,45195.75,22.69,11488.49,32.73,4,11.1,VLSFO,2027.02,6033.62,41.55,373.98,997292.83
Bulk Carrier,82699.36,13849.11,12.07,1480.05,96.59,4,15.26,Ammonia,344.79,0.0,0.0,6.41,160328.35
Tanker,134246.13,15085.07,13.41,5169.67,84.22,4,14.26,VLSFO,980.27,2917.88,20.1,180.86,482293.84
Bulk Carrier,32150.21,9720.58,14.71,6717.83,94.64,8,14.62,HFO,1165.39,3626.08,93.7,234.24,398213.32
Bulk Carrier,41211.84,11242.36,13.85,11324.66,39.3,3,11.92,VLSFO,936.71,2788.2,19.2,172.82,460859.68
Tanker,168655.05,30820.97,15.37,3550.89,53.87,5,12.9,Hydrogen,959.05,0.0,0.0,0.0,4028001.32
Container,116313.28,41602.28,14.1,6672.73,31.48,5,11.18,LNG,1588.43,4330.8,0.0,77.2,810577.95
Bulk Carrier,65346.06,11187.26,12.17,3441.62,35.03,5,11.24,LNG,289.6,789.59,0.0,14.07,147784.95
Bulk Carrier,52471.26,23715.53,14.44,5155.87,80.24,1,14.19,HFO,1257.53,3912.78,101.11,252.76,429698.18
Tanker,162035.64,27406.14,13.33,5049.82,97.93,5,14.81,Ammonia,2263.4,0.0,0.0,42.1,1052481.23
Tanker,131084.5,25204.49,13.56,5155.69,67.43,3,13.36,VLSFO,1580.52,4704.57,32.4,291.61,777614.05
Container,135816.38,43877.54,14.61,3532.01,38.34,5,11.72,LNG,1123.88,3064.22,0.0,54.62,573517.35
Tanker,130320.42,16683.17,13.77,6705.62,91.77,3,14.77,HFO,1496.38,4655.94,120.31,300.77,511311.34
Tanker,160778.49,30525.58,14.8,3645.03,66.97,4,13.99,Ammonia,1168.62,0.0,0.0,21.74,543410.37
Tanker,173584.14,26862.38,16.74,5094.05,71.68,4,13.17,Hydrogen,1299.69,0.0,0.0,0.0,5458707.78
Bulk Carrier,32863.37,10349.61,12.1,3366.01,45.4,4,12.87,LNG,311.71,849.86,0.0,15.15,159064.49
Container,54598.43,54434.99,18.97,5105.59,48.65,1,13.02,HFO,1788.33,5564.36,143.78,359.45,611073.36
Bulk Carrier,86228.91,23074.47,11.37,1536.73,97.35,4,14.89,Ammonia,558.11,0.0,0.0,10.38,259520.99
Container,76879.86,50083.41,20.24,1428.65,56.52,1,12.45,VLSFO,469.38,1397.16,9.62,86.6,230936.31
Tanker,198272.46,18102.72,16.73,11293.29,39.29,1,11.91,Ammonia,1029.17,0.0,0.0,19.14,478564.78
Container,99525.64,50069.27,23.66,6993.56,61.71,4,12.54,Hydrogen,1966.66,0.0,0.0,0.0,8259965.44
Bulk Carrier,78983.02,11714.06,12.48,1518.96,45.16,3,12.41,Methanol,184.36,247.64,0.0,2.93,55031.18
Bulk Carrier,88934.79,11418.12,11.18,7173.85,40.03,3,12.14,HFO,784.58,2441.2,63.08,157.7,268090.68
Bulk Carrier,60193.71,23240.42,15.56,11359.91,100.0,3,15.66,HFO,3538.73,11010.68,284.51,711.28,1209183.26
Bulk Carrier,44790.26,24257.85,12.32,1518.82,46.86,2,12.25,Hydrogen,319.09,0.0,0.0,0.0,1340193.85
Bulk Carrier,87662.29,18859.48,13.4,3574.53,59.54,2,13.01,Ammonia,587.71,0.0,0.0,10.93,273285.88
Tanker,148390.53,40097.81,16.12,5197.03,51.14,5,12.32,VLSFO,1708.61,5085.85,35.03,315.24,840636.61
Tanker,189402.77,30700.11,13.1,3410.28,66.27,1,13.43,Methanol,1222.73,1642.43,0.0,19.47,364983.63
Tanker,126699.45,21440.3,13.62,7090.62,85.47,5,14.77,LNG,1916.78,5226.02,0.0,93.16,978132.08
Container,99478.78,38278.94,20.24,7137.22,49.06,4,12.22,VLSFO,1660.7,4943.23,34.04,306.4,817062.83
Tanker,80506.96,15672.05,14.69,7065.04,40.86,4,11.51,Hydrogen,849.98,0.0,0.0,0.0,3569896.75
Tanker,190678.16,18081.39,15.46,11373.74,52.8,2,13.22,HFO,1624.75,5055.38,130.63,326.57,555177.04
Tanker,176111.36,23507.08,16.44,4921.02,68.51,5,13.42,VLSFO,1214.99,3616.54,24.91,224.17,597775.21
Container,95973.89,56249.21,16.87,3514.32,73.66,4,13.4,Hydrogen,1792.9,0.0,0.0,0.0,7530170.59
Bulk Carrier,51430.91,9992.69,15.42,11390.3,72.71,2,13.97,LNG,1041.79,2840.39,0.0,50.63,531623.27
Tanker,84474.37,35850.64,12.09,6795.16,91.52,5,14.84,Hydrogen,3871.42,0.0,0.0,0.0,16259978.44
Bulk Carrier,75537.63,9744.18,15.17,6877.16,42.4,1,11.58,Methanol,502.44,674.9,0.0,8.0,149978.31
Bulk Carrier,36984.63,13186.87,12.33,3374.37,75.8,4,13.21,Methanol,663.66,891.46,0.0,10.57,198102.8
Bulk Carrier,71567.48,8916.14,15.64,6715.05,73.29,3,13.53,Methanol,642.09,862.49,0.0,10.22,191664.88
Tanker,197291.97,30415.28,12.58,1488.78,49.18,3,12.96,VLSFO,443.72,1320.78,9.1,81.87,218311.56
Container,65525.52,26620.21,22.54,3556.65,52.15,4,12.01,Methanol,615.63,826.95,0.0,9.8,183766.48
Container,117550.25,50222.4,15.46,7070.89,52.26,4,12.81,Hydrogen,2872.27,0.0,0.0,0.0,12063552.71
Container,125542.69,55580.46,19.91,10677.79,52.58,4,13.0,LNG,3320.38,9052.89,0.0,161.37,1694391.51
Bulk Carrier,92980.2,17630.52,15.39,11216.61,47.06,3,12.12,Hydrogen,1534.26,0.0,0.0,0.0,6443901.1
Bulk Carrier,58962.7,23660.35,15.06,3376.79,73.18,2,13.9,Ammonia,756.45,0.0,0.0,14.07,351747.3
Container,116526.27,36108.76,19.1,11533.62,74.56,3,13.52,Methanol,3803.75,5109.39,0.0,60.56,1135420.15
Container,114866.63,45785.37,18.57,10757.04,62.55,3,13.39,Methanol,4478.8,6016.14,0.0,71.3,1336920.74
Tanker,176901.79,18085.59,12.81,3572.56,59.02,2,12.62,VLSFO,693.86,2065.36,14.22,128.02,341381.16
Container,106246.99,20420.85,18.95,4882.93,52.59,6,13.16,HFO,820.86,2554.09,66.0,164.99,280488.24
Tanker,130526.97,17053.77,15.77,1546.96,48.37,5,12.08,Hydrogen,226.77,0.0,0.0,0.0,952434.07
Tanker,131199.61,36384.87,12.22,11067.73,50.45,3,13.02,Ammonia,4003.91,0.0,0.0,74.47,1861817.44
Tanker,156067.97,31184.75,12.07,7038.92,66.03,4,12.65,Ammonia,2803.67,0.0,0.0,52.15,1303707.23
Container,122147.89,35764.25,20.24,3451.24,82.71,3,13.83,HFO,1050.02,3267.13,84.42,211.05,358792.85
Tanker,157257.57,34722.65,14.56,4793.01,63.42,5,12.91,Methanol,2123.74,2852.71,0.0,33.81,633936.06
Container,56257.59,38775.43,20.86,3601.96,51.9,4,12.68,VLSFO,838.17,2494.89,17.18,154.64,412379.26
Container,117110.86,26774.27,14.7,1495.31,89.74,5,13.86,Hydrogen,556.48,0.0,0.0,0.0,2337202.54
Bulk Carrier,66089.33,10785.27,12.98,4912.63,76.91,6,13.37,Ammonia,780.82,0.0,0.0,14.52,363079.72
Bulk Carrier,73077.18,20778.3,12.42,4901.11,80.87,3,14.07,HFO,1359.83,4231.07,109.33,273.33,464652.77
Container,145480.61,39160.52,15.34,6816.4,99.64,5,14.69,VLSFO,3849.54,11458.55,78.92,710.24,1893975.35
Container,123699.42,49190.19,23.48,3644.51,82.69,4,13.66,LNG,1142.86,3115.96,0.0,55.54,583200.8
Bulk Carrier,53811.9,16805.92,12.77,1563.28,98.21,3,14.66,VLSFO,408.18,1214.97,8.37,75.31,200822.23
Container,56332.56,42860.2,22.4,3477.92,30.12,5,11.09,Ammonia,552.63,0.0,0.0,10.28,256975.24
Container,60079.68,25756.83,17.8,6669.82,40.94,2,12.31,LNG,874.16,2383.37,0.0,42.48,446086.06
Container,71636.4,22685.43,16.9,4854.66,46.74,5,12.49,Ammonia,787.64,0.0,0.0,14.65,366250.86
Bulk Carrier,75668.41,19759.28,12.93,3479.29,93.76,4,15.41,VLSFO,1063.95,3166.96,21.81,196.3,523465.02
Container,130353.07,32569.19,19.05,1434.73,69.1,5,13.6,Methanol,463.83,623.04,0.0,7.38,138452.59
Tanker,87828.25,44069.07,13.27,1521.72,59.79,5,12.87,Ammonia,739.76,0.0,0.0,13.76,343986.71
Tanker,158346.54,35305.65,14.41,3647.1,65.83,2,13.75,Methanol,1476.26,1982.98,0.0,23.5,440662.54
Container,109123.79,29032.21,23.77,5143.68,46.73,5,12.31,VLSFO,829.45,2468.94,17.0,153.03,408089.56
Bulk Carrier,91657.48,19683.31,12.76,4813.76,81.14,3,14.56,Hydrogen,1164.14,0.0,0.0,0.0,4889389.18
Bulk Carrier,40056.76,16297.07,12.47,6782.58,84.52,5,14.09,Ammonia,1690.39,0.0,0.0,31.44,786033.37
Bulk Carrier,81402.79,17338.03,14.15,10456.16,42.24,7,11.59,Methanol,1911.98,2568.26,0.0,30.44,570724.84
Bulk Carrier,81118.88,19748.37,12.78,3526.67,46.76,2,12.48,LNG,538.12,1467.16,0.0,26.15,274602.32
Container,116052.44,32621.5,21.16,1554.21,47.85,3,12.58,HFO,286.81,892.39,23.06,57.65,98001.32
Tanker,150130.77,44768.71,15.0,3431.89,66.19,5,12.86,Ammonia,1581.78,0.0,0.0,29.42,735529.91
Container,96890.07,48523.3,20.68,4979.65,40.72,3,12.0,LNG,1129.48,3079.48,0.0,54.89,576373.19
Container,147670.92,48510.44,17.17,3634.29,73.18,5,13.84,Hydrogen,1780.12,0.0,0.0,0.0,7476485.34
Tanker,174138.67,42370.87,16.57,5164.94,66.11,3,12.78,Methanol,2043.04,2744.32,0.0,32.53,609848.13
Tanker,128639.71,15714.88,16.07,10715.13,42.01,5,11.63,Methanol,1467.59,1971.35,0.0,23.36,438077.02
Bulk Carrier,81094.41,11485.88,11.18,10800.42,80.5,4,14.64,HFO,2054.15,6391.46,165.15,412.88,701904.46
Tanker,143000.58,17508.01,16.02,3509.31,46.72,2,12.52,HFO,445.28,1385.47,35.8,89.5,152151.53
Tanker,92158.27,18889.53,14.95,3493.51,31.82,3,11.3,HFO,360.77,1122.53,29.01,72.51,123275.1
Bulk Carrier,63130.47,18748.93,11.5,6798.95,30.47,3,11.66,Ammonia,919.59,0.0,0.0,17.1,427607.4
Bulk Carrier,69241.44,19443.97,12.34,1536.16,98.87,4,14.74,Methanol,512.88,688.93,0.0,8.17,153095.31
Tanker,171923.29,31869.01,12.78,4869.61,70.54,4,14.05,Hydrogen,1876.06,0.0,0.0,0.0,7879446.28
Container,125000.2,36131.6,22.33,6689.25,85.84,4,14.95,VLSFO,2086.07,6209.4,42.76,384.88,1026346.67
Container,72790.7,29799.52,23.78,4817.43,31.55,4,12.03,VLSFO,574.59,1710.32,11.78,106.01,282697.1
Tanker,166444.93,30296.32,15.46,10526.37,31.81,3,11.61,VLSFO,1799.06,5355.07,36.88,331.93,885135.49
Container,66718.7,29970.97,19.0,1446.08,65.2,3,13.32,VLSFO,351.81,1047.21,7.21,64.91,173092.45
Tanker,80443.11,23906.88,14.91,5045.85,94.62,5,15.25,LNG,1568.75,4277.13,0.0,76.24,800532.59
Tanker,153224.19,32346.5,13.4,5188.61,71.6,3,13.23,HFO,1897.01,5902.49,152.52,381.3,648206.66
Bulk Carrier,58107.12,16557.71,15.32,1425.99,30.65,6,11.95,VLSFO,163.73,487.36,3.36,30.21,80555.82
Tanker,106604.64,21350.74,15.4,1541.37,72.04,4,13.7,Methanol,411.31,552.49,0.0,6.55,122776.45
Container,111559.45,22716.33,21.06,3537.7,38.85,4,12.36,HFO,407.07,1266.6,32.73,81.82,139096.43
Tanker,83620.73,27394.51,14.36,7033.75,73.56,2,14.34,LNG,1826.61,4980.17,0.0,88.77,932117.14
Container,75517.51,34890.6,19.94,4776.48,48.78,5,12.34,Ammonia,1075.53,0.0,0.0,20.0,500121.88
Tanker,185712.84,23865.48,12.56,7292.79,56.79,4,12.55,HFO,1904.75,5926.58,153.14,382.85,650852.09
Bulk Carrier,68602.33,24977.42,15.23,1441.64,54.8,5,12.64,Hydrogen,332.57,0.0,0.0,0.0,1396810.95
Bulk Carrier,31589.19,8336.65,11.66,4767.9,50.87,3,12.69,Ammonia,381.74,0.0,0.0,7.1,177506.89
Tanker,133445.72,25311.09,13.75,6755.34,82.7,3,14.45,VLSFO,2174.13,6471.51,44.57,401.13,1069671.44
Container,63063.55,20365.77,23.45,5089.5,85.96,2,13.92,Hydrogen,719.09,0.0,0.0,0.0,3020192.52
Tanker,136955.2,38208.76,12.02,7084.7,64.46,3,13.59,Ammonia,3185.91,0.0,0.0,59.26,1481446.3
Container,62169.83,58901.25,17.19,3577.85,42.87,5,11.55,HFO,1422.67,4426.62,114.38,285.96,486127.27
Bulk Carrier,42378.92,10719.19,14.63,1566.67,99.79,4,14.24,HFO,241.37,751.02,19.41,48.52,82476.65
Bulk Carrier,92264.98,15795.97,12.74,1431.78,54.71,7,12.33,Ammonia,283.61,0.0,0.0,5.28,131877.25
Container,63086.18,24461.12,18.42,10973.95,47.9,5,12.37,Ammonia,1963.05,0.0,0.0,36.51,912820.23
Tanker,104743.78,36311.72,16.45,3399.78,67.23,4,13.15,VLSFO,1182.19,3518.9,24.23,218.11,581637.13
Container,83810.44,29932.21,19.61,7323.45,99.16,2,15.12,HFO,2120.87,6599.04,170.52,426.29,724700.93
Bulk Carrier,74343.38,18622.48,13.5,10997.05,90.04,5,14.43,Hydrogen,2778.54,0.0,0.0,0.0,11669862.78
Container,89991.39,22380.52,20.29,11017.74,82.16,3,13.52,VLSFO,2091.14,6224.48,42.87,385.81,1028839.24
Bulk Carrier,90403.14,9289.5,13.87,11134.11,89.15,5,14.69,VLSFO,1549.82,4613.21,31.77,285.94,762513.67
Container,115064.66,49151.88,23.86,6734.83,57.48,3,12.69,Ammonia,1943.97,0.0,0.0,36.16,903944.52
Tanker,167992.96,36365.76,16.82,6905.51,94.58,5,15.19,HFO,3223.35,10029.39,259.16,647.89,1101419.33
Container,98835.6,21301.28,19.65,3465.91,40.21,2,11.83,VLSFO,369.6,1100.14,7.58,68.19,181842.08
Bulk Carrier,44040.19,9194.87,12.49,6924.73,89.05,1,14.21,Ammonia,760.29,0.0,0.0,14.14,353536.33
Tanker,115274.44,22461.77,14.28,3609.21,79.07,3,14.05,Ammonia,844.9,0.0,0.0,15.72,392878.82
Container,131701.79,21227.12,19.67,1544.16,74.31,2,13.53,Methanol,279.14,374.96,0.0,4.44,83324.43
Tanker,193436.3,24415.0,14.24,3350.21,55.5,8,12.64,VLSFO,1021.85,3041.63,20.95,188.53,502748.82
Bulk Carrier,97045.58,20693.97,13.25,11073.33,89.11,4,14.66,Methanol,3615.36,4856.33,0.0,57.56,1079184.01
Container,77053.76,39558.75,21.67,3403.53,58.54,6,12.5,Methanol,1092.98,1468.14,0.0,17.4,326254.03
Tanker,177379.74,19049.53,15.59,3654.6,86.07,4,13.99,VLSFO,848.4,2525.36,17.39,156.53,417415.25
Bulk Carrier,74636.52,15162.86,15.86,10865.17,91.54,3,14.27,Ammonia,1758.4,0.0,0.0,32.71,817657.22
Tanker,164350.27,27079.85,13.21,1483.56,85.82,3,14.83,HFO,539.08,1677.33,43.34,108.35,184202.63
Bulk Carrier,35122.72,17288.02,12.59,10804.7,33.42,4,11.75,VLSFO,1383.78,4118.97,28.37,255.31,680821.83
Bulk Carrier,31091.45,11648.19,13.47,1488.27,71.48,4,13.41,Hydrogen,198.78,0.0,0.0,0.0,834862.93
Bulk Carrier,97859.67,14203.14,12.24,1456.0,84.17,4,14.04,HFO,293.86,914.33,23.63,59.07,100410.52
Container,58726.07,34942.68,19.7,6911.93,86.67,4,14.34,LNG,2131.54,5811.55,0.0,103.59,1087723.28
Bulk Carrier,51921.73,12461.22,13.29,5246.16,73.75,1,13.2,Methanol,798.85,1073.05,0.0,12.72,238455.85
Container,141300.08,51729.56,20.43,6900.2,81.7,6,13.77,VLSFO,3559.11,10594.06,72.96,656.66,1751084.3
Bulk Carrier,81953.23,19038.1,14.23,4763.14,88.22,2,13.89,VLSFO,1178.75,3508.66,24.16,217.48,579943.92
Bulk Carrier,96185.36,20880.84,13.26,4929.06,74.08,4,13.65,Methanol,1517.97,2039.01,0.0,24.17,453113.14
Tanker,114098.04,21417.48,16.8,6965.65,35.46,1,11.34,Ammonia,720.05,0.0,0.0,13.39,334824.43
Container,137900.38,39667.96,16.09,3624.61,87.89,5,13.71,HFO,1764.9,5491.46,141.9,354.75,603067.79
Bulk Carrier,69179.27,21412.11,14.86,10702.37,44.14,4,12.43,Methanol,2146.95,2883.89,0.0,34.18,640865.35
Container,116274.57,38870.52,16.49,1471.02,72.16,4,13.12,Hydrogen,537.02,0.0,0.0,0.0,2255467.86
Tanker,161393.35,17878.49,16.78,4863.23,56.56,4,12.55,Hydrogen,696.99,0.0,0.0,0.0,2927350.47
Bulk Carrier,69471.81,21265.58,12.45,5071.62,35.76,4,11.58,Methanol,990.52,1330.51,0.0,15.77,295668.97
Bulk Carrier,55907.09,17146.95,15.18,10645.7,60.33,2,12.41,HFO,1651.6,5138.93,132.79,331.97,564352.88
Tanker,154883.93,33487.84,13.55,3330.66,51.93,4,12.28,VLSFO,1114.98,3318.84,22.86,205.71,548568.34
Bulk Carrier,67831.51,15475.06,12.45,5063.97,32.35,4,11.12,Methanol,708.85,952.17,0.0,11.28,211592.52
Bulk Carrier,32771.12,13771.07,13.19,1456.32,97.59,1,14.55,Hydrogen,244.99,0.0,0.0,0.0,1028946.37
Bulk Carrier,44107.71,13603.97,12.32,3526.39,34.37,4,11.87,LNG,328.1,894.55,0.0,15.95,167428.74
Bulk Carrier,77419.05,9880.07,12.78,10827.95,61.99,4,13.65,LNG,1143.03,3116.41,0.0,55.55,583286.04
Tanker,125626.05,42720.89,13.7,7083.49,72.49,6,13.57,VLSFO,4201.21,12505.32,86.12,775.12,2066994.81
Bulk Carrier,69672.37,8689.92,13.5,6922.99,87.74,4,14.38,Hydrogen,752.39,0.0,0.0,0.0,3160030.8
Tanker,130182.87,29064.51,16.67,10639.86,38.97,4,12.01,Ammonia,1947.53,0.0,0.0,36.22,905600.52
Container,74349.51,49462.11,18.33,7276.1,62.16,3,13.2,HFO,2741.16,8529.07,220.39,550.97,936655.17
Container,54403.81,45900.31,22.56,4993.0,31.86,4,11.99,LNG,854.3,2329.21,0.0,41.52,435948.67
Container,135727.37,34799.68,18.03,1572.95,44.44,5,12.0,Ammonia,335.99,0.0,0.0,6.25,156235.09
Bulk Carrier,53305.61,20164.59,15.48,10467.59,47.68,2,12.27,Hydrogen,1584.36,0.0,0.0,0.0,6654320.47
Tanker,196044.1,15672.2,15.39,3484.58,90.15,4,14.48,VLSFO,693.24,2063.51,14.21,127.9,341075.32
Tanker,154241.76,26963.55,14.33,10735.61,58.38,5,13.15,VLSFO,2979.15,8867.74,61.07,549.65,1465742.87
Container,140817.66,30627.13,21.69,10857.36,69.58,3,13.44,Hydrogen,2221.84,0.0,0.0,0.0,9331714.46
Bulk Carrier,52671.51,14689.22,14.1,5076.03,50.01,4,12.54,LNG,639.7,1744.1,0.0,31.09,326436.72
Tanker,123303.14,40942.55,15.84,7010.41,77.96,4,13.81,Ammonia,3294.53,0.0,0.0,61.28,1531954.7
Tanker,143725.17,24274.21,12.38,1550.96,36.35,3,11.32,VLSFO,302.45,900.27,6.2,55.8,148805.22
Tanker,100033.49,22391.17,15.27,5091.45,75.85,4,14.35,Hydrogen,1213.83,0.0,0.0,0.0,5098078.23
Container,102596.33,50081.86,16.61,1557.82,50.16,2,12.58,Ammonia,516.53,0.0,0.0,9.61,240185.13
Container,80656.22,24947.73,18.3,11031.68,82.64,3,14.3,Hydrogen,2380.39,0.0,0.0,0.0,9997636.94
Container,121338.07,37133.28,19.71,1496.42,88.98,4,13.98,VLSFO,563.51,1677.36,11.55,103.97,277248.79
Container,130624.4,26653.37,16.59,3460.62,67.73,2,13.53,Hydrogen,722.96,0.0,0.0,0.0,3036414.31
Bulk Carrier,71701.92,18996.97,15.74,7102.2,75.66,4,13.97,Methanol,1653.24,2220.71,0.0,26.32,493490.68
Bulk Carrier,95489.31,21803.14,13.49,3553.72,72.17,5,13.37,VLSFO,999.98,2976.55,20.5,184.5,491991.59
Bulk Carrier,52032.32,10499.94,11.25,3503.33,60.34,1,13.01,LNG,367.18,1001.1,0.0,17.84,187372.47
Tanker,195199.49,26814.0,12.75,5110.48,41.02,3,11.68,HFO,1071.06,3332.59,86.11,215.28,365982.08
Tanker,195033.6,43962.96,12.08,3576.6,71.22,4,12.95,VLSFO,2039.79,6071.65,41.82,376.34,1003577.93
Bulk Carrier,42930.04,10158.45,15.71,1473.56,67.32,1,13.31,Hydrogen,119.14,0.0,0.0,0.0,500399.19
Bulk Carrier,35437.17,12996.83,14.89,1555.9,48.4,5,12.08,Hydrogen,167.72,0.0,0.0,0.0,704429.94
Container,93413.24,42414.42,23.56,3393.54,92.09,7,14.61,LNG,1258.89,3432.32,0.0,61.18,642413.49
Bulk Carrier,41702.6,14489.62,14.69,5210.5,48.78,4,11.83,Ammonia,634.14,0.0,0.0,11.8,294875.79
Tanker,139576.88,31364.08,15.4,7165.73,73.01,2,13.62,Ammonia,2139.06,0.0,0.0,39.79,994664.59
Container,76581.87,53816.01,15.87,3645.88,89.61,4,14.19,VLSFO,2325.62,6922.43,47.68,429.08,1144203.39
Bulk Carrier,49520.81,16460.96,12.39,6930.01,66.29,3,13.39,Ammonia,1227.46,0.0,0.0,22.83,570769.11
Bulk Carrier,91458.69,18724.46,15.86,3377.38,88.03,4,14.29,HFO,825.85,2569.63,66.4,166.0,282194.06
Container,109455.95,46353.56,21.97,4824.79,98.32,6,14.88,Ammonia,2180.66,0.0,0.0,40.56,1014008.71
Bulk Carrier,86654.28,22045.61,12.23,1425.67,48.52,5,12.79,Hydrogen,323.62,0.0,0.0,0.0,1359208.94
Tanker,119415.92,16686.89,13.77,6794.01,35.55,5,11.2,Hydrogen,778.51,0.0,0.0,0.0,3269758.35
Bulk Carrier,56638.81,23472.26,11.31,6788.16,56.85,6,13.26,LNG,1890.37,5154.01,0.0,91.87,964653.5
Tanker,146992.54,41344.15,13.08,6722.28,43.1,5,12.58,LNG,2211.92,6030.71,0.0,107.5,1128741.66
Container,70126.64,24281.66,19.86,3566.36,49.63,4,12.1,Hydrogen,519.62,0.0,0.0,0.0,2182404.45
Bulk Carrier,96233.61,21096.07,11.7,5005.66,84.99,4,14.04,Methanol,1920.95,2580.32,0.0,30.58,573403.71
Tanker,97250.68,36120.28,13.09,4968.7,98.61,1,14.6,LNG,2095.6,5713.57,0.0,101.85,1069385.64
Tanker,176752.97,26222.22,16.8,11539.27,91.66,4,14.09,Methanol,3596.39,4830.85,0.0,57.25,1073522.25
Container,91502.93,38965.21,14.04,11403.07,97.2,4,14.86,Ammonia,5619.1,0.0,0.0,104.52,2612879.8
Tanker,82035.32,21209.08,16.42,4804.84,50.65,3,11.97,Hydrogen,701.0,0.0,0.0,0.0,2944210.92
Container,102390.69,39411.9,18.41,4760.69,55.34,4,13.07,LNG,1276.12,3479.29,0.0,62.02,651204.54
Container,82471.35,39104.03,22.25,7254.36,94.93,1,15.39,Hydrogen,2052.54,0.0,0.0,0.0,8620662.18
Container,65480.02,43003.86,23.46,5212.59,99.57,5,15.41,Ammonia,1876.59,0.0,0.0,34.9,872614.95
Bulk Carrier,72078.2,20123.9,12.47,1483.59,82.52,4,13.61,Methanol,507.09,681.15,0.0,8.07,151367.7
Container,127140.9,41759.99,20.8,10940.15,72.77,5,13.33,VLSFO,3663.64,10905.18,75.1,675.94,1802508.77
Tanker,108983.98,43427.76,14.25,5104.33,93.07,4,14.19,Methanol,3489.16,4686.82,0.0,55.55,1041515.48
Container,92078.64,31332.64,22.63,6725.97,68.29,3,13.83,Hydrogen,1299.8,0.0,0.0,0.0,5459160.44
Container,91866.07,32777.58,14.54,11306.11,97.36,2,14.68,LNG,4125.98,11249.33,0.0,200.52,2105489.43
Tanker,196578.25,28044.87,13.11,3330.36,34.51,2,11.74,VLSFO,624.47,1858.81,12.8,115.22,307240.58
Tanker,144226.61,22294.56,12.01,1467.61,81.17,4,13.62,LNG,426.25,1162.14,0.0,20.72,217513.66
Bulk Carrier,30117.76,9289.73,13.23,6786.68,41.19,2,12.01,Hydrogen,436.84,0.0,0.0,0.0,1834743.97
Container,97939.33,20508.0,19.59,11462.44,86.28,5,13.95,LNG,2120.46,5781.36,0.0,103.05,1082072.67
Bulk Carrier,95857.17,17564.3,14.19,1571.47,44.65,2,12.28,VLSFO,206.55,614.81,4.23,38.11,101622.02
Container,75002.26,28496.98,15.73,11531.5,34.62,6,12.22,Hydrogen,2230.54,0.0,0.0,0.0,9368284.34
Bulk Carrier,97760.79,14396.55,15.99,10715.83,39.1,2,12.03,Methanol,1022.65,1373.68,0.0,16.28,305261.33
Container,114332.13,37001.32,17.37,6761.22,97.01,5,14.58,Hydrogen,3035.93,0.0,0.0,0.0,12750922.15
Tanker,129198.98,25879.92,12.96,5099.47,89.06,6,14.01,Methanol,2530.52,3399.13,0.0,40.29,755361.46
Container,102862.32,34271.57,19.97,1458.43,44.31,2,12.78,Methanol,282.78,379.84,0.0,4.5,84408.69
Container,145409.48,39170.73,19.05,7030.97,43.88,3,12.29,Methanol,1804.13,2423.4,0.0,28.72,538533.13
Container,98959.97,36080.61,20.91,1570.95,80.71,4,14.52,Hydrogen,485.4,0.0,0.0,0.0,2038694.25
Container,81968.02,30055.98,22.52,11026.64,57.07,3,13.07,HFO,2047.76,6371.56,164.64,411.6,699718.59
Container,123732.48,35008.92,22.62,11170.3,68.78,2,13.01,Hydrogen,2265.64,0.0,0.0,0.0,9515687.51
Tanker,117081.53,38971.17,12.32,7315.14,68.15,3,13.1,Methanol,4045.97,5434.75,0.0,64.41,1207722.47
Tanker,92311.26,17770.01,12.8,3448.76,73.21,3,14.22,Methanol,858.95,1153.78,0.0,13.67,256395.55
Tanker,178422.5,42668.65,13.23,3584.85,73.07,4,13.01,Hydrogen,1928.95,0.0,0.0,0.0,8101602.8
Tanker,191559.34,30341.44,13.04,4827.12,51.27,3,12.29,Hydrogen,1287.89,0.0,0.0,0.0,5409118.6
Tanker,184575.73,29100.47,12.22,4879.61,50.08,5,12.02,LNG,1388.61,3785.99,0.0,67.49,708607.71
Bulk Carrier,83285.43,14224.65,13.18,5099.07,64.01,2,12.88,LNG,716.96,1954.77,0.0,34.84,365866.6
Container,109867.06,28517.08,14.07,4836.92,84.88,3,14.75,LNG,1522.16,4150.11,0.0,73.98,776758.06
Tanker,149270.63,41112.93,16.5,4878.73,39.78,4,11.56,VLSFO,1395.07,4152.56,28.6,257.39,686373.45
Bulk Carrier,43792.67,16984.94,14.22,6864.43,65.15,5,13.48,HFO,1222.29,3803.13,98.27,245.68,417656.8
Tanker,171572.33,24825.07,16.97,1432.43,49.09,3,12.87,Ammonia,234.07,0.0,0.0,4.35,108843.38
Bulk Carrier,75448.54,23134.05,13.74,10953.12,65.2,3,13.42,Ammonia,2383.51,0.0,0.0,44.33,1108332.02
Container,76263.66,45407.05,15.5,1492.61,34.67,5,11.3,HFO,466.82,1452.5,37.53,93.83,159511.93
Bulk Carrier,80696.01,18305.79,14.56,1517.83,71.45,4,13.85,Hydrogen,320.19,0.0,0.0,0.0,1344806.26
Tanker,197627.27,30491.97,13.13,6929.87,54.83,4,12.96,Ammonia,2110.04,0.0,0.0,39.25,981166.78
Tanker,160982.98,18719.62,15.13,1483.73,36.2,5,12.34,Methanol,221.08,296.97,0.0,3.52,65993.38
Tanker,195685.88,44617.83,14.6,4979.61,81.28,3,13.68,LNG,2386.02,6505.38,0.0,115.96,1217584.84
Container,112465.83,44259.31,23.71,5240.23,64.0,5,13.41,Ammonia,1480.04,0.0,0.0,27.53,688218.27
Bulk Carrier,37533.72,8012.2,11.04,3585.17,69.06,1,13.45,LNG,337.48,920.14,0.0,16.4,172218.03
Bulk Carrier,83314.86,14905.45,14.18,3437.46,71.12,4,13.01,Methanol,673.33,904.46,0.0,10.72,200990.28
Bulk Carrier,85887.77,20234.68,15.65,3531.89,42.86,4,11.75,LNG,452.01,1232.4,0.0,21.97,230662.91
Tanker,188488.22,25406.24,13.6,11138.35,70.27,5,13.48,Ammonia,3392.02,0.0,0.0,63.09,1577290.1
Container,121925.58,42214.89,14.95,3400.0,47.98,5,12.16,Ammonia,1305.84,0.0,0.0,24.29,607215.73
Bulk Carrier,41282.83,24858.71,14.25,11340.55,39.01,3,11.81,HFO,2121.61,6601.36,170.58,426.44,724955.7
Tanker,156077.22,17769.28,13.93,3396.22,73.9,3,13.3,LNG,586.63,1599.43,0.0,28.51,299359.29
Tanker,96379.44,31307.15,16.4,6696.67,78.07,3,13.81,LNG,1880.49,5127.07,0.0,91.39,959612.7
Container,140062.61,39330.12,23.44,3556.04,61.77,4,13.4,Hydrogen,882.67,0.0,0.0,0.0,3707201.07
Container,83935.26,47966.15,15.89,3451.51,35.15,5,11.58,VLSFO,1069.12,3182.35,21.92,197.25,526007.76
Container,116954.81,54299.57,19.08,4777.46,54.81,8,12.25,LNG,1992.17,5431.56,0.0,96.82,1016602.24
Tanker,168780.01,26122.25,15.05,10836.54,56.2,4,12.19,LNG,2289.38,6241.92,0.0,111.26,1168273.06
Tanker,91965.27,27735.7,12.05,4893.16,68.86,3,13.44,VLSFO,1689.98,5030.41,34.64,311.8,831472.54
Tanker,122738.7,39548.3,14.41,1438.38,39.6,7,12.45,Hydrogen,514.71,0.0,0.0,0.0,2161797.97
Container,106530.64,24908.71,15.18,5048.1,36.05,4,11.36,LNG,755.44,2059.68,0.0,36.71,385500.86
Container,133792.44,40085.99,16.34,6842.62,49.69,5,12.92,HFO,2376.36,7394.01,191.06,477.65,812003.29
Bulk Carrier,43805.02,19612.08,13.71,7037.5,47.87,5,12.33,VLSFO,1375.04,4092.93,28.19,253.69,676517.54
Container,107462.28,23061.01,18.72,4881.32,38.16,4,11.54,Hydrogen,557.59,0.0,0.0,0.0,2341889.42
Bulk Carrier,92016.71,16141.07,11.14,11188.1,73.74,1,14.1,Methanol,2656.43,3568.25,0.0,42.29,792944.75
Container,61562.21,31217.21,16.78,1557.44,89.71,1,15.04,Methanol,518.56,696.56,0.0,8.26,154790.25
Bulk Carrier,86146.43,8146.97,15.8,1564.81,67.26,4,13.59,LNG,120.4,328.26,0.0,5.85,61439.45
Tanker,153920.65,38718.43,12.57,11115.58,67.26,5,13.38,Ammonia,5510.77,0.0,0.0,102.5,2562509.89
Container,87954.09,30254.65,19.44,4869.32,90.81,4,14.07,Ammonia,1392.2,0.0,0.0,25.89,647373.12
Container,74794.53,54974.26,18.74,11305.35,80.06,3,13.92,VLSFO,5429.5,16161.44,111.3,1001.74,2671313.01
Bulk Carrier,82098.81,8594.64,15.32,1527.63,46.36,3,12.91,Ammonia,89.15,0.0,0.0,1.66,41453.57
Tanker,143219.99,29203.52,13.83,5090.21,83.81,4,13.69,VLSFO,1991.2,5927.02,40.82,367.38,979672.43
Container,104821.08,52383.94,18.05,3522.75,50.67,8,12.42,Methanol,1919.61,2578.52,0.0,30.56,573003.48
Tanker,87676.21,23574.39,16.03,10741.84,66.06,3,12.88,LNG,2155.36,5876.51,0.0,104.75,1099881.1
Tanker,95192.64,20193.53,12.59,11300.28,61.16,3,13.65,HFO,2658.23,8271.02,213.72,534.3,908316.0
Tanker,118816.61,26606.63,13.45,5197.63,64.21,3,13.69,Hydrogen,1444.41,0.0,0.0,0.0,6066506.49
Tanker,90101.12,24985.31,16.78,7072.38,45.65,7,12.23,VLSFO,1484.31,4418.19,30.43,273.85,730279.05
Bulk Carrier,48534.9,11919.75,15.25,6928.98,42.0,5,11.86,Hydrogen,571.94,0.0,0.0,0.0,2402165.93
Bulk Carrier,87032.11,24197.64,12.31,4957.82,45.74,3,11.86,VLSFO,1116.39,3323.06,22.89,205.97,549265.65
Bulk Carrier,95616.92,19682.87,12.12,7098.34,44.18,5,12.4,HFO,1452.16,4518.37,116.75,291.88,496203.07
Container,57743.94,34836.83,22.8,7027.43,35.15,4,11.29,VLSFO,1148.02,3417.2,23.53,211.81,564825.92
Container,80073.48,42999.82,14.36,3528.17,32.99,3,11.59,VLSFO,915.58,2725.32,18.77,168.92,450465.97
Container,125353.15,28556.72,17.16,6812.21,68.26,6,13.1,Ammonia,1877.17,0.0,0.0,34.92,872882.86
Container,109817.2,35526.49,17.27,10821.13,59.97,4,13.15,Hydrogen,2950.49,0.0,0.0,0.0,12392076.2
Bulk Carrier,57881.74,23356.36,13.68,10812.95,78.67,3,14.48,VLSFO,3177.9,9459.34,65.15,586.32,1563527.02
Container,113784.39,34459.9,22.29,5019.25,87.95,5,14.74,LNG,1383.26,3771.41,0.0,67.23,705878.34
Bulk Carrier,78734.94,24229.28,13.7,6902.4,83.62,4,13.5,Methanol,2554.8,3431.73,0.0,40.67,762606.93
Bulk Carrier,75712.84,12173.63,15.65,5040.3,99.63,5,15.3,LNG,778.44,2122.4,0.0,37.83,397240.38
Tanker,147106.84,27122.24,15.89,10724.29,96.52,5,14.87,Methanol,4070.05,5467.1,0.0,64.8,1214911.23
Bulk Carrier,69804.8,12356.74,11.34,1569.98,74.11,5,13.1,VLSFO,320.74,954.72,6.58,59.18,157805.14
Bulk Carrier,40105.7,20842.95,14.77,3514.14,50.42,3,12.69,VLSFO,563.02,1675.88,11.54,103.88,277005.35
Bulk Carrier,53428.66,21525.86,13.2,1474.88,39.85,2,11.54,Ammonia,221.54,0.0,0.0,4.12,103017.14
Bulk Carrier,78423.71,8739.11,14.32,6818.26,85.73,8,14.04,Ammonia,992.91,0.0,0.0,18.47,461704.08
Bulk Carrier,94455.18,20134.69,14.94,7001.79,77.09,5,14.45,Hydrogen,1606.9,0.0,0.0,0.0,6748984.92
Container,120880.3,39416.52,14.68,6991.8,73.77,5,14.15,Hydrogen,3199.42,0.0,0.0,0.0,13437560.46
Tanker,153006.14,20817.71,12.45,3535.42,55.98,6,12.78,Ammonia,911.48,0.0,0.0,16.95,423838.73
Bulk Carrier,94112.2,24285.57,12.65,1548.68,74.35,5,14.23,Ammonia,510.93,0.0,0.0,9.5,237582.94
Bulk Carrier,72122.63,15070.6,12.28,11105.21,45.42,3,11.97,Methanol,1785.5,2398.37,0.0,28.43,532970.81
Container,126825.45,23308.13,17.67,1523.65,32.88,2,11.58,Ammonia,168.87,0.0,0.0,3.14,78522.41
Container,138866.89,44457.52,22.76,3599.92,69.28,8,13.63,Methanol,1569.65,2108.43,0.0,24.99,468540.35
Container,71560.77,21857.59,21.21,11309.5,73.94,2,14.31,LNG,1523.06,4152.56,0.0,74.02,777216.34
Container,93539.01,33546.78,15.85,3598.74,32.21,2,11.55,Methanol,759.23,1019.83,0.0,12.09,226629.8
Tanker,127202.02,22159.06,16.8,11168.68,60.1,4,12.59,LNG,1814.76,4947.86,0.0,88.2,926069.7
Bulk Carrier,45774.07,12601.9,11.55,6684.83,80.65,5,13.36,Ammonia,1310.98,0.0,0.0,24.38,609603.78
Bulk Carrier,67340.91,20798.36,13.61,3645.1,45.31,4,12.12,Hydrogen,658.22,0.0,0.0,0.0,2764527.58
Bulk Carrier,95189.81,23343.23,11.39,5022.2,85.9,3,13.79,HFO,1814.84,5646.83,145.91,364.78,620129.4
Bulk Carrier,56821.81,10589.3,12.37,1476.95,61.69,4,13.03,Ammonia,175.96,0.0,0.0,3.27,81820.59
Bulk Carrier,92532.73,13583.21,13.98,10826.52,92.72,1,14.99,LNG,1639.22,4469.25,0.0,79.67,836491.46
Bulk Carrier,71297.14,22526.58,13.91,6663.2,43.25,8,12.14,VLSFO,1675.38,4986.94,34.35,309.11,824286.99
Tanker,118890.82,15940.25,16.67,3351.65,66.97,4,13.84,HFO,517.4,1609.88,41.6,104.0,176795.65
Tanker,152311.24,33858.45,16.19,1515.35,57.25,7,13.23,Methanol,569.92,765.55,0.0,9.07,170122.18
Bulk Carrier,73741.96,21531.95,13.29,3524.06,80.12,4,14.02,Methanol,1208.01,1622.66,0.0,19.23,360591.23
Bulk Carrier,69849.37,12175.66,14.2,1567.66,46.4,4,12.81,LNG,135.09,368.32,0.0,6.57,68936.4
Container,148339.92,48402.58,14.99,3444.48,80.63,4,13.96,Hydrogen,1847.36,0.0,0.0,0.0,7758903.35
Bulk Carrier,61134.72,24726.22,15.02,6699.51,40.51,4,12.45,Hydrogen,1168.94,0.0,0.0,0.0,4909552.86
Bulk Carrier,39326.94,20901.86,15.35,5138.03,98.82,4,15.31,Methanol,1514.81,2034.77,0.0,24.12,452170.29
Container,117619.23,46192.57,15.34,1450.89,78.42,4,14.58,VLSFO,788.62,2347.42,16.17,145.5,388003.46
Container,119112.98,34130.9,14.5,1445.17,99.47,2,15.11,VLSFO,644.31,1917.84,13.21,118.87,316998.41
Bulk Carrier,64695.05,9945.94,14.98,11258.34,58.49,3,12.58,Ammonia,906.47,0.0,0.0,16.86,421508.9
Bulk Carrier,33217.91,21836.54,13.69,7000.09,82.42,3,13.49,Ammonia,1762.36,0.0,0.0,32.78,819498.49
Bulk Carrier,78339.02,21225.28,13.95,1442.33,53.83,3,12.89,Hydrogen,247.23,0.0,0.0,0.0,1038349.15
Bulk Carrier,87788.49,24860.83,13.6,3436.5,84.4,5,14.07,VLSFO,1249.16,3718.26,25.61,230.47,614587.67
Bulk Carrier,96191.7,24599.78,15.2,11215.27,30.21,6,11.77,LNG,1701.39,4638.78,0.0,82.69,868221.59
Bulk Carrier,46756.84,21417.42,13.18,5062.78,89.94,5,14.89,HFO,1786.02,5557.18,143.6,358.99,610284.23
Container,142988.94,32665.16,20.08,4971.64,79.6,3,14.35,LNG,1221.55,3330.52,0.0,59.37,623359.19
Bulk Carrier,94008.19,9739.32,15.2,1429.89,87.51,5,14.77,VLSFO,175.01,520.93,3.59,32.29,86103.93
Container,113517.47,45774.99,18.59,5102.52,53.94,2,13.04,VLSFO,1512.89,4503.26,31.01,279.13,744340.23
Container,128407.39,43840.54,19.59,3448.41,68.04,4,12.84,VLSFO,1282.0,3816.01,26.28,236.53,630745.34
Tanker,177073.89,20603.14,16.02,1560.54,79.4,3,14.44,Ammonia,340.23,0.0,0.0,6.33,158204.75
Tanker,195566.5,29611.04,16.09,1556.37,44.63,4,11.8,Methanol,371.13,498.52,0.0,5.91,110783.29
Tanker,127847.86,17773.6,14.14,11034.26,74.19,4,13.63,LNG,2126.22,5797.06,0.0,103.33,1085012.0
Tanker,166044.61,39431.67,14.74,1452.1,82.87,5,13.77,Hydrogen,709.46,0.0,0.0,0.0,2979726.2
Container,75739.73,23277.84,20.4,1518.21,96.32,5,15.04,LNG,306.56,835.82,0.0,14.9,156436.52
Tanker,186243.82,28764.72,16.48,1470.9,90.15,3,15.12,Hydrogen,432.07,0.0,0.0,0.0,1814694.4
Container,96167.15,42143.81,21.27,7331.16,73.86,1,13.4,Hydrogen,1940.32,0.0,0.0,0.0,8149361.68
Tanker,115260.57,17937.46,12.97,7071.46,48.91,7,12.4,HFO,1459.4,4540.88,117.34,293.34,498675.51
Container,127058.41,32974.32,16.6,1433.44,70.64,2,13.52,VLSFO,433.75,1291.09,8.89,80.03,213403.88
Tanker,114310.1,36983.26,14.61,3429.87,74.55,3,13.1,VLSFO,1299.14,3867.02,26.63,239.69,639177.48
Bulk Carrier,95101.37,18704.23,13.93,3673.08,56.49,3,13.24,VLSFO,658.04,1958.71,13.49,121.41,323754.3
Bulk Carrier,47686.91,20237.35,12.03,11418.45,87.46,5,14.95,Hydrogen,3573.8,0.0,0.0,0.0,15009943.54
Container,98813.69,58950.93,15.98,7025.89,70.5,3,13.14,LNG,3721.31,10145.99,0.0,180.86,1898982.2
Bulk Carrier,68704.48,9107.78,14.65,7136.67,66.22,2,12.78,LNG,590.65,1610.37,0.0,28.71,301406.35
Tanker,173786.22,42330.15,14.7,5139.86,78.48,4,13.73,Hydrogen,2520.8,0.0,0.0,0.0,10587354.82
Bulk Carrier,46079.37,20113.99,14.17,3419.61,35.6,3,11.71,HFO,451.26,1404.07,36.28,90.7,154193.99
Container,131908.17,24717.31,21.15,5095.75,39.91,4,12.55,Hydrogen,589.25,0.0,0.0,0.0,2474834.94
Tanker,185755.49,38453.49,14.45,7269.27,87.78,3,13.94,VLSFO,3431.46,10214.07,70.34,633.1,1688276.39
Container,110224.67,23880.82,14.9,7185.78,98.12,3,15.44,HFO,2174.88,6767.1,174.86,437.15,743157.34
Tanker,85840.51,43753.99,13.34,6994.27,86.97,4,14.71,HFO,4541.59,14131.07,365.14,912.86,1551861.2
Container,94987.86,42781.9,20.63,1517.59,49.14,6,12.86,Methanol,508.84,683.5,0.0,8.1,151889.1
Tanker,98886.15,26930.15,13.71,4963.73,55.06,1,12.36,LNG,1029.29,2806.31,0.0,50.02,525244.99
Container,100651.35,56359.55,18.67,6893.69,40.95,4,11.55,LNG,2048.38,5584.83,0.0,99.55,1045288.95
Bulk Carrier,69536.8,23521.27,12.39,4948.71,49.08,4,13.0,Hydrogen,1076.13,0.0,0.0,0.0,4519752.52
Tanker,94921.29,23242.32,16.89,5016.7,54.88,3,12.94,VLSFO,849.82,2529.58,17.42,156.79,418112.79
Tanker,197686.07,28117.21,16.22,6788.18,91.35,3,14.45,Ammonia,2056.68,0.0,0.0,38.25,956356.06
Tanker,90054.74,19200.42,15.77,1463.65,64.88,5,13.86,LNG,255.61,696.9,0.0,12.42,130436.18
Container,89434.83,52405.82,15.62,3493.82,57.39,3,13.36,Hydrogen,1398.33,0.0,0.0,0.0,5873000.98
Tanker,80295.55,18551.81,13.68,3328.19,97.78,5,14.36,Ammonia,926.19,0.0,0.0,17.23,430678.95
Bulk Carrier,57603.87,15245.48,11.54,7193.55,42.32,1,12.18,LNG,888.14,2421.47,0.0,43.16,453215.47
Bulk Carrier,66049.33,22954.49,12.0,1512.23,67.77,2,13.12,VLSFO,442.62,1317.51,9.07,81.66,217770.04
Container,51461.73,34167.3,20.45,1565.78,96.92,7,14.48,LNG,604.97,1649.42,0.0,29.4,308715.61
Bulk Carrier,83656.17,24762.75,14.08,6736.86,98.8,4,14.83,Ammonia,2313.49,0.0,0.0,43.03,1075771.72
Bulk Carrier,80424.11,15344.3,13.8,7317.22,41.89,3,12.2,VLSFO,865.75,2577.0,17.75,159.73,425950.61
Container,136340.25,24908.63,19.57,6986.53,95.19,5,15.21,VLSFO,1900.41,5656.75,38.96,350.62,934999.73
Bulk Carrier,89224.13,9974.93,15.22,4786.94,55.1,4,12.38,Methanol,455.56,611.93,0.0,7.25,135985.26
Tanker,132111.78,23464.47,14.42,10911.23,80.17,3,13.93,Ammonia,2902.25,0.0,0.0,53.98,1349543.94
Tanker,162253.5,40723.08,15.95,10764.24,43.73,3,11.8,LNG,2751.69,7502.38,0.0,133.73,1404187.9
Bulk Carrier,86178.81,23650.14,11.12,3436.93,55.31,3,12.13,LNG,870.42,2373.16,0.0,42.3,444174.52
Bulk Carrier,98179.21,13422.0,13.37,5028.71,47.03,3,12.73,HFO,587.57,1828.21,47.24,118.1,200772.84
Tanker,193157.07,19883.24,16.64,4769.06,31.4,3,12.06,VLSFO,505.08,1503.41,10.35,93.19,248497.32
Tanker,98171.27,17252.22,12.94,5044.45,71.04,3,13.75,Methanol,1253.06,1683.18,0.0,19.95,374039.67
Bulk Carrier,76176.9,12159.4,14.77,1501.25,73.26,4,13.34,Methanol,220.88,296.7,0.0,3.52,65933.41
Bulk Carrier,61028.35,16679.08,13.42,5011.78,79.93,4,14.3,Methanol,1248.67,1677.27,0.0,19.88,372727.06
Container,64356.2,25281.45,15.33,3626.72,52.4,6,13.12,LNG,781.18,2129.85,0.0,37.97,398634.56
Tanker,112185.94,35238.02,13.75,6899.06,96.47,4,14.3,HFO,3556.23,11065.14,285.92,714.8,1215163.81
Tanker,82593.46,21804.61,14.3,1486.24,66.82,3,12.81,HFO,335.7,1044.52,26.99,67.48,114708.52
Container,78687.5,22653.68,18.14,5234.66,35.12,4,11.33,Ammonia,575.49,0.0,0.0,10.7,267603.94
Tanker,122225.65,20010.02,13.41,7062.73,82.46,5,14.56,Ammonia,2033.92,0.0,0.0,37.83,945774.14
Tanker,114191.93,28772.57,16.03,3599.39,74.9,3,14.17,HFO,984.93,3064.6,79.19,197.97,336551.39
Bulk Carrier,87709.47,16777.58,12.23,7061.15,35.4,2,11.56,Hydrogen,796.95,0.0,0.0,0.0,3347201.47
Bulk Carrier,73065.17,11317.36,13.85,10932.32,41.94,6,12.36,Methanol,1326.84,1782.28,0.0,21.12,396061.54
Tanker,107866.2,21282.71,16.8,3582.84,86.81,5,14.39,Ammonia,840.38,0.0,0.0,15.63,390775.59
Tanker,155154.14,21999.67,13.22,3598.07,93.18,4,15.0,LNG,1077.25,2937.08,0.0,52.35,549721.32
Bulk Carrier,80559.44,13892.05,12.16,1428.1,58.23,2,13.24,VLSFO,222.6,662.6,4.56,41.07,109520.79
Tanker,111542.56,38827.49,16.02,1532.32,89.07,3,15.16,LNG,585.33,1595.87,0.0,28.45,298692.18
Container,115103.96,53543.1,18.92,3547.9,73.14,4,13.41,Ammonia,1586.81,0.0,0.0,29.51,737868.71
Container,102038.28,30640.41,18.75,5038.2,91.24,2,14.59,Hydrogen,1452.32,0.0,0.0,0.0,6099747.13
Tanker,109943.29,38675.56,16.53,10538.71,79.61,3,13.4,Methanol,4616.85,6201.59,0.0,73.5,1378131.02
Tanker,179905.05,24723.6,13.0,3404.28,34.4,4,11.75,Methanol,668.48,897.94,0.0,10.64,199541.81
Container,133544.6,57796.92,22.15,6788.14,31.3,4,11.92,HFO,1727.33,5374.56,138.88,347.19,590229.86
Container,93433.75,59538.91,20.26,3654.26,93.59,5,15.36,LNG,1876.67,5116.66,0.0,91.21,957664.37
Bulk Carrier,30417.22,21458.96,14.03,1425.6,73.43,2,13.05,VLSFO,332.49,989.69,6.82,61.34,163585.28
Bulk Carrier,91641.18,18143.74,13.86,3413.27,35.15,2,12.12,HFO,403.16,1254.43,32.41,81.04,137760.61
Container,142317.19,25294.47,21.47,10981.35,69.06,3,14.02,Hydrogen,1923.79,0.0,0.0,0.0,8079899.04
Bulk Carrier,90427.03,9519.74,14.8,7096.51,87.32,4,14.22,Methanol,911.97,1225.01,0.0,14.52,272224.05
Tanker,128339.78,41361.99,14.08,3423.14,89.72,4,14.9,Hydrogen,1866.86,0.0,0.0,0.0,7840795.84
Container,138171.78,50422.81,20.95,5116.49,66.58,2,13.62,HFO,1685.7,5245.02,135.53,338.83,576003.21
Tanker,127083.64,43240.97,13.34,6975.3,35.17,4,12.02,LNG,2051.9,5594.42,0.0,99.72,1047083.39
Tanker,111185.03,17905.75,13.33,10996.02,59.96,3,12.58,Ammonia,1961.83,0.0,0.0,36.49,912252.1
Bulk Carrier,84101.81,22545.4,15.73,11048.09,39.79,3,12.07,Ammonia,1650.0,0.0,0.0,30.69,767252.27
Tanker,152929.2,17145.85,14.64,4891.48,40.9,5,11.73,Methanol,726.62,976.03,0.0,11.57,216895.16
Bulk Carrier,85984.06,23306.69,12.45,10917.96,41.05,2,11.61,Hydrogen,2127.79,0.0,0.0,0.0,8936723.75
Container,83469.89,22718.97,15.58,1461.61,52.78,4,12.81,Methanol,305.98,411.01,0.0,4.87,91336.3
Container,110260.51,26651.03,19.3,5059.78,91.51,4,14.1,Methanol,1568.85,2107.35,0.0,24.98,468301.03
Container,106378.04,25609.04,20.45,5045.29,63.82,5,13.78,HFO,1006.64,3132.14,80.93,202.33,343969.32
Bulk Carrier,32375.23,20629.49,14.18,4895.21,53.52,4,12.11,Methanol,1033.99,1388.91,0.0,16.46,308646.91
Bulk Carrier,77475.86,19983.29,14.9,3338.16,50.72,2,12.94,HFO,516.53,1607.19,41.53,103.82,176499.8
Container,117877.03,50143.04,23.01,4956.53,61.95,2,13.04,VLSFO,1532.65,4562.09,31.42,282.77,754064.01
Container,57918.96,33611.0,23.76,3485.7,61.5,4,12.88,Ammonia,701.58,0.0,0.0,13.05,326232.41
Tanker,138815.23,18476.31,14.73,10548.57,60.16,4,13.42,LNG,1857.1,5063.31,0.0,90.26,947677.92
Container,59565.13,38143.07,18.25,11213.94,82.36,5,14.26,VLSFO,4520.52,13455.78,92.67,834.04,2224095.57
Tanker,101992.7,20717.01,16.8,11290.41,64.24,3,12.85,HFO,1936.92,6026.69,155.73,389.32,661845.34
Tanker,137889.37,22286.52,12.77,3446.37,62.33,4,13.38,Hydrogen,848.42,0.0,0.0,0.0,3563361.96
Bulk Carrier,75148.48,21523.02,14.32,6653.85,97.38,5,14.88,LNG,1809.52,4933.59,0.0,87.94,923399.85
Bulk Carrier,92396.6,15213.74,12.66,11067.57,34.27,4,11.69,LNG,1213.44,3308.4,0.0,58.97,619218.71
Tanker,147580.62,43041.63,12.51,4761.98,56.47,5,12.87,Hydrogen,2342.63,0.0,0.0,0.0,9839049.5
Tanker,161853.78,18579.82,15.12,1493.29,37.68,3,11.63,LNG,159.2,434.05,0.0,7.74,81239.04
Container,127617.57,25767.0,22.13,6856.72,95.31,5,15.4,Hydrogen,1597.6,0.0,0.0,0.0,6709916.37
Container,84856.51,31682.74,23.49,1529.34,79.59,6,14.48,LNG,355.49,969.23,0.0,17.28,181406.73
Bulk Carrier,41222.71,13655.08,15.5,7180.45,32.77,2,11.49,VLSFO,519.68,1546.87,10.65,95.88,255680.26
Bulk Carrier,52855.62,18896.14,12.71,4874.65,58.77,1,12.84,HFO,872.47,2714.67,70.15,175.37,298122.76
Container,96839.05,38364.64,19.87,3374.0,74.0,3,13.06,Hydrogen,970.06,0.0,0.0,0.0,4074270.09
Tanker,155024.47,24281.17,14.83,1445.05,88.63,4,14.68,HFO,434.62,1352.3,34.94,87.36,148508.91
Container,68849.33,54674.31,16.06,10644.49,79.94,6,14.51,Methanol,8098.86,10878.8,0.0,128.93,2417511.12
Tanker,138713.17,33486.69,16.44,1521.76,82.5,8,14.63,VLSFO,702.5,2091.05,14.4,129.61,345628.24
Container,109376.04,36377.42,23.39,3649.07,60.82,4,12.47,HFO,835.36,2599.2,67.16,167.91,285442.11
Bulk Carrier,54335.23,17889.51,11.32,7321.25,53.64,3,12.91,VLSFO,1354.67,4032.3,27.77,249.94,666495.95
Tanker,103995.84,37398.01,15.56,3424.99,53.23,5,12.51,VLSFO,1137.55,3386.05,23.32,209.88,559676.94
Container,65083.3,37613.94,16.5,5064.72,35.49,5,11.5,HFO,1207.41,3756.84,97.08,242.69,412572.42
Tanker,182051.87,37432.44,13.52,3590.59,61.27,3,13.69,HFO,1481.38,4609.27,119.1,297.76,506186.33
Tanker,147153.08,16367.66,14.44,3593.54,44.84,5,11.75,VLSFO,508.22,1512.76,10.42,93.77,250043.28
Tanker,153708.43,41465.26,15.89,7308.0,65.28,4,12.78,LNG,2731.66,7447.75,0.0,132.76,1393964.12
Bulk Carrier,38665.84,23872.94,14.97,11064.37,39.54,4,11.46,LNG,1800.35,4908.6,0.0,87.5,918721.12
Tanker,188609.77,35093.29,14.16,6926.52,52.87,4,12.32,VLSFO,2339.69,6964.31,47.96,431.67,1151125.06
Tanker,130059.87,43545.49,16.13,3340.68,33.4,2,11.69,LNG,712.48,1942.56,0.0,34.63,363580.54
Tanker,175352.02,25989.84,15.36,7052.32,83.67,3,13.61,VLSFO,2146.87,6390.37,44.01,396.1,1056260.1
Container,123706.98,28887.91,20.25,4823.41,85.02,5,14.55,Ammonia,1266.79,0.0,0.0,23.56,589058.07
Bulk Carrier,60708.07,15169.42,15.84,7114.4,99.35,3,15.21,Ammonia,1207.38,0.0,0.0,22.46,561429.48
Tanker,176447.75,43585.16,13.3,1571.87,30.15,5,11.11,Methanol,592.68,796.12,0.0,9.44,176915.47
Tanker,196572.15,23023.87,15.13,5187.68,54.21,4,12.63,Methanol,1206.48,1620.61,0.0,19.21,360134.68
Tanker,80241.84,30643.19,13.86,4813.12,44.92,1,12.33,Ammonia,1046.88,0.0,0.0,19.47,486800.83
Tanker,115925.43,18228.26,12.14,3469.93,99.22,4,15.14,HFO,1151.13,3581.73,92.55,231.38,393341.9
Tanker,139294.67,20621.19,13.72,10491.53,72.84,3,13.19,LNG,2239.02,6104.61,0.0,108.82,1142573.48
Tanker,81574.52,32912.92,12.44,5234.01,33.57,1,11.43,Hydrogen,1103.98,0.0,0.0,0.0,4636723.42
Container,112786.33,27007.2,14.03,10507.52,99.6,6,15.36,VLSFO,4929.63,14673.54,101.06,909.52,2425379.03
Bulk Carrier,70557.36,17739.52,15.72,3674.75,79.02,6,14.47,Methanol,932.61,1252.73,0.0,14.85,278384.86
Bulk Carrier,56389.44,13004.11,11.9,6976.18,35.44,4,11.7,Ammonia,707.92,0.0,0.0,13.17,329181.48
Container,51018.84,20431.08,18.79,7111.08,99.55,5,14.8,LNG,1471.61,4012.28,0.0,71.52,750960.59
Tanker,194598.51,36541.61,13.55,3467.74,100.0,4,15.18,Hydrogen,1867.37,0.0,0.0,0.0,7842969.45
Container,89817.24,27635.04,21.68,7227.95,77.44,2,13.59,Ammonia,1388.88,0.0,0.0,25.83,645830.22
Container,58369.17,26671.76,14.3,6907.77,95.68,2,14.44,Methanol,2552.54,3428.7,0.0,40.64,761933.42
Bulk Carrier,33573.32,16205.52,14.47,3496.18,97.63,5,15.44,VLSFO,902.18,2685.42,18.49,166.45,443870.99
Tanker,194223.02,32732.41,16.64,5079.12,66.36,6,13.43,Hydrogen,1669.7,0.0,0.0,0.0,7012722.06
Tanker,120680.44,20546.06,13.26,7312.31,38.01,3,11.57,Methanol,1325.05,1779.87,0.0,21.09,395527.22
Bulk Carrier,38816.55,18059.1,15.14,3376.94,51.69,5,12.81,Ammonia,539.46,0.0,0.0,10.03,250847.37
Bulk Carrier,92951.03,10246.19,12.83,7285.67,32.9,3,11.17,LNG,441.94,1204.92,0.0,21.48,225519.69
Tanker,189427.3,16190.6,13.17,7155.45,57.33,4,13.47,LNG,1201.95,3277.06,0.0,58.41,613353.69
Bulk Carrier,74296.7,10453.8,14.61,7188.31,38.14,5,12.06,LNG,522.7,1425.13,0.0,25.4,266735.16
Tanker,98296.85,37413.71,16.4,1572.5,50.37,2,13.08,Ammonia,398.86,0.0,0.0,7.42,185471.0
Bulk Carrier,69510.79,19685.12,13.02,1521.87,49.74,1,12.55,HFO,251.84,783.61,20.25,50.62,86054.89
Tanker,172107.41,20083.36,15.87,3650.68,83.63,3,13.93,HFO,794.35,2471.6,63.87,159.66,271428.82
Bulk Carrier,67335.14,17623.81,13.36,6697.04,43.05,4,12.44,LNG,844.53,2302.58,0.0,41.04,430964.59
Tanker,171595.4,26430.03,16.69,11280.16,63.06,3,12.93,Methanol,2745.87,3688.39,0.0,43.71,819641.79
Bulk Carrier,64411.67,22421.34,13.86,1544.12,52.33,5,13.04,Methanol,382.06,513.21,0.0,6.08,114045.61
Container,111727.82,51641.48,23.2,1510.63,30.44,5,11.65,HFO,324.91,1010.95,26.12,65.31,111021.44
Tanker,179361.34,24991.13,12.88,1460.26,88.41,4,14.25,Methanol,620.25,833.15,0.0,9.87,185144.85
Bulk Carrier,93355.37,12601.49,11.67,1554.07,82.47,1,13.52,VLSFO,259.06,771.12,5.31,47.8,127457.96
Container,87361.24,29650.53,17.15,1488.74,75.89,2,13.73,Ammonia,364.84,0.0,0.0,6.79,169650.8
Bulk Carrier,87070.02,19443.01,13.56,5143.6,40.46,4,12.28,Methanol,850.25,1142.1,0.0,13.54,253799.27
Bulk Carrier,94001.79,11548.78,12.37,5227.62,85.6,4,13.81,Hydrogen,890.0,0.0,0.0,0.0,3737987.04
Tanker,151415.27,22911.22,16.35,3422.87,31.77,4,12.14,VLSFO,432.38,1287.02,8.86,79.77,212731.01
Container,139631.68,53507.31,14.33,3355.08,82.38,2,13.79,Ammonia,1869.62,0.0,0.0,34.77,869371.41
Tanker,172328.66,33151.63,14.94,1551.15,53.17,4,13.05,Hydrogen,476.77,0.0,0.0,0.0,2002413.13
Bulk Carrier,95037.79,17646.74,11.6,1438.16,90.73,6,14.4,Ammonia,465.0,0.0,0.0,8.65,216223.49
Bulk Carrier,72777.68,15624.05,14.26,5063.81,95.41,5,14.57,Methanol,1260.57,1693.27,0.0,20.07,376281.26
Bulk Carrier,67694.94,22025.73,13.13,7252.26,96.47,5,14.77,Ammonia,2600.41,0.0,0.0,48.37,1209189.21
Bulk Carrier,92593.03,19852.77,15.35,1443.26,57.97,2,13.16,VLSFO,231.97,690.47,4.76,42.8,114127.39
Container,92019.11,37848.54,18.93,3403.62,31.07,3,11.64,HFO,610.98,1901.05,49.12,122.81,208771.56
Container,74798.08,58271.91,18.93,6701.96,57.8,3,13.41,Hydrogen,2847.67,0.0,0.0,0.0,11960227.61
Bulk Carrier,55827.51,15136.38,13.17,11497.8,30.65,4,11.36,LNG,1040.07,2835.72,0.0,50.55,530748.98
Bulk Carrier,55098.91,18299.91,14.99,4953.84,50.7,5,12.69,HFO,809.1,2517.51,65.05,162.63,276470.48
Container,120792.94,43001.62,22.25,1507.4,62.65,6,12.97,Methanol,534.05,717.36,0.0,8.5,159413.01
Bulk Carrier,49753.73,12259.93,12.05,7147.07,81.91,1,14.17,VLSFO,1160.49,3454.31,23.79,214.11,570960.08
Tanker,147009.34,40561.58,12.9,1574.85,30.33,4,11.02,Methanol,465.8,625.69,0.0,7.42,139042.21
Container,71516.19,51096.09,18.8,4805.7,47.35,3,12.27,Hydrogen,1388.95,0.0,0.0,0.0,5833569.36
Tanker,165792.38,39432.99,16.81,3435.7,75.17,4,13.5,Methanol,1452.21,1950.68,0.0,23.12,433484.5
Container,102061.81,37614.85,22.34,3342.94,53.35,7,12.44,Methanol,937.7,1259.56,0.0,14.93,279902.78
Bulk Carrier,77967.8,22486.65,14.99,5110.8,68.92,8,14.12,LNG,1363.9,3718.62,0.0,66.29,695998.21
Container,78214.04,53602.49,17.86,7299.33,37.34,2,11.59,VLSFO,2215.07,6593.37,45.41,408.68,1089813.41
Tanker,166777.42,41414.58,15.65,10459.08,82.83,1,13.96,VLSFO,4488.73,13361.15,92.02,828.17,2208454.83
Container,97223.98,34836.32,20.2,4781.43,35.44,6,11.76,Ammonia,893.97,0.0,0.0,16.63,415697.96
Tanker,159319.44,24894.18,15.61,10802.92,99.33,3,14.63,HFO,3606.12,11220.36,289.93,724.83,1232209.67
Bulk Carrier,98728.33,16698.94,11.93,7317.95,89.99,6,14.34,Hydrogen,1900.75,0.0,0.0,0.0,7983134.11
Tanker,148325.04,36741.93,15.05,6910.26,48.61,2,13.04,LNG,1642.93,4479.38,0.0,79.85,838386.13
Container,51311.56,23844.18,17.66,1551.16,59.15,5,12.53,Hydrogen,293.17,0.0,0.0,0.0,1231296.57
Bulk Carrier,75223.49,16287.68,12.95,10977.33,45.46,2,11.83,Hydrogen,1538.21,0.0,0.0,0.0,6460473.89
Bulk Carrier,57123.15,22980.48,13.84,6968.3,43.33,4,12.52,Methanol,1555.02,2088.79,0.0,24.76,464174.53
Bulk Carrier,90352.86,11906.38,12.98,1570.52,68.24,3,13.48,HFO,214.51,667.44,17.25,43.12,73297.53
Tanker,160934.55,37032.06,12.42,7295.36,71.64,2,12.98,Methanol,3730.36,5010.81,0.0,59.39,1113512.65
Container,94204.75,29472.09,19.12,10694.71,69.01,2,13.49,VLSFO,2376.05,7072.54,48.71,438.38,1169014.58
Bulk Carrier,63743.88,16356.96,12.13,10898.11,44.33,4,12.27,VLSFO,1823.71,5428.46,37.39,336.48,897266.68
Bulk Carrier,51816.61,13689.69,14.41,1456.13,72.8,3,13.65,Hydrogen,227.96,0.0,0.0,0.0,957413.5
Container,58435.22,42292.43,21.75,4899.56,38.02,3,12.32,LNG,883.46,2408.71,0.0,42.94,450827.61
Container,102075.11,31042.18,20.84,3550.57,75.32,3,13.54,VLSFO,851.19,2533.65,17.45,157.04,418785.28
Bulk Carrier,50268.6,20075.4,11.21,5026.33,33.95,2,11.18,Hydrogen,715.01,0.0,0.0,0.0,3003047.46
Container,62202.02,28846.77,20.82,7198.71,90.44,3,13.92,HFO,1891.26,5884.61,152.06,380.14,646242.72
Bulk Carrier,69955.8,17440.84,11.51,11311.69,91.43,3,14.83,VLSFO,3041.68,9053.85,62.35,561.19,1496504.83
Bulk Carrier,37145.43,16116.35,11.42,5083.74,48.26,4,12.93,HFO,891.78,2774.77,71.7,179.25,304722.27
Bulk Carrier,89259.54,12127.46,11.77,7151.5,84.22,4,14.38,Ammonia,1291.83,0.0,0.0,24.03,600699.57
Tanker,115063.77,32105.19,12.84,3395.32,88.05,4,14.75,HFO,1483.99,4617.4,119.31,298.28,507078.59
Bulk Carrier,96204.8,23858.7,11.46,6914.69,71.68,3,12.91,HFO,2248.73,6996.87,180.8,451.99,768390.57
Bulk Carrier,96159.13,12355.73,15.45,3584.33,38.97,5,11.59,Hydrogen,314.13,0.0,0.0,0.0,1319338.23
Bulk Carrier,68823.17,21804.11,11.9,1477.81,44.21,4,11.99,HFO,320.17,996.21,25.74,64.35,109402.95
Container,64153.71,31911.37,14.37,1555.32,89.27,3,14.27,LNG,585.36,1595.95,0.0,28.45,298707.71
Container,120072.01,22192.29,18.69,3604.31,49.15,2,12.92,VLSFO,494.16,1470.91,10.13,91.17,243125.26
Tanker,168007.6,27813.83,14.71,6652.49,79.9,4,13.99,Ammonia,1973.84,0.0,0.0,36.71,917833.45
Bulk Carrier,36914.57,21523.35,12.26,10685.38,83.35,5,14.51,Methanol,4207.22,5651.35,0.0,66.98,1255855.57
Container,70613.95,30814.13,21.62,11430.11,85.08,4,14.71,LNG,2466.89,6725.86,0.0,119.89,1258851.72
Bulk Carrier,75214.43,18041.19,14.07,10810.48,30.64,4,11.75,HFO,1278.45,3977.87,102.79,256.97,436845.72
Container,67817.64,24731.35,19.39,4861.81,35.8,3,11.58,Ammonia,560.29,0.0,0.0,10.42,260536.26
Container,134384.64,25227.89,22.48,7212.27,83.95,5,13.63,Methanol,1718.41,2308.25,0.0,27.36,512944.72
Tanker,151295.97,38989.23,14.41,11263.16,77.31,4,14.36,LNG,4694.7,12799.92,0.0,228.16,2395706.22
Container,103302.7,37522.39,17.17,3574.09,43.93,1,12.56,HFO,787.64,2450.74,63.33,158.32,269137.93
Tanker,158168.28,43829.92,14.48,6953.09,37.67,3,11.82,Ammonia,2085.9,0.0,0.0,38.8,969944.3
Container,56912.39,28490.27,23.09,11265.96,35.39,3,11.37,LNG,1117.01,3045.47,0.0,54.29,570007.79
Container,76431.6,34903.18,15.21,10984.5,48.7,3,12.15,VLSFO,2867.92,8536.66,58.79,529.13,1411017.82
Tanker,170125.77,41684.73,12.93,3536.08,65.6,2,12.75,Hydrogen,1599.92,0.0,0.0,0.0,6719667.01
Tanker,148906.19,31703.08,15.62,3625.16,31.19,2,11.03,HFO,567.68,1766.33,45.64,114.1,193976.32
Bulk Carrier,62771.74,8803.32,11.02,6904.27,68.72,3,13.96,HFO,857.64,2668.52,68.95,172.38,293053.98
Tanker,92163.88,42689.72,13.41,1527.23,85.0,4,14.14,Ammonia,852.99,0.0,0.0,15.87,396640.71
Container,61457.42,25666.55,23.62,6785.89,65.27,3,12.73,LNG,1003.26,2735.34,0.0,48.76,511962.12
Container,149911.01,21746.81,21.19,1474.31,97.98,4,15.51,HFO,308.4,959.57,24.8,61.99,105378.83
Container,125651.23,48119.76,14.53,7045.16,49.66,2,13.0,Ammonia,2576.38,0.0,0.0,47.92,1198017.6
Bulk Carrier,38756.14,8953.12,14.19,4937.68,42.22,3,11.7,VLSFO,338.75,1008.31,6.94,62.5,166663.26
Tanker,125144.25,34435.19,14.53,3374.86,37.31,4,11.39,HFO,789.07,2455.16,63.44,158.6,269623.58
Bulk Carrier,49943.99,15910.98,13.18,1459.83,53.9,2,13.01,Ammonia,197.41,0.0,0.0,3.67,91793.39
Bulk Carrier,67786.63,21575.59,14.56,10778.59,50.98,7,12.0,Methanol,2904.81,3901.89,0.0,46.24,867086.07
Container,127250.14,40279.62,22.12,4836.69,39.83,2,11.73,LNG,774.93,2112.81,0.0,37.66,395445.84
Tanker,181234.4,35407.07,15.84,1467.53,33.86,2,11.72,VLSFO,285.75,850.56,5.86,52.72,140589.1
Bulk Carrier,45559.59,9373.81,15.8,1492.34,99.21,3,15.54,VLSFO,165.82,493.57,3.4,30.59,81581.28
Tanker,158015.38,25850.31,15.27,10481.23,60.46,4,12.86,VLSFO,2582.75,7687.8,52.95,476.52,1270710.73
Tanker,109328.91,17930.07,16.04,1444.32,94.34,4,15.26,Methanol,367.37,493.47,0.0,5.85,109660.08
Bulk Carrier,78340.42,16989.63,14.09,6825.16,35.53,2,11.79,Methanol,861.29,1156.93,0.0,13.71,257095.6
Bulk Carrier,51023.22,24187.99,15.69,1501.43,87.05,3,14.21,Ammonia,390.48,0.0,0.0,7.26,181571.01
Container,126229.18,43429.54,14.05,1516.96,96.58,1,14.27,Ammonia,861.66,0.0,0.0,16.03,400670.93
Container,76014.79,21204.32,14.43,7041.99,47.33,1,12.64,Ammonia,1101.64,0.0,0.0,20.49,512264.19
Container,103970.36,50596.24,19.57,7272.3,69.28,4,13.4,Methanol,3416.57,4589.31,0.0,54.39,1019847.16
Bulk Carrier,59080.78,20054.4,13.17,11088.09,54.48,5,13.28,Hydrogen,2175.84,0.0,0.0,0.0,9138508.12
Bulk Carrier,36459.61,19839.46,11.5,11451.27,84.31,3,14.54,HFO,3426.52,10661.55,275.49,688.73,1170842.34
Tanker,149344.88,41010.17,12.55,1517.34,48.46,5,12.43,VLSFO,711.44,2117.68,14.58,131.26,350029.77
Bulk Carrier,62423.12,23427.49,11.04,1520.1,93.97,4,15.26,Hydrogen,600.2,0.0,0.0,0.0,2520831.07
Tanker,175255.09,35918.0,14.84,7070.34,63.78,7,13.31,Methanol,3279.2,4404.79,0.0,52.2,978841.4
Bulk Carrier,85489.83,17499.3,15.55,11036.6,37.93,4,11.96,LNG,1277.25,3482.38,0.0,62.07,651783.03
Container,81933.73,39889.0,17.3,3614.55,71.14,2,13.26,Methanol,1406.24,1888.93,0.0,22.39,419763.14
Container,69334.3,41404.67,18.67,3486.38,32.1,3,11.06,VLSFO,667.99,1988.34,13.69,123.24,328650.43
Bulk Carrier,39993.75,20807.24,12.53,1533.57,61.75,3,12.77,LNG,312.42,851.79,0.0,15.18,159425.74
Tanker,152254.0,15985.86,12.45,1573.9,63.73,4,13.26,LNG,270.96,738.77,0.0,13.17,138271.59
Container,139635.29,25318.9,16.66,4889.15,81.02,5,13.86,Hydrogen,1283.61,0.0,0.0,0.0,5391153.64
Bulk Carrier,30759.63,15439.82,13.85,6877.07,35.67,4,11.61,Ammonia,738.36,0.0,0.0,13.73,343335.32
Bulk Carrier,91438.42,13388.88,12.35,10963.43,59.23,5,12.76,VLSFO,1988.17,5918.0,40.76,366.82,978181.92
Bulk Carrier,67957.45,24441.07,11.85,6707.78,34.3,1,11.2,LNG,1028.97,2805.45,0.0,50.01,525083.46
Tanker,112417.31,20312.46,13.57,1434.64,99.02,3,14.69,Methanol,482.82,648.55,0.0,7.69,144121.77
Tanker,153929.25,20475.17,15.0,7002.08,86.78,4,14.24,LNG,1609.91,4389.36,0.0,78.24,821537.61
Tanker,139659.97,26579.62,12.89,10572.98,62.48,6,13.25,Hydrogen,3289.14,0.0,0.0,0.0,13814382.49
Bulk Carrier,58393.13,24292.35,11.68,11195.13,71.41,2,13.53,Methanol,3771.26,5065.75,0.0,60.04,1125722.3
Tanker,102547.69,21054.16,16.27,7297.04,40.92,6,11.57,VLSFO,1118.77,3330.12,22.93,206.41,550433.33
Container,55872.27,25695.06,18.21,3454.55,91.05,2,15.2,Hydrogen,819.53,0.0,0.0,0.0,3442013.83
Bulk Carrier,92778.28,8282.87,13.47,1557.24,88.6,4,14.41,VLSFO,187.0,556.62,3.83,34.5,92002.83
Tanker,144805.22,32002.91,13.34,7099.72,46.17,6,12.76,HFO,2464.06,7666.89,198.11,495.28,841970.96
Tanker,100765.82,35307.0,13.75,5108.32,41.29,5,12.28,Methanol,1684.83,2263.14,0.0,26.82,502921.03
Container,51849.69,32301.9,18.31,3361.57,67.38,5,13.58,VLSFO,1012.55,3013.97,20.76,186.82,498176.13
Bulk Carrier,47294.14,9509.01,15.49,7124.51,64.69,3,12.62,LNG,565.48,1541.77,0.0,27.48,288565.99
Container,59275.61,58163.39,15.87,1561.87,36.96,5,11.62,LNG,582.0,1586.79,0.0,28.29,296993.22
Bulk Carrier,48423.96,15609.78,15.05,4773.3,45.71,2,11.84,HFO,537.0,1670.86,43.17,107.94,183492.54
Container,59293.57,31006.62,18.08,3425.18,91.62,5,14.36,Hydrogen,1100.54,0.0,0.0,0.0,4622283.3
Tanker,177602.18,42803.98,16.22,3657.75,31.21,5,11.39,Hydrogen,876.75,0.0,0.0,0.0,3682365.26
Container,86434.2,42353.8,16.78,10501.31,34.69,4,11.87,Methanol,2848.69,3826.5,0.0,45.35,850332.52
Bulk Carrier,96431.3,21350.57,14.78,3593.11,91.3,4,13.84,Methanol,1117.39,1500.94,0.0,17.79,333542.38
Bulk Carrier,91803.24,21229.52,14.15,10710.17,47.1,4,11.99,Ammonia,1911.62,0.0,0.0,35.56,888901.24
Container,75785.71,54800.32,19.12,11517.4,34.6,7,11.2,HFO,3711.8,11549.2,298.43,746.07,1268323.01
Container,89084.11,31733.27,16.2,10476.47,70.41,5,14.14,VLSFO,3541.45,10541.48,72.6,653.4,1742393.6
Bulk Carrier,49092.51,20481.04,14.89,5199.44,54.84,4,12.29,HFO,1013.77,3154.32,81.51,203.77,346404.57
Tanker,170330.27,33005.58,13.3,6846.22,58.72,3,13.45,LNG,2062.82,5624.19,0.0,100.25,1052656.43
Container,122093.12,40865.33,15.27,11095.46,31.54,3,11.43,Methanol,2830.89,3802.6,0.0,45.07,845022.12
Bulk Carrier,83136.84,16919.59,13.24,3495.14,65.71,2,13.14,Hydrogen,566.8,0.0,0.0,0.0,2380569.61
Container,65715.97,48780.71,21.17,11300.32,35.08,4,12.2,HFO,2516.61,7830.39,202.34,505.84,859926.52
Bulk Carrier,96495.57,16337.05,13.94,1542.21,40.57,5,12.6,HFO,204.73,637.01,16.46,41.15,69956.16
Tanker,162714.18,20608.83,12.17,3401.94,73.04,5,12.98,HFO,997.34,3103.2,80.19,200.47,340790.89
Container,55065.74,45212.77,19.49,7204.21,73.12,7,13.77,Methanol,3741.28,5025.48,0.0,59.56,1116772.67
Tanker,163533.14,44604.5,12.52,3591.65,79.34,5,14.31,Ammonia,2086.02,0.0,0.0,38.8,970001.58
Tanker,102485.81,41521.03,16.14,6969.28,41.81,2,11.53,VLSFO,1723.4,5129.88,35.33,317.97,847914.18
Tanker,190393.9,25529.64,13.65,7024.45,55.55,4,13.13,Hydrogen,1582.68,0.0,0.0,0.0,6647261.83
Bulk Carrier,45713.67,10804.86,15.66,5125.27,83.89,5,13.89,LNG,630.36,1718.65,0.0,30.64,321671.57
Bulk Carrier,90651.76,10781.61,11.76,3485.07,83.62,4,14.22,LNG,538.53,1468.29,0.0,26.17,274813.97
Tanker,86774.72,40201.52,12.36,1475.48,52.91,3,13.17,Methanol,656.28,881.54,0.0,10.45,195898.87
Tanker,102794.82,23852.08,12.46,7069.55,43.84,4,11.85,Ammonia,1499.63,0.0,0.0,27.89,697328.15
Container,80959.8,48338.52,19.78,5115.5,33.31,7,12.11,LNG,1327.08,3618.23,0.0,64.5,677208.73
Bulk Carrier,43495.82,18966.71,11.8,3391.48,75.17,2,13.15,Ammonia,791.11,0.0,0.0,14.71,367868.12
Tanker,170756.36,31228.72,14.8,4866.2,64.11,5,13.66,LNG,1446.02,3942.52,0.0,70.28,737905.61
Tanker,181287.31,26217.19,12.98,3370.32,65.55,3,12.68,Hydrogen,881.15,0.0,0.0,0.0,3700827.33
Container,62853.7,26538.82,14.69,10629.32,49.9,4,12.46,Methanol,2869.02,3853.82,0.0,45.67,856403.72
Bulk Carrier,38169.78,16107.0,14.59,11100.95,35.92,3,11.45,VLSFO,1168.29,3477.53,23.95,215.55,574797.61
Bulk Carrier,75383.87,11443.02,15.88,11374.69,51.73,5,13.08,HFO,1078.59,3356.02,86.72,216.8,368554.68
Bulk Carrier,86773.48,11584.43,13.07,3363.32,58.91,4,12.46,Hydrogen,404.4,0.0,0.0,0.0,1698500.28
Tanker,154529.34,36160.96,15.86,3473.29,95.68,4,14.3,LNG,1511.25,4120.36,0.0,73.45,771189.47
Bulk Carrier,61483.82,24381.04,11.02,1561.15,40.46,4,12.44,HFO,394.5,1227.47,31.72,79.29,134799.46
Bulk Carrier,74671.42,9616.54,12.6,5078.61,53.45,3,12.46,Hydrogen,480.14,0.0,0.0,0.0,2016608.5
Bulk Carrier,99534.95,11012.18,12.24,1494.83,51.23,5,12.07,HFO,183.9,572.22,14.79,36.96,62840.32
Container,146598.24,29952.56,22.14,10887.63,42.25,4,12.69,Ammonia,1642.12,0.0,0.0,30.54,763586.02
Tanker,170163.86,26697.75,13.59,6694.54,68.19,4,13.76,Hydrogen,1968.98,0.0,0.0,0.0,8269710.1
Tanker,192391.81,25099.41,15.72,5217.52,57.21,4,12.66,Methanol,1277.21,1715.61,0.0,20.33,381246.53
Tanker,136716.9,23382.12,16.99,11197.38,94.13,4,14.9,Methanol,3566.89,4791.22,0.0,56.78,1064716.4
Bulk Carrier,42209.3,19957.71,12.32,3657.59,88.95,4,14.67,Ammonia,1111.17,0.0,0.0,20.67,516694.93
Bulk Carrier,95536.96,18221.4,11.91,1555.64,89.61,3,14.97,Methanol,497.16,667.81,0.0,7.91,148401.58
Tanker,105537.27,34346.44,12.36,3394.75,88.67,5,14.99,Methanol,2134.2,2866.77,0.0,33.98,637059.26
Container,88456.01,39595.65,23.46,3583.54,52.86,4,12.61,Ammonia,758.94,0.0,0.0,14.12,352907.37
Container,116400.63,58506.32,20.01,4756.92,85.32,7,14.34,Methanol,3236.75,4347.76,0.0,51.53,966169.14
Tanker,116106.59,33156.01,14.16,3511.29,82.7,4,14.17,VLSFO,1409.6,4195.82,28.9,260.07,693524.13
Container,133236.7,52200.67,18.02,1449.55,81.2,3,14.08,Hydrogen,705.88,0.0,0.0,0.0,2964710.03
Container,92946.6,48320.3,22.35,1512.82,59.47,4,13.46,Ammonia,452.33,0.0,0.0,8.41,210331.68
Container,71645.35,57716.73,23.14,3365.66,58.31,3,13.49,LNG,1005.28,2740.87,0.0,48.86,512996.69
Container,134574.74,28650.59,15.63,3395.81,85.58,3,13.94,Ammonia,1009.49,0.0,0.0,18.78,469413.91
Bulk Carrier,42870.43,19230.23,13.03,7033.41,67.12,3,13.58,Hydrogen,1476.6,0.0,0.0,0.0,6201707.13
Container,97674.71,36443.06,16.06,1493.77,92.69,3,14.45,VLSFO,668.04,1988.48,13.69,123.25,328674.97
Tanker,90018.46,15011.79,12.89,3645.6,75.76,5,13.99,Ammonia,724.13,0.0,0.0,13.47,336720.53
Container,65785.06,24600.97,17.17,7229.79,57.26,5,12.57,HFO,1538.02,4785.53,123.66,309.14,525543.07
Tanker,176569.34,26825.31,15.35,5126.76,46.38,3,12.63,LNG,853.63,2327.4,0.0,41.49,435609.31
Container,61926.8,57078.11,14.27,3364.28,47.34,3,12.95,Hydrogen,1438.42,0.0,0.0,0.0,6041357.05
Bulk Carrier,42041.59,8201.78,12.5,11140.91,92.84,5,15.05,Methanol,1600.0,2149.21,0.0,25.47,477601.2
Bulk Carrier,83640.31,8049.74,14.3,1498.89,42.57,5,11.87,Hydrogen,93.11,0.0,0.0,0.0,391057.76
Tanker,131283.2,32348.97,15.0,10481.98,66.14,5,12.66,LNG,3347.52,9126.87,0.0,162.69,1708237.85
Container,94453.36,55867.9,16.49,4820.49,33.38,3,11.27,LNG,1335.92,3642.35,0.0,64.93,681722.34
Tanker,198669.85,21780.37,13.08,3420.1,80.22,4,14.37,Methanol,1066.09,1432.03,0.0,16.97,318228.82
Tanker,185106.01,29570.12,15.84,7047.25,91.03,5,14.87,VLSFO,2698.9,8033.56,55.33,497.95,1327860.84
Tanker,141052.26,39249.89,12.3,6995.15,80.33,3,14.56,LNG,3211.35,8755.62,0.0,156.07,1638752.92
Bulk Carrier,35591.69,12185.98,13.69,4853.21,48.68,3,12.66,Ammonia,484.33,0.0,0.0,9.01,225213.36
Bulk Carrier,77713.92,10690.03,12.53,1465.52,94.13,5,15.05,Methanol,291.68,391.8,0.0,4.64,87065.82
Container,115150.96,27227.74,20.39,7272.78,98.41,8,14.92,HFO,2372.04,7380.54,190.71,476.78,810524.63
Bulk Carrier,54778.0,23703.85,12.89,1532.17,69.45,4,12.84,Hydrogen,461.38,0.0,0.0,0.0,1937790.75
Container,146472.49,48964.66,21.45,3524.08,61.4,2,13.49,VLSFO,1079.67,3213.75,22.13,199.2,531198.91
Container,145583.57,28660.52,15.36,3493.98,63.16,5,13.06,Ammonia,937.73,0.0,0.0,17.44,436043.05
Container,65932.44,42586.81,22.21,11365.95,94.81,5,15.0,Methanol,5085.1,6830.56,0.0,80.95,1517901.92
Bulk Carrier,67187.09,20498.29,11.38,10555.22,67.66,4,13.79,Hydrogen,2821.76,0.0,0.0,0.0,11851407.6
Tanker,173040.42,38182.69,14.14,4753.04,47.97,2,12.28,HFO,1500.61,4669.11,120.65,301.62,512757.56
Bulk Carrier,64009.89,8706.6,14.81,10639.26,67.37,1,13.96,Hydrogen,805.28,0.0,0.0,0.0,3382161.19
Bulk Carrier,67040.55,18867.44,14.71,1471.98,54.76,5,13.01,VLSFO,292.19,869.72,5.99,53.91,143755.9
Bulk Carrier,99424.16,14691.64,12.76,1531.94,70.45,2,12.92,HFO,271.12,843.59,21.8,54.5,92642.43
Container,135490.66,51551.29,20.38,4764.19,59.77,2,13.58,LNG,1380.1,3762.78,0.0,67.07,704263.83
Tanker,108329.45,29013.33,15.22,3643.11,61.19,4,13.0,Methanol,1160.96,1559.46,0.0,18.48,346547.41
Bulk Carrier,64394.0,24186.69,12.78,11501.04,58.67,3,13.41,VLSFO,3195.83,9512.7,65.51,589.63,1572346.36
Container,130730.32,58223.06,16.12,4929.87,56.64,3,12.55,Hydrogen,2304.06,0.0,0.0,0.0,9677046.39
Tanker,96101.97,38012.2,13.82,1446.75,49.18,3,12.48,Hydrogen,422.34,0.0,0.0,0.0,1773815.5
Tanker,94537.39,38540.58,15.33,10927.21,94.5,8,15.1,VLSFO,6762.36,20128.84,138.63,1247.66,3327081.41
Bulk Carrier,35395.52,20744.21,12.36,1426.61,65.67,4,12.84,Ammonia,354.28,0.0,0.0,6.59,164740.46
Bulk Carrier,89283.8,16722.28,11.21,7304.32,56.19,3,13.17,Ammonia,1339.11,0.0,0.0,24.91,622687.19
Bulk Carrier,42260.56,9291.42,11.05,6852.45,92.04,1,15.29,HFO,1052.15,3273.73,84.59,211.48,359518.42
Bulk Carrier,54954.09,14500.97,13.65,3526.94,30.57,6,11.31,HFO,399.84,1244.09,32.15,80.37,136625.32
Bulk Carrier,73515.03,16485.39,14.16,11517.26,42.83,4,12.71,HFO,1600.77,4980.75,128.7,321.75,546981.99
Bulk Carrier,92142.09,8602.86,14.83,4908.48,52.24,5,12.94,Methanol,461.88,620.42,0.0,7.35,137870.96
Container,126957.79,29881.36,21.2,1529.98,43.24,3,12.43,HFO,231.62,720.69,18.62,46.56,79145.61
Tanker,154995.97,19052.24,14.67,3421.62,38.99,6,12.2,VLSFO,543.31,1617.21,11.14,100.24,267306.78
Tanker,98488.35,37614.77,12.87,1571.21,34.46,4,11.51,LNG,393.6,1073.13,0.0,19.13,200853.95
Bulk Carrier,38499.04,10261.81,11.06,7065.68,82.03,4,14.03,Ammonia,1128.62,0.0,0.0,20.99,524809.95
Bulk Carrier,45017.9,14815.04,14.24,1565.18,93.86,4,14.53,Ammonia,324.69,0.0,0.0,6.04,150979.11
Bulk Carrier,80424.07,23726.71,14.49,3353.29,52.69,2,12.11,Hydrogen,622.41,0.0,0.0,0.0,2614116.23
Tanker,88803.14,19765.81,16.0,6934.45,71.09,4,13.31,HFO,1395.1,4340.83,112.17,280.42,476705.88
Bulk Carrier,55982.31,22550.48,13.05,4801.18,60.72,4,12.54,Methanol,1326.63,1782.0,0.0,21.12,395999.79
Container,87801.17,23607.47,19.67,11072.33,34.0,4,11.72,VLSFO,1229.81,3660.64,25.21,226.9,605064.22
Container,86601.04,47162.43,18.87,11420.99,73.11,7,13.6,Methanol,6644.7,8925.5,0.0,105.78,1983444.18
Container,84943.76,21319.79,22.96,4955.51,81.29,7,14.72,VLSFO,977.13,2908.54,20.03,180.28,480750.24
Container,93743.2,35862.84,16.34,10780.89,46.82,2,12.94,HFO,2656.88,8266.84,213.61,534.03,907857.36
Bulk Carrier,82126.46,9594.21,15.42,3514.87,85.97,3,14.43,Ammonia,365.09,0.0,0.0,6.79,169767.8
Bulk Carrier,95640.37,19727.32,11.17,10885.3,42.94,2,11.54,Hydrogen,1915.17,0.0,0.0,0.0,8043716.16
Tanker,157928.32,23654.88,12.36,1426.96,59.34,3,12.82,LNG,363.9,992.15,0.0,17.69,185695.96
Tanker,138804.5,27831.99,13.64,11034.61,44.9,4,12.69,Ammonia,2728.21,0.0,0.0,50.74,1268619.39
Bulk Carrier,60265.02,16173.94,14.06,3534.89,34.56,6,11.83,Ammonia,384.85,0.0,0.0,7.16,178957.52
Container,63360.57,57730.56,17.36,3414.17,51.14,5,13.12,VLSFO,1466.16,4364.18,30.06,270.51,721352.5
Tanker,123056.93,24254.27,15.52,1538.95,50.69,4,12.61,HFO,293.77,914.07,23.62,59.05,100382.31
Container,125707.18,23224.06,20.5,1537.14,44.55,6,12.0,LNG,193.89,528.63,0.0,9.42,98941.47
Bulk Carrier,74084.42,21656.41,11.74,7188.88,82.26,4,13.45,Ammonia,2254.09,0.0,0.0,41.93,1048154.12
Container,122354.43,58686.47,17.07,3377.55,53.14,6,13.25,HFO,1729.18,5380.31,139.03,347.56,590860.4
Tanker,96629.82,16248.48,15.68,11192.6,90.73,4,14.82,HFO,2110.54,6566.92,169.69,424.22,721172.85
Bulk Carrier,72852.89,23899.06,11.43,6974.4,46.27,5,12.78,HFO,1807.42,5623.75,145.32,363.29,617595.13
Bulk Carrier,85794.66,20256.42,13.81,10466.72,82.62,3,14.24,LNG,2210.04,6025.59,0.0,107.41,1127784.0
Bulk Carrier,58544.38,12363.24,11.66,7235.46,81.79,4,14.12,Methanol,1683.54,2261.41,0.0,26.8,502536.4
Container,63423.4,48692.96,14.1,1556.81,82.67,4,13.88,Ammonia,924.52,0.0,0.0,17.2,429902.65
Bulk Carrier,94727.49,15075.81,14.63,1557.34,78.04,7,14.51,HFO,337.35,1049.67,27.12,67.81,115273.39
Tanker,189728.72,43463.67,13.3,7020.95,88.84,2,14.09,VLSFO,3962.08,11793.53,81.22,731.0,1949343.78
Tanker,155563.02,15457.93,14.35,1542.38,90.39,1,15.14,Hydrogen,261.77,0.0,0.0,0.0,1099443.05
Container,60238.43,27264.71,16.2,4922.0,95.15,5,14.3,HFO,1771.99,5513.53,142.47,356.17,605490.51
Tanker,146084.9,39949.75,13.75,3414.2,47.87,5,12.05,HFO,1429.39,4447.53,114.92,287.31,488423.79
Tanker,186598.82,26731.6,12.07,1558.45,34.28,6,11.59,HFO,363.57,1131.25,29.23,73.08,124232.62
Tanker,156362.27,41536.17,15.04,3503.8,84.7,3,14.18,Ammonia,1653.17,0.0,0.0,30.75,768725.5
Tanker,134097.0,38690.65,14.18,5199.33,74.92,5,13.61,Ammonia,2595.25,0.0,0.0,48.27,1206789.05
Tanker,103840.32,37458.45,14.21,11498.49,42.92,4,11.64,Hydrogen,3066.94,0.0,0.0,0.0,12881139.57
Tanker,92205.57,27539.63,12.1,10829.57,68.43,4,13.45,Ammonia,3854.85,0.0,0.0,71.7,1792506.09
Tanker,114629.03,29881.85,14.81,6966.02,88.64,4,13.77,LNG,2450.51,6681.23,0.0,119.09,1250497.06
Bulk Carrier,68392.2,11109.38,15.77,3668.93,47.75,3,12.57,Ammonia,277.69,0.0,0.0,5.17,129125.58
Tanker,103715.84,15402.07,16.51,1429.49,63.88,3,12.55,VLSFO,194.01,577.49,3.98,35.79,95452.82
Tanker,154709.37,44869.53,13.83,1507.44,61.78,5,12.62,VLSFO,719.84,2142.67,14.76,132.81,354159.86
Container,134601.01,51240.64,22.65,6994.97,96.0,4,14.96,Hydrogen,3015.96,0.0,0.0,0.0,12667052.33
Container,108659.04,49903.44,17.37,1516.7,46.19,4,12.75,Methanol,602.36,809.12,0.0,9.59,179805.47
Tanker,109077.31,30669.28,12.46,7318.98,72.46,4,13.34,Hydrogen,2922.75,0.0,0.0,0.0,12275559.06
Tanker,132143.5,16317.44,12.88,11394.36,90.81,3,13.95,HFO,2842.13,8843.24,228.51,571.27,971157.02
Container,122033.76,56415.74,22.66,10861.98,45.77,4,12.01,HFO,3346.79,10413.46,269.08,672.7,1143596.85
Bulk Carrier,78193.79,12877.56,14.53,1550.97,62.72,6,13.33,Ammonia,202.07,0.0,0.0,3.76,93962.0
Tanker,93384.32,30932.32,14.83,1530.67,49.59,1,11.96,HFO,355.42,1105.89,28.58,71.44,121447.78
Bulk Carrier,34633.34,20895.27,14.38,1485.8,82.46,5,14.19,HFO,452.81,1408.9,36.41,91.01,154724.19
Tanker,95135.15,24502.08,15.3,7006.38,72.89,6,13.26,Methanol,2355.78,3164.4,0.0,37.5,703200.28
Bulk Carrier,93783.02,24080.23,14.65,3495.64,35.04,3,12.15,VLSFO,549.61,1635.98,11.27,101.4,270410.04
Tanker,152730.58,42490.76,14.8,4940.74,74.1,5,13.39,HFO,2514.96,7825.26,202.2,505.51,859362.67
Bulk Carrier,91756.02,20792.34,15.34,3614.79,56.83,4,12.43,Hydrogen,642.77,0.0,0.0,0.0,2699641.22
Tanker,172686.74,36824.91,14.27,1562.88,65.95,3,13.8,HFO,560.06,1742.61,45.03,112.57,191371.86
Bulk Carrier,93859.56,23711.68,14.38,10861.17,73.08,4,14.06,VLSFO,3265.91,9721.3,66.95,602.56,1606827.01
Tanker,176781.17,23105.37,12.81,11382.01,56.19,1,12.97,VLSFO,2591.96,7715.23,53.14,478.22,1275244.46
Tanker,112858.35,15919.33,13.85,10646.75,42.19,3,11.84,Methanol,1539.1,2067.4,0.0,24.5,459421.48
Bulk Carrier,49306.84,13454.64,12.26,1538.1,91.5,2,14.21,Ammonia,304.06,0.0,0.0,5.66,141387.33
Container,133871.26,31329.0,22.43,10903.42,56.94,7,12.64,VLSFO,2546.67,7580.42,52.21,469.86,1252962.44
Container,107636.25,34698.11,21.53,6920.77,94.62,4,15.07,HFO,2257.38,7023.81,181.49,453.73,771348.24
Tanker,172303.56,31646.56,14.7,1428.9,82.8,5,14.15,VLSFO,560.83,1669.37,11.5,103.47,275928.55
Tanker,90933.94,17246.55,16.11,5249.05,44.17,3,11.81,LNG,599.88,1635.54,0.0,29.15,306117.95
Container,146577.43,29864.48,20.89,6917.73,41.59,2,12.39,HFO,1021.62,3178.74,82.14,205.34,349086.25
Bulk Carrier,40242.91,24394.73,11.32,10520.15,46.89,4,12.44,LNG,2492.06,6794.5,0.0,121.11,1271698.29
Container,139898.01,32801.6,23.03,3542.74,52.07,4,12.05,Methanol,749.85,1007.24,0.0,11.94,223830.19
Container,111770.51,45128.26,17.37,1432.46,66.39,3,12.85,HFO,594.84,1850.84,47.83,119.56,203258.0
Container,69649.1,39874.72,19.77,3534.83,92.42,4,15.27,HFO,1354.08,4213.19,108.87,272.17,462688.32
Tanker,96756.25,38600.36,12.86,1525.9,75.23,3,13.59,Methanol,880.36,1182.54,0.0,14.02,262787.43
Bulk Carrier,91119.97,14771.45,14.09,1516.61,44.59,5,12.38,VLSFO,207.61,617.97,4.26,38.3,102144.25
Tanker,144872.93,26898.45,13.31,1432.27,39.7,6,11.82,HFO,352.21,1095.89,28.32,70.79,120349.57
Container,95763.85,29518.69,23.17,11466.98,59.44,3,12.49,Methanol,2220.99,2983.34,0.0,35.36,662964.91
Bulk Carrier,84106.34,16422.45,11.58,1523.91,70.43,7,13.77,Ammonia,383.36,0.0,0.0,7.13,178262.01
Tanker,163302.92,39061.69,14.27,5002.65,87.72,5,13.71,Ammonia,2636.83,0.0,0.0,49.05,1226125.31
Container,121013.08,46979.4,23.43,3391.9,86.78,7,13.72,Hydrogen,1531.01,0.0,0.0,0.0,6430244.65
Bulk Carrier,30321.71,11967.75,15.66,10599.18,42.36,4,12.65,HFO,904.31,2813.73,72.71,181.77,309001.72
Bulk Carrier,40242.61,11712.33,13.2,3413.33,64.25,5,13.33,LNG,414.27,1129.49,0.0,20.13,211402.17
Tanker,83242.83,32162.19,12.79,10987.39,97.42,3,14.46,Methanol,6037.97,8110.5,0.0,96.12,1802333.52
Container,81426.85,23701.44,14.44,1445.41,63.03,8,13.07,Ammonia,406.96,0.0,0.0,7.57,189235.2
Bulk Carrier,59234.69,17513.64,15.78,4764.38,86.14,4,14.87,VLSFO,950.1,2828.08,19.48,175.29,467451.66
Tanker,151615.04,33837.84,14.48,1472.34,56.44,2,12.4,LNG,390.4,1064.41,0.0,18.97,199220.38
Tanker,118326.96,21619.3,14.64,7243.58,86.81,3,14.06,Ammonia,1792.23,0.0,0.0,33.34,833388.59
Container,126057.63,46104.95,19.42,3634.22,60.3,1,12.9,Methanol,1260.7,1693.43,0.0,20.07,376318.11
Tanker,154652.94,41800.67,15.41,1553.5,47.79,4,11.88,LNG,434.97,1185.93,0.0,21.14,221965.46
Bulk Carrier,84768.51,16692.2,15.82,7246.92,30.08,5,11.76,LNG,621.75,1695.18,0.0,30.22,317278.84
Tanker,167198.62,31843.51,14.51,7159.22,97.5,2,14.29,LNG,2658.69,7248.83,0.0,129.21,1356732.01
Container,147372.31,36903.18,19.45,4880.15,56.09,4,12.77,HFO,1238.18,3852.58,99.55,248.87,423087.02
Container,143996.53,26849.54,22.89,5095.07,33.15,3,11.72,Methanol,598.68,804.17,0.0,9.53,178705.04
Container,58443.06,34459.07,19.41,7291.12,42.41,1,11.56,VLSFO,1277.38,3802.26,26.19,235.68,628473.08
Container,81514.91,49886.42,15.38,11210.69,69.09,6,12.84,LNG,5688.21,15508.69,0.0,276.45,2902695.55
Tanker,89963.11,25908.62,12.4,4885.09,77.82,5,13.4,Ammonia,1760.74,0.0,0.0,32.75,818744.17
Bulk Carrier,49060.48,13243.82,13.73,3585.22,35.41,4,11.28,HFO,357.68,1112.92,28.76,71.89,122220.1
Bulk Carrier,45414.1,18108.44,11.63,4791.68,82.35,4,14.33,VLSFO,1359.82,4047.63,27.88,250.89,669029.72
Container,118892.78,40294.89,14.17,3639.79,79.9,4,13.94,VLSFO,1846.21,5495.44,37.85,340.63,908337.29
Container,147899.15,57748.28,17.04,11249.27,97.03,5,14.19,HFO,8387.51,26097.56,674.36,1685.89,2866011.4
Bulk Carrier,63937.9,18575.99,15.42,3554.88,86.06,3,14.09,VLSFO,701.32,2087.55,14.38,129.39,345049.16
Bulk Carrier,39586.53,22205.74,13.25,11034.85,71.59,3,13.06,Methanol,3387.16,4549.8,0.0,53.92,1011067.14
Tanker,192200.76,40097.77,12.86,3586.97,58.82,1,13.02,LNG,1244.63,3393.43,0.0,60.49,635134.36
Container,57618.53,43258.17,19.86,1572.05,54.03,2,12.63,VLSFO,390.49,1162.33,8.01,72.05,192120.24
Container,114913.16,26913.94,20.11,3489.81,80.37,3,14.3,HFO,798.63,2484.92,64.21,160.52,272892.11
Container,112219.52,24619.48,23.44,4874.25,66.34,1,13.23,Methanol,790.77,1062.2,0.0,12.59,236043.88
Container,117363.97,27965.79,23.06,1468.7,43.57,3,11.61,Ammonia,197.74,0.0,0.0,3.68,91948.47
Container,94901.46,21873.44,17.38,3579.24,69.71,3,13.76,Hydrogen,696.46,0.0,0.0,0.0,2925135.99
Tanker,190897.14,44534.73,16.02,4826.95,95.79,3,15.35,HFO,2661.64,8281.64,214.0,534.99,909482.97
Container,80297.14,53778.61,19.65,11298.77,85.25,3,14.58,HFO,5271.09,16400.89,423.8,1059.49,1801131.86
Bulk Carrier,51914.62,21959.39,11.07,4819.57,68.51,3,13.66,Hydrogen,1404.77,0.0,0.0,0.0,5900036.82
Container,61180.71,56369.36,18.73,5141.75,91.32,4,15.24,Hydrogen,2949.2,0.0,0.0,0.0,12386623.26
Tanker,149153.94,21960.24,12.08,10729.76,30.39,4,11.68,Ammonia,1701.21,0.0,0.0,31.64,791064.41
Bulk Carrier,96103.55,22433.66,12.72,5129.85,99.54,2,15.36,VLSFO,1641.1,4884.9,33.64,302.78,807420.92
Bulk Carrier,41208.74,13853.87,13.81,6909.65,83.5,3,13.86,Methanol,1336.56,1795.33,0.0,21.28,398963.14
Tanker,195814.39,21532.5,13.08,1545.35,58.02,5,12.42,LNG,340.85,929.3,0.0,16.57,173933.77
Container,94320.2,25184.68,20.46,4896.71,60.42,5,13.61,LNG,891.25,2429.97,0.0,43.31,454806.63
Bulk Carrier,73732.31,21729.05,14.82,5160.0,44.86,4,11.97,LNG,800.08,2181.39,0.0,38.88,408280.66
Bulk Carrier,84052.74,16008.2,12.31,4940.65,96.43,3,14.58,VLSFO,1253.23,3730.36,25.69,231.22,616587.93
Bulk Carrier,58361.83,16737.17,11.35,1464.31,51.93,4,12.93,HFO,284.18,884.21,22.85,57.12,97103.54
Container,133597.91,29823.15,14.29,5011.66,86.59,4,14.21,Hydrogen,1903.68,0.0,0.0,0.0,7995476.38
Container,111127.52,24975.41,21.64,4934.93,57.87,4,13.22,VLSFO,770.33,2292.96,15.79,142.13,379001.13
Bulk Carrier,53767.38,14989.43,11.44,1527.0,61.48,3,12.48,Methanol,323.77,434.9,0.0,5.15,96644.86
Tanker,140694.63,15760.64,12.27,6852.46,42.41,3,12.49,Ammonia,933.15,0.0,0.0,17.36,433914.49
Container,128978.45,20043.24,19.75,11169.33,99.27,3,15.44,VLSFO,2264.83,6741.51,46.43,417.86,1114298.42
Container,81091.16,39959.56,18.78,1437.9,48.83,5,12.68,Hydrogen,385.74,0.0,0.0,0.0,1620111.42
Bulk Carrier,76515.47,17686.05,12.89,3589.42,74.35,4,14.37,LNG,726.87,1981.77,0.0,35.33,370919.24
Container,144224.08,33356.27,22.59,1475.1,39.87,5,12.29,HFO,243.01,756.12,19.54,48.85,83036.93
Container,96501.84,46941.07,18.1,5191.11,53.21,5,12.48,LNG,1635.69,4459.65,0.0,79.49,834694.74
Container,138115.44,46844.07,22.51,3424.52,68.34,3,13.89,HFO,1164.94,3624.69,93.66,234.15,398060.08
Tanker,114953.82,38187.04,12.17,3389.51,77.83,6,13.45,Methanol,2351.55,3158.72,0.0,37.44,701937.01
Tanker,157072.1,18754.41,15.48,10826.56,43.5,5,11.74,HFO,1483.24,4615.09,119.25,298.13,506824.62
Tanker,152986.35,19564.73,13.44,1426.82,67.14,5,13.34,LNG,318.63,868.72,0.0,15.49,162594.68
Bulk Carrier,79507.68,15082.15,12.33,1536.96,60.89,3,13.2,Methanol,277.77,373.12,0.0,4.42,82914.96
Container,98268.53,50485.66,18.53,5108.39,71.02,3,13.33,Hydrogen,2145.03,0.0,0.0,0.0,9009128.99
Container,108040.83,36728.93,16.45,5246.87,86.36,7,14.87,Hydrogen,2506.85,0.0,0.0,0.0,10528770.88
Container,92502.66,34719.84,18.56,3550.97,55.93,5,12.3,Ammonia,986.55,0.0,0.0,18.35,458746.97
Bulk Carrier,62644.47,21401.38,15.15,10451.89,41.09,7,12.1,VLSFO,1842.45,5484.24,37.77,339.93,906485.26
Bulk Carrier,75264.87,15882.9,15.94,11380.29,61.11,5,12.42,Hydrogen,1619.21,0.0,0.0,0.0,6800695.03
Tanker,129972.92,19643.23,13.46,7279.06,68.66,3,13.8,HFO,1529.65,4759.48,122.98,307.46,522681.94
Bulk Carrier,35193.59,14684.62,14.9,6915.15,79.67,4,14.03,HFO,1272.08,3958.05,102.28,255.69,434669.69
Container,104594.03,45255.56,16.79,4836.72,76.31,2,14.45,Hydrogen,2130.51,0.0,0.0,0.0,8948132.98
Container,72606.87,54094.7,17.69,7286.77,54.69,3,13.04,Hydrogen,2865.27,0.0,0.0,0.0,12034134.41
Tanker,102378.19,39069.9,15.98,11499.54,35.85,5,11.98,VLSFO,3225.03,9599.63,66.11,595.02,1586716.34
Container,57871.71,48281.5,16.56,4814.88,62.85,4,12.65,HFO,2135.57,6644.77,171.7,429.25,729722.68
Container,100355.61,48139.94,23.04,3624.1,44.23,4,12.78,Ammonia,830.26,0.0,0.0,15.44,386071.42
Container,90555.72,29332.25,15.1,1561.69,58.34,4,13.43,VLSFO,459.33,1367.26,9.42,84.75,225992.8
Bulk Carrier,94169.11,13193.9,15.59,1431.77,68.48,4,13.33,LNG,173.08,471.91,0.0,8.41,88324.7
Bulk Carrier,34121.45,17199.19,12.63,10947.52,70.28,4,14.13,Methanol,2599.81,3492.19,0.0,41.39,776042.01
Container,121264.0,32671.41,20.3,3622.3,42.53,3,12.39,HFO,654.37,2036.06,52.61,131.53,223598.32
Container,114532.0,34502.66,20.35,6653.58,90.58,4,14.62,Methanol,2442.0,3280.22,0.0,38.88,728937.89
Bulk Carrier,54901.56,17269.92,14.39,7307.11,92.4,4,14.61,LNG,1572.57,4287.54,0.0,76.43,802481.03
Bulk Carrier,90493.06,11324.49,12.33,11240.09,74.1,3,14.3,LNG,1410.66,3846.11,0.0,68.56,719859.36
Tanker,161380.06,33729.23,14.58,3498.14,39.23,2,12.25,LNG,700.95,1911.13,0.0,34.07,357697.25
Tanker,153138.82,29188.23,14.47,3501.06,51.38,3,12.41,VLSFO,836.32,2489.4,17.14,154.3,411470.96
Tanker,85438.88,39857.08,13.27,1505.43,70.61,1,13.43,Ammonia,617.58,0.0,0.0,11.49,287176.52
Container,147522.04,57671.17,19.54,3583.9,36.09,3,11.9,HFO,1005.32,3128.02,80.83,202.07,343516.7
Container,51117.74,20909.25,21.19,1435.18,65.61,1,13.26,HFO,201.29,626.32,16.18,40.46,68781.36
Container,67834.87,48258.87,19.85,3458.57,30.17,3,11.38,HFO,766.16,2383.9,61.6,154.0,261797.73
Container,71775.34,58804.66,14.72,7309.58,85.99,4,13.79,Ammonia,4844.35,0.0,0.0,90.1,2252624.76
Bulk Carrier,38730.84,24452.39,14.38,4964.28,96.56,6,14.29,HFO,1962.64,6106.7,157.8,394.49,670632.96
Container,61248.99,57670.77,19.28,5005.69,35.84,6,12.33,HFO,1741.57,5418.85,140.02,350.05,595093.18
Tanker,107509.85,33758.63,13.93,7036.91,86.18,3,13.76,HFO,2822.18,8781.14,226.9,567.26,964337.48
Tanker,106019.46,43506.45,12.11,4851.91,38.81,3,12.36,Hydrogen,1574.05,0.0,0.0,0.0,6611001.0
Container,104365.96,56413.99,19.41,7095.67,37.15,4,12.35,Methanol,2254.42,3028.25,0.0,35.89,672944.92
Tanker,137333.62,32601.42,12.74,3510.13,66.69,3,13.34,VLSFO,1364.05,4060.23,27.96,251.67,671112.24
Tanker,127490.48,23934.19,13.9,1555.78,74.77,2,13.72,Ammonia,395.37,0.0,0.0,7.35,183848.33
Container,132645.68,21277.49,20.99,10862.27,72.76,5,13.69,HFO,1983.37,6171.23,159.46,398.66,677718.78
Container,109439.18,22025.44,16.64,11475.68,58.58,3,12.44,HFO,2209.48,6874.76,177.64,444.11,754980.31
Container,103620.37,32267.55,14.97,1573.66,61.18,4,13.16,Hydrogen,474.81,0.0,0.0,0.0,1994213.33
Container,149769.73,52547.95,21.77,3482.91,53.41,2,12.32,LNG,915.25,2495.4,0.0,44.48,467054.23
Tanker,85494.73,43072.97,12.45,5119.68,33.84,1,11.22,LNG,1445.81,3941.95,0.0,70.27,737798.0
Bulk Carrier,62526.71,17997.73,12.08,3655.99,84.59,3,14.71,Methanol,1096.55,1472.94,0.0,17.46,327320.82
Bulk Carrier,62733.01,18214.22,13.75,5042.81,35.41,4,11.66,Ammonia,650.8,0.0,0.0,12.1,302621.4
Container,57688.46,35043.95,20.07,1440.8,63.08,3,13.51,Methanol,397.43,533.85,0.0,6.33,118633.74
Bulk Carrier,89021.07,19304.03,13.17,5145.21,69.48,5,13.19,HFO,1177.77,3664.62,94.69,236.73,402445.16
Container,68594.42,21058.72,16.38,1569.65,92.62,3,14.77,LNG,325.28,886.86,0.0,15.81,165989.11
Tanker,110243.81,37333.86,13.3,1449.47,92.34,4,14.43,LNG,759.57,2070.94,0.0,36.92,387608.49
Tanker,106327.49,23822.01,15.78,4852.22,77.46,5,13.88,LNG,1250.9,3410.52,0.0,60.79,638332.95
Tanker,171924.78,16584.5,16.77,7129.68,82.4,2,13.8,Hydrogen,1085.54,0.0,0.0,0.0,4559264.96
Bulk Carrier,60227.11,14083.41,12.48,1474.83,69.4,2,13.43,LNG,224.84,613.02,0.0,10.93,114735.72
Tanker,151529.6,21283.84,16.59,10804.09,90.42,4,15.13,LNG,2226.26,6069.8,0.0,108.2,1136059.75
Tanker,177039.11,19687.18,12.78,1455.13,39.92,4,11.53,Ammonia,237.76,0.0,0.0,4.42,110557.06
Bulk Carrier,47243.61,20676.16,13.62,3396.82,62.11,2,13.3,Hydrogen,720.95,0.0,0.0,0.0,3027995.56
Bulk Carrier,63333.94,9777.29,14.47,6741.98,48.93,7,12.4,HFO,677.27,2107.32,54.45,136.13,231423.93
Bulk Carrier,39897.91,13336.95,12.92,5146.25,44.12,4,11.61,Hydrogen,593.14,0.0,0.0,0.0,2491174.46
Bulk Carrier,46092.85,12014.77,13.95,7235.46,39.36,3,12.45,HFO,655.96,2041.01,52.74,131.85,224141.45
Container,113710.32,48008.4,16.33,3457.4,58.25,4,12.3,Ammonia,1413.84,0.0,0.0,26.3,657433.82
Bulk Carrier,62042.58,17295.5,15.66,7018.13,61.88,4,12.72,Methanol,1371.53,1842.31,0.0,21.83,409402.46
Tanker,122020.1,31947.91,15.36,6748.24,80.05,3,13.79,Ammonia,2275.85,0.0,0.0,42.33,1058269.52
Bulk Carrier,59322.48,19020.79,11.71,5084.75,99.9,4,14.69,LNG,1558.23,4248.44,0.0,75.73,795162.77
Container,125203.42,26908.51,21.32,4934.29,59.94,5,12.85,LNG,878.52,2395.25,0.0,42.7,448308.3
Bulk Carrier,40402.88,9195.38,13.19,3557.16,42.95,2,12.38,VLSFO,238.14,708.85,4.88,43.94,117166.1
Container,56040.06,50184.84,15.24,4857.23,92.27,3,15.07,HFO,2970.24,9241.84,238.81,597.02,1014931.11
Container,80974.07,34514.37,22.88,1500.53,82.05,5,13.86,VLSFO,420.13,1250.56,8.61,77.51,206703.99
Tanker,153364.48,25442.26,13.86,4819.46,50.81,5,12.82,Hydrogen,1174.48,0.0,0.0,0.0,4932824.11
Container,130135.78,25054.43,16.07,5222.36,32.68,4,11.85,Hydrogen,677.62,0.0,0.0,0.0,2845989.35
Bulk Carrier,90969.55,20207.44,12.4,5006.78,50.0,3,12.5,LNG,915.72,2496.67,0.0,44.5,467290.34
Container,106136.2,22618.1,23.36,5179.92,44.84,1,12.46,LNG,479.4,1307.07,0.0,23.3,244638.02
Container,81834.26,35860.48,23.74,11391.56,67.91,5,13.56,Hydrogen,2814.24,0.0,0.0,0.0,11819826.98
Container,102278.4,34411.03,23.93,7334.42,64.1,6,12.62,Ammonia,1713.04,0.0,0.0,31.86,796563.67
Tanker,81728.52,15599.41,15.38,11313.96,60.25,1,12.44,LNG,1366.65,3726.11,0.0,66.42,697400.18
Bulk Carrier,95327.2,23636.35,13.12,6748.22,41.18,5,12.34,HFO,1426.86,4439.63,114.72,286.8,487556.79
Bulk Carrier,49065.83,24808.9,15.16,4950.32,81.73,6,14.24,VLSFO,1586.36,4721.97,32.52,292.68,780491.54
Container,115388.38,53783.53,19.43,1451.92,40.37,4,12.22,VLSFO,438.33,1304.73,8.99,80.87,215657.49
Container,104813.77,25397.08,14.69,6965.62,36.76,2,11.49,Hydrogen,1027.63,0.0,0.0,0.0,4316030.24
Tanker,132698.85,24575.5,16.43,11201.04,34.87,8,11.33,HFO,2007.94,6247.67,161.44,403.6,686113.84
Container,53852.37,34034.54,20.24,1537.58,48.39,5,12.69,Hydrogen,317.69,0.0,0.0,0.0,1334290.37
Container,78715.32,31183.79,15.82,1503.86,38.43,4,12.0,Ammonia,316.42,0.0,0.0,5.89,147137.08
Tanker,106727.4,34638.11,12.69,6676.94,30.88,3,11.09,VLSFO,1571.36,4677.3,32.21,289.92,773107.63
Container,122971.9,23141.89,18.29,10481.94,42.32,3,12.62,Methanol,1585.0,2129.05,0.0,25.23,473122.97
Tanker,129707.27,37608.19,13.54,10524.44,30.05,3,11.52,HFO,2287.45,7117.36,183.91,459.78,781622.52
Container,133012.74,24594.97,16.63,1428.17,67.57,4,13.22,HFO,333.54,1037.81,26.82,67.04,113971.56
Tanker,151594.98,39179.88,14.35,10738.77,49.73,4,12.05,HFO,3686.07,11469.14,296.36,740.9,1259531.32
Tanker,187397.21,36174.15,14.51,6971.05,50.43,5,12.17,Ammonia,2238.18,0.0,0.0,41.63,1040754.75
Bulk Carrier,86458.07,15249.08,11.48,1569.83,93.82,4,14.82,VLSFO,414.63,1234.18,8.5,76.5,203996.13
Tanker,150224.28,15959.72,14.58,3585.99,96.46,6,15.27,VLSFO,909.54,2707.34,18.65,167.81,447494.23
Container,127001.42,22518.67,19.53,6791.75,49.52,4,12.55,Ammonia,1013.62,0.0,0.0,18.85,471334.17
Bulk Carrier,97305.56,17900.51,15.81,7162.18,55.15,3,13.2,Ammonia,971.75,0.0,0.0,18.07,451864.55
Container,125022.75,22476.12,17.38,4917.18,30.16,4,11.18,LNG,476.3,1298.6,0.0,23.15,243054.3
Bulk Carrier,37178.33,11731.12,13.11,7301.23,98.33,7,15.33,Ammonia,1600.92,0.0,0.0,29.78,744427.62
Bulk Carrier,87350.72,17606.65,11.45,10825.47,90.38,3,14.37,VLSFO,3157.2,9397.71,64.72,582.5,1553341.21
Container,86204.01,43162.45,17.34,10535.97,44.33,8,12.44,LNG,3157.73,8609.43,0.0,153.47,1611391.06
Tanker,80339.39,25791.62,12.98,11171.69,70.03,5,12.98,HFO,3731.99,11612.02,300.05,750.13,1275222.02
Tanker,162208.46,15984.29,15.51,4829.82,96.1,2,14.14,LNG,849.33,2315.66,0.0,41.28,433412.0
Tanker,188711.22,36746.87,16.79,7240.59,47.56,8,12.34,Hydrogen,2399.84,0.0,0.0,0.0,10079328.57
Bulk Carrier,82457.25,24647.44,14.33,6977.96,76.45,1,13.8,Hydrogen,1768.03,0.0,0.0,0.0,7425721.17
Tanker,144428.89,24862.66,12.5,3655.83,52.55,4,12.3,Ammonia,863.58,0.0,0.0,16.06,401562.59
Bulk Carrier,68342.28,15524.08,13.46,1496.67,34.59,4,11.73,LNG,152.11,414.72,0.0,7.39,77621.09
Bulk Carrier,45141.26,8026.82,11.21,5208.94,39.78,3,12.38,Hydrogen,351.84,0.0,0.0,0.0,1477747.79
Bulk Carrier,65607.88,24802.82,15.52,1455.76,72.21,4,13.79,Hydrogen,368.25,0.0,0.0,0.0,1546658.16
Bulk Carrier,40727.04,19767.55,11.28,1489.82,37.31,3,11.34,Methanol,291.32,391.31,0.0,4.64,86957.56
Tanker,169966.59,24543.78,15.07,1462.63,31.99,3,11.66,VLSFO,200.48,596.76,4.11,36.99,98637.96
Container,85494.86,56185.89,16.9,11372.92,97.33,2,14.57,Hydrogen,6445.3,0.0,0.0,0.0,27070277.84
Container,140733.45,59703.61,16.76,4854.48,70.02,3,13.45,Hydrogen,2415.92,0.0,0.0,0.0,10146848.34
Container,73398.24,39976.94,16.16,3599.36,37.62,3,11.64,LNG,815.42,2223.22,0.0,39.63,416110.37
Container,133336.08,31182.02,20.88,4901.82,34.7,5,11.79,LNG,715.12,1949.74,0.0,34.75,364923.86
Bulk Carrier,56321.46,23872.1,11.66,11323.16,68.43,3,12.78,VLSFO,3556.29,10585.67,72.9,656.14,1749697.04
Bulk Carrier,95986.73,15425.99,12.13,3671.82,70.86,7,12.89,HFO,891.87,2775.02,71.71,179.26,304750.45
Container,82905.14,20581.92,22.77,5035.27,54.26,3,13.11,VLSFO,540.42,1608.62,11.08,99.71,265888.12
Tanker,197058.4,19778.51,13.37,10548.36,37.37,5,12.11,VLSFO,1674.24,4983.54,34.32,308.9,823725.61
Container,63466.22,56566.4,19.9,1536.54,55.87,4,12.58,Ammonia,533.1,0.0,0.0,9.92,247891.96
Bulk Carrier,69447.61,13897.3,11.3,11379.65,70.52,5,12.97,Hydrogen,2089.73,0.0,0.0,0.0,8776881.96
Container,138670.35,57057.22,18.09,3509.34,95.17,4,14.35,Ammonia,2079.08,0.0,0.0,38.67,966769.97
Tanker,132443.87,16163.66,12.54,5238.89,48.99,2,12.92,Hydrogen,755.03,0.0,0.0,0.0,3171139.03
Container,96286.39,43124.68,23.65,3669.2,92.97,3,14.12,Ammonia,1241.68,0.0,0.0,23.1,577382.53
Bulk Carrier,76095.81,10509.01,14.33,11281.05,36.58,1,11.68,VLSFO,710.0,2113.38,14.55,130.99,349318.52
Tanker,196864.66,29273.02,12.55,1453.0,36.54,5,11.82,LNG,336.07,916.28,0.0,16.33,171496.36
Bulk Carrier,48117.61,16524.46,11.41,10503.55,58.03,7,12.38,Hydrogen,2310.73,0.0,0.0,0.0,9705061.02
Container,98023.59,51517.26,22.55,3477.44,76.9,4,13.47,Ammonia,1317.53,0.0,0.0,24.51,612651.39
Bulk Carrier,56849.61,18081.36,11.28,11087.55,38.42,5,11.65,LNG,1784.17,4864.45,0.0,86.71,910459.41
Tanker,100583.02,33842.83,13.38,1560.76,64.71,3,12.95,LNG,475.34,1295.99,0.0,23.1,242565.08
Container,126264.65,35670.13,20.74,5108.45,99.26,3,14.68,HFO,1770.86,5510.0,142.38,355.94,605103.81
Container,143722.05,36662.01,14.14,6941.54,72.17,3,13.28,LNG,2643.94,7208.59,0.0,128.5,1349200.65
Tanker,126629.04,17828.66,12.73,10848.69,71.75,4,13.73,VLSFO,2499.42,7439.78,51.24,461.14,1229716.23
Container,104934.83,31956.16,17.92,6785.04,62.17,3,13.62,Hydrogen,1593.39,0.0,0.0,0.0,6692247.18
Tanker,178480.29,17390.34,14.5,4921.03,76.36,2,14.03,Ammonia,852.85,0.0,0.0,15.86,396574.63
Tanker,140240.79,17142.97,15.7,3378.72,90.16,4,14.52,LNG,618.76,1687.02,0.0,30.07,315752.55
Container,61054.57,47147.93,18.15,1543.66,82.35,1,14.47,Ammonia,562.98,0.0,0.0,10.47,261787.82
Tanker,126517.75,17866.08,13.17,3618.93,47.91,3,12.41,LNG,525.39,1432.46,0.0,25.53,268106.69
Bulk Carrier,64746.14,15796.65,13.26,3566.04,46.49,4,11.86,HFO,494.42,1538.39,39.75,99.38,168944.48
Tanker,193511.24,35216.19,14.5,1513.64,63.52,4,13.59,Methanol,626.65,841.74,0.0,9.98,187053.54
Container,144915.51,43491.05,14.07,10467.7,63.12,4,12.52,HFO,5029.97,15650.64,404.41,1011.02,1718739.34
Tanker,151257.84,44149.79,13.98,3530.08,89.33,1,14.43,VLSFO,1908.66,5681.3,39.13,352.15,939058.32
Tanker,136216.74,36499.84,15.63,11151.09,94.73,3,14.91,Methanol,5473.52,7352.3,0.0,87.14,1633845.23
Bulk Carrier,43453.01,24773.78,12.76,5113.66,45.34,1,12.68,VLSFO,1100.32,3275.2,22.56,203.01,541355.17
Bulk Carrier,90487.67,22093.21,15.16,1538.41,38.69,5,11.59,Ammonia,223.02,0.0,0.0,4.15,103702.27
Tanker,182219.07,31322.3,12.98,1463.7,71.97,3,14.06,Ammonia,545.07,0.0,0.0,10.14,253457.91
Container,54835.63,45758.81,15.2,11071.26,47.71,3,12.49,Ammonia,3437.63,0.0,0.0,63.94,1598495.75
Bulk Carrier,68854.86,10529.83,12.5,5050.6,51.3,3,12.28,LNG,441.21,1202.93,0.0,21.44,225147.1
Tanker,195746.86,34777.4,16.12,4922.26,49.91,5,13.08,Ammonia,1273.04,0.0,0.0,23.68,591963.74
Container,70269.93,57670.37,17.56,3349.26,88.04,1,14.07,Hydrogen,1742.5,0.0,0.0,0.0,7318512.43
Container,102433.6,53612.6,14.9,6849.86,53.8,3,12.09,Methanol,3322.95,4463.55,0.0,52.9,991900.29
Container,90207.64,40825.88,19.57,3569.89,86.43,1,14.12,HFO,1251.34,3893.52,100.61,251.52,427583.0
Bulk Carrier,76876.36,24141.47,12.4,10563.48,69.36,4,13.21,Hydrogen,3102.61,0.0,0.0,0.0,13030950.92
Container,78484.61,21086.4,17.57,10932.47,54.42,6,13.02,Methanol,2115.32,2841.4,0.0,33.68,631421.76
Container,88974.2,43895.78,16.64,1535.17,67.23,5,12.84,Ammonia,611.92,0.0,0.0,11.38,284540.48
Container,130207.58,22872.35,18.44,6939.87,36.2,3,11.73,LNG,712.4,1942.32,0.0,34.62,363536.31
Container,50466.74,23453.18,22.09,10799.32,59.19,3,12.64,HFO,1586.17,4935.35,127.53,318.82,541995.85
Container,69085.6,55075.82,19.83,10711.53,58.38,5,12.52,VLSFO,4543.9,13525.38,93.15,838.35,2235599.62
Tanker,121084.61,41891.36,15.89,1573.49,58.85,6,13.23,Hydrogen,600.77,0.0,0.0,0.0,2523247.64
Tanker,130364.28,29240.45,12.52,7267.22,47.57,5,12.83,VLSFO,2241.17,6671.05,45.94,413.49,1102653.23
Tanker,107312.98,27570.59,14.71,4793.57,91.91,1,13.96,Hydrogen,1399.31,0.0,0.0,0.0,5877106.7
Container,142461.2,20898.53,22.04,6710.07,79.26,5,13.69,Methanol,1223.97,1644.1,0.0,19.49,365355.28
Tanker,105620.55,27859.83,16.88,1549.78,88.86,4,15.14,LNG,447.24,1219.39,0.0,21.74,228227.99
Bulk Carrier,95745.33,20405.59,14.86,5105.46,78.86,3,14.54,Hydrogen,1123.9,0.0,0.0,0.0,4720374.25
Bulk Carrier,63968.9,22914.61,15.3,11068.79,73.52,6,13.81,LNG,2619.34,7141.54,0.0,127.3,1336651.56
Bulk Carrier,76490.58,21511.27,13.53,5155.62,36.86,1,11.98,Methanol,910.33,1222.8,0.0,14.49,271733.53
Container,115975.72,27808.49,16.47,3435.54,78.83,3,13.87,LNG,809.72,2207.67,0.0,39.35,413199.92
Tanker,125825.96,31289.9,12.45,4807.43,31.66,5,11.13,Hydrogen,1048.63,0.0,0.0,0.0,4404242.85
Container,121171.93,42303.62,15.62,1464.0,39.36,8,12.41,HFO,487.93,1518.18,39.23,98.07,166725.71
Bulk Carrier,72727.04,18949.03,13.12,10823.68,83.99,3,13.98,Methanol,3160.42,4245.24,0.0,50.31,943386.17
Tanker,127671.2,18153.12,14.46,1560.55,33.98,5,12.16,LNG,196.41,535.49,0.0,9.55,100225.71
Container,125481.91,58609.99,20.76,3568.04,96.36,4,15.25,VLSFO,2001.19,5956.75,41.02,369.22,984586.13
Container,114980.0,43900.92,22.8,4991.9,66.12,4,12.65,VLSFO,1548.51,4609.31,31.74,285.7,761869.22
Bulk Carrier,49271.27,22166.52,12.79,3516.49,70.32,4,13.45,VLSFO,1025.56,3052.7,21.02,189.22,504577.77
Container,78097.86,24662.96,15.54,4910.26,30.82,3,11.67,Hydrogen,668.98,0.0,0.0,0.0,2809730.84
Container,56782.26,21944.33,23.63,1427.57,57.89,4,13.03,Ammonia,172.26,0.0,0.0,3.2,80102.13
Tanker,169333.46,18495.87,14.06,1554.81,58.65,3,13.44,LNG,250.96,684.23,0.0,12.2,128064.3
Container,144995.91,54563.75,14.55,7251.23,78.9,5,13.61,HFO,5026.26,15639.11,404.11,1010.28,1717472.9
Tanker,179468.27,29515.04,13.32,5011.25,96.24,6,14.23,HFO,2615.13,8136.93,210.26,525.64,893591.03
Bulk Carrier,44298.2,14385.12,11.04,1438.04,36.71,3,11.68,VLSFO,195.18,580.98,4.0,36.01,96029.3
Bulk Carrier,64747.18,16665.68,15.04,6794.42,78.39,4,13.25,Ammonia,1141.02,0.0,0.0,21.22,530573.89
Container,107085.58,37418.12,23.56,6837.31,79.03,4,14.11,Hydrogen,1808.14,0.0,0.0,0.0,7594189.6
Container,57383.44,52656.65,20.34,3540.79,88.26,3,14.37,Hydrogen,1536.72,0.0,0.0,0.0,6454225.23
Tanker,117700.34,19391.05,13.3,3508.42,76.72,2,13.57,HFO,789.81,2457.47,63.5,158.75,269876.92
Tanker,134505.94,16901.63,15.93,5224.74,64.81,5,13.74,LNG,788.8,2150.64,0.0,38.34,402526.73
Bulk Carrier,44407.84,23835.67,14.93,11164.02,77.48,3,14.06,VLSFO,3036.7,9039.04,62.25,560.27,1494055.69
Tanker,199620.93,15020.47,16.67,6755.76,53.36,5,12.49,Ammonia,832.08,0.0,0.0,15.48,386918.11
Tanker,174965.02,18443.49,13.77,3462.54,56.49,2,13.44,Methanol,675.99,908.03,0.0,10.76,201783.58
Container,101405.19,20840.18,14.03,6666.24,48.87,5,12.84,LNG,1153.57,3145.16,0.0,56.06,588666.19
Bulk Carrier,88408.13,10897.96,14.07,1515.86,42.55,5,12.66,Methanol,155.37,208.7,0.0,2.47,46378.09
Tanker,141186.99,15182.35,13.18,6821.34,59.76,2,13.23,VLSFO,1009.54,3004.99,20.7,186.26,496692.8
Bulk Carrier,42536.76,8971.14,14.3,6739.07,61.19,4,13.51,Methanol,687.29,923.21,0.0,10.94,205157.44
Bulk Carrier,30548.27,15439.74,13.91,10623.29,81.66,1,14.68,Methanol,2057.11,2763.22,0.0,32.75,614048.45
Container,66395.58,23863.99,23.32,4812.86,33.65,3,11.26,Hydrogen,408.76,0.0,0.0,0.0,1716798.89
Tanker,152884.82,44024.47,13.2,6935.75,69.22,4,13.29,Methanol,4213.21,5659.4,0.0,67.07,1257644.14
Tanker,85667.52,41895.73,13.46,3606.51,68.7,3,12.79,Methanol,1795.91,2412.35,0.0,28.59,536077.82
Tanker,84035.45,19811.85,16.95,10796.75,93.68,4,13.96,Methanol,2736.31,3675.55,0.0,43.56,816788.1
Container,58545.6,46052.36,18.65,1447.88,87.73,3,14.42,Methanol,691.72,929.16,0.0,11.01,206478.91
Tanker,189644.39,16884.54,14.68,1460.43,33.9,3,11.18,Hydrogen,144.02,0.0,0.0,0.0,604898.07
Tanker,119875.76,28629.01,13.82,3599.11,77.2,4,14.48,VLSFO,1282.52,3817.54,26.29,236.62,630998.95
Tanker,134489.86,24754.71,15.69,3414.5,63.43,4,13.51,Hydrogen,742.66,0.0,0.0,0.0,3119188.42
Tanker,177081.85,29762.08,13.38,3649.04,31.65,4,11.74,HFO,742.89,2311.47,59.73,149.32,253844.06
Container,73433.22,50498.88,22.44,10829.48,61.22,4,13.02,LNG,3207.09,8743.99,0.0,155.86,1636576.32
Tanker,193218.03,22661.07,14.66,5187.01,81.61,5,14.68,VLSFO,1432.35,4263.53,29.36,264.27,704716.38
Container,88828.82,44320.96,15.8,7317.27,59.31,4,13.49,VLSFO,3120.49,9288.44,63.97,575.73,1535279.96
Container,93639.92,21350.84,14.91,3450.96,98.59,3,15.66,Hydrogen,923.95,0.0,0.0,0.0,3880598.47
Tanker,180900.09,16893.87,14.86,1504.16,57.92,1,13.05,VLSFO,212.64,632.94,4.36,39.23,104617.47
Container,145579.35,40485.84,18.95,7349.64,68.94,4,13.79,HFO,2712.66,8440.39,218.1,545.24,926915.86
Bulk Carrier,76206.12,18339.23,12.97,1523.7,41.54,4,11.9,VLSFO,256.72,764.16,5.26,47.37,126308.01
Bulk Carrier,93987.23,12620.93,11.82,1500.15,53.74,4,12.91,LNG,195.42,532.79,0.0,9.5,99720.88
Bulk Carrier,81159.27,10543.55,12.75,7169.88,34.08,5,12.13,Ammonia,591.85,0.0,0.0,11.01,275211.05
Bulk Carrier,35857.51,18866.98,14.38,5229.14,34.03,6,11.44,Methanol,838.54,1126.36,0.0,13.35,250303.27
Tanker,138286.65,25602.8,16.75,11085.31,72.33,5,13.62,HFO,3072.3,9559.4,247.01,617.53,1049804.83
Tanker,151674.79,33281.34,16.59,5136.22,50.09,5,12.26,Ammonia,1386.47,0.0,0.0,25.79,644708.69
Tanker,138826.32,21763.75,12.91,1510.79,70.42,3,13.77,Ammonia,382.11,0.0,0.0,7.11,177679.81
Bulk Carrier,73546.51,14358.89,14.46,3670.75,70.21,8,13.43,Ammonia,654.39,0.0,0.0,12.17,304291.59
Bulk Carrier,54830.09,9512.95,14.5,10966.43,66.21,2,12.98,HFO,1015.79,3160.61,81.67,204.17,347095.23
Bulk Carrier,71364.4,19575.63,14.73,11105.85,68.64,7,13.4,Ammonia,2617.9,0.0,0.0,48.69,1217324.23
Bulk Carrier,74279.29,22110.54,12.34,6820.38,75.08,4,13.62,HFO,2095.62,6520.49,168.49,421.22,716074.54
Bulk Carrier,55533.96,9328.41,14.67,7122.06,89.38,3,14.47,VLSFO,847.18,2521.72,17.37,156.31,416813.75
Container,86786.18,44177.58,18.73,3336.89,44.72,4,11.93,Hydrogen,891.72,0.0,0.0,0.0,3745222.6
Container,101314.75,33775.43,17.3,3365.23,54.18,2,13.3,HFO,746.87,2323.89,60.05,150.12,255207.12
Tanker,184954.79,30660.07,12.58,1567.12,93.89,1,15.02,Methanol,771.2,1035.92,0.0,12.28,230203.88
Container,71588.52,52124.85,16.54,10835.95,80.52,5,13.53,VLSFO,6611.84,19680.81,135.54,1219.88,3253026.29
Container,80318.49,36685.13,14.78,11419.06,43.21,6,12.3,Hydrogen,3392.59,0.0,0.0,0.0,14248875.59
Bulk Carrier,43124.9,10697.38,14.42,7251.85,84.97,7,13.84,VLSFO,1223.33,3641.36,25.08,225.7,601878.44
Tanker,161665.69,27149.34,12.35,6920.17,79.34,5,13.71,Ammonia,2830.08,0.0,0.0,52.64,1315987.83
Bulk Carrier,56249.61,22766.98,15.11,4851.21,44.83,5,12.73,Hydrogen,799.75,0.0,0.0,0.0,3358940.46
Bulk Carrier,93395.07,22167.59,11.12,11174.0,52.81,2,12.67,VLSFO,2490.29,7412.61,51.05,459.46,1225224.26
Bulk Carrier,97742.75,19120.2,14.28,3456.7,50.13,6,12.61,Methanol,784.33,1053.56,0.0,12.49,234124.0
Tanker,131578.87,26862.19,13.57,5183.61,67.52,3,13.02,LNG,1501.8,4094.59,0.0,72.99,766366.33
Tanker,167645.99,22823.96,15.1,5098.27,72.53,5,13.07,Methanol,1452.45,1951.01,0.0,23.12,433557.29
Tanker,151459.87,37508.32,14.27,1528.25,58.55,4,13.35,Ammonia,535.87,0.0,0.0,9.97,249177.74
Bulk Carrier,35383.31,21360.1,12.06,11403.21,69.45,3,13.01,VLSFO,3138.73,9342.75,64.34,579.1,1544255.91
Container,99472.47,20709.64,16.82,5029.37,34.36,4,11.62,HFO,574.85,1788.63,46.22,115.54,196426.1
Tanker,189916.76,36581.91,16.8,7249.06,31.31,1,11.29,Ammonia,1192.38,0.0,0.0,22.18,554455.65
Bulk Carrier,99461.11,18256.0,13.1,3492.62,95.19,4,14.75,Methanol,1031.29,1385.28,0.0,16.42,307840.54
Tanker,126057.47,26818.81,12.57,1459.12,39.8,2,12.1,Ammonia,304.87,0.0,0.0,5.67,141763.81
Tanker,164774.0,29500.59,13.82,7007.4,78.46,3,14.09,HFO,2435.58,7578.25,195.82,489.55,832237.06
Container,65753.66,25717.68,21.12,7034.93,53.41,4,12.63,VLSFO,1144.94,3408.02,23.47,211.24,563309.9
Tanker,187851.33,16121.15,12.24,3473.27,95.9,2,15.19,HFO,900.35,2801.41,72.39,180.97,307648.83
Tanker,125535.97,18860.2,14.48,11470.32,35.55,4,11.85,LNG,1294.67,3529.86,0.0,62.92,660669.59
Bulk Carrier,80358.58,21639.61,15.47,7035.28,39.29,5,11.75,VLSFO,1093.52,3254.98,22.42,201.75,538013.02
Container,75841.05,53111.54,14.48,7071.01,63.7,4,13.82,Ammonia,3605.54,0.0,0.0,67.06,1676577.96
Tanker,93535.69,31467.7,15.69,6880.0,96.23,4,14.97,LNG,2534.82,6911.09,0.0,123.19,1293518.77
Bulk Carrier,54175.67,18088.12,14.13,1494.86,69.47,4,13.01,Ammonia,289.96,0.0,0.0,5.39,134829.64
Bulk Carrier,55706.99,20804.28,13.89,4879.82,69.84,3,13.46,VLSFO,1162.28,3459.64,23.83,214.44,571841.75
Bulk Carrier,52278.33,13654.5,11.62,7337.89,70.45,4,13.39,LNG,1281.36,3493.57,0.0,62.27,653876.1
Bulk Carrier,80265.09,24203.81,13.94,4874.13,45.55,4,12.7,Ammonia,948.48,0.0,0.0,17.64,441044.35
Tanker,174899.49,43428.21,14.78,1518.18,40.9,3,12.6,Ammonia,458.08,0.0,0.0,8.52,213006.56
Bulk Carrier,37585.35,13451.04,14.73,3353.2,48.34,4,12.01,LNG,360.69,983.41,0.0,17.53,184061.15
Bulk Carrier,93645.04,17335.2,14.21,5114.92,87.72,5,14.46,LNG,1188.0,3239.04,0.0,57.74,606237.88
Bulk Carrier,86703.36,14873.13,14.55,7097.04,46.01,3,12.69,Methanol,951.04,1277.48,0.0,15.14,283884.62
Container,57384.44,37993.78,17.42,3498.55,75.43,2,14.46,VLSFO,1262.66,3758.42,25.88,232.96,621227.09
Container,58419.76,24177.2,19.41,6722.72,38.16,4,12.49,LNG,814.37,2220.34,0.0,39.58,415570.89
Container,143424.65,20857.5,15.77,5026.05,66.09,3,12.67,HFO,1078.49,3355.69,86.71,216.78,368518.61
Bulk Carrier,92441.98,11953.64,12.88,4807.58,56.62,4,12.41,LNG,542.79,1479.9,0.0,26.38,276987.18
Tanker,146118.49,15289.44,14.36,3666.22,62.7,3,13.63,LNG,475.94,1297.62,0.0,23.13,242870.86
Container,135580.03,46445.06,22.43,7300.43,35.69,2,12.05,Hydrogen,1276.28,0.0,0.0,0.0,5360362.57
Tanker,104575.61,27589.23,14.48,3377.59,49.75,4,11.88,Ammonia,760.96,0.0,0.0,14.15,353844.84
Bulk Carrier,65240.27,18572.83,13.35,3340.75,48.15,5,12.39,VLSFO,656.75,1954.9,13.46,121.17,323123.21
Tanker,168726.96,41451.86,12.55,10972.51,78.7,5,14.41,Ammonia,6433.69,0.0,0.0,119.67,2991665.93
Bulk Carrier,33141.78,9998.83,11.51,4975.51,94.98,3,15.42,VLSFO,792.27,2358.26,16.24,146.17,389794.96
Container,65088.54,35142.66,20.21,4995.51,69.94,4,13.61,Methanol,1647.38,2212.84,0.0,26.23,491743.01
Bulk Carrier,69348.69,15429.92,15.91,3353.54,35.61,3,11.4,Hydrogen,283.67,0.0,0.0,0.0,1191426.26
Bulk Carrier,96700.76,16262.62,11.62,10577.3,63.08,3,12.73,Hydrogen,2015.93,0.0,0.0,0.0,8466925.14
Container,124944.27,52475.08,16.76,1549.24,66.6,5,13.99,LNG,700.51,1909.92,0.0,34.04,357472.48
Container,70059.26,38924.45,15.61,3572.44,45.13,3,12.02,HFO,1084.94,3375.76,87.23,218.07,370722.7
Bulk Carrier,69862.56,17079.22,15.12,4969.6,41.01,4,11.47,VLSFO,588.66,1752.22,12.07,108.61,289622.33
Tanker,121803.75,32116.84,12.14,6986.28,38.1,4,12.42,Ammonia,1758.45,0.0,0.0,32.71,817678.01
Tanker,135634.0,28740.01,14.46,7305.58,56.5,4,12.65,Hydrogen,1843.73,0.0,0.0,0.0,7743674.31
Container,74946.09,23077.05,18.39,7309.58,81.11,2,13.39,Ammonia,1435.28,0.0,0.0,26.7,667405.18
Bulk Carrier,44154.87,10753.46,14.11,3497.43,97.43,5,14.72,VLSFO,557.9,1660.66,11.44,102.93,274489.11
Tanker,191079.05,19216.7,13.21,3535.49,86.91,3,14.84,Ammonia,847.08,0.0,0.0,15.76,393890.01
Container,129755.18,27971.4,20.45,1549.78,43.59,4,11.9,HFO,252.58,785.9,20.31,50.77,86307.08
Container,134951.81,34757.12,14.57,1490.23,96.12,2,14.2,VLSFO,664.75,1978.69,13.63,122.65,327056.09
Container,140501.69,39378.31,15.52,3602.63,47.54,4,12.79,HFO,1192.45,3710.27,95.87,239.68,407458.75
Bulk Carrier,68369.38,15099.63,13.1,11073.7,39.55,3,11.51,Methanol,1544.32,2074.41,0.0,24.59,460979.69
Tanker,99553.51,34639.17,14.12,1572.41,84.52,5,13.52,HFO,732.12,2277.97,58.86,147.16,250164.68
Tanker,84527.43,36148.74,12.4,6918.1,57.59,3,13.24,VLSFO,2600.35,7740.2,53.31,479.76,1279371.71
Tanker,179804.38,26444.28,14.71,3417.51,41.41,4,12.51,Methanol,767.65,1031.15,0.0,12.22,229143.83
Container,64962.8,35925.55,23.72,4805.85,91.82,3,14.75,Methanol,1567.59,2105.67,0.0,24.96,467925.65
Container,52170.47,52107.7,15.48,4751.09,76.61,6,13.16,LNG,2805.83,7649.97,0.0,136.36,1431812.6
Tanker,104550.85,43942.62,15.69,7067.94,58.59,2,13.23,VLSFO,2405.81,7161.12,49.32,443.87,1183656.93
Container,139263.29,25987.27,17.71,6784.37,59.29,2,13.14,HFO,1209.52,3763.41,97.25,243.11,413294.28
Tanker,134704.64,28685.79,15.42,3327.23,70.31,4,13.16,Hydrogen,923.63,0.0,0.0,0.0,3879262.15
Tanker,180406.31,32190.51,12.97,3565.72,32.27,5,11.07,Hydrogen,790.45,0.0,0.0,0.0,3319893.15
Bulk Carrier,34969.18,19939.45,15.3,3489.03,65.76,7,13.28,LNG,711.5,1939.88,0.0,34.58,363078.77
Container,76808.58,27221.72,15.57,11336.09,52.88,5,13.04,Ammonia,2656.76,0.0,0.0,49.42,1235395.06
Container,85570.84,56259.11,18.58,4777.78,35.75,3,12.06,HFO,1290.67,4015.89,103.77,259.42,441021.51
Tanker,107129.24,40972.57,13.19,1456.1,51.19,4,12.91,Ammonia,541.9,0.0,0.0,10.08,251981.39
Bulk Carrier,65607.11,8726.17,12.21,3332.89,92.51,4,14.43,Methanol,550.54,739.51,0.0,8.76,164335.44
Tanker,87259.93,23102.61,16.09,11232.23,50.69,4,13.13,VLSFO,2120.82,6312.85,43.48,391.29,1043445.81
Container,107265.65,24537.45,17.38,4891.67,86.31,4,13.6,HFO,1373.24,4272.81,110.41,276.02,469236.58
Bulk Carrier,31788.53,14034.32,13.58,11518.29,68.68,4,13.68,Hydrogen,1873.96,0.0,0.0,0.0,7870631.11
Bulk Carrier,76373.69,19183.12,15.2,1466.99,72.09,5,13.48,LNG,286.83,782.04,0.0,13.94,146371.11
Bulk Carrier,57961.43,22314.82,11.98,3649.34,36.95,4,11.91,Methanol,832.92,1118.82,0.0,13.26,248625.64
Bulk Carrier,49853.91,10906.34,15.67,1561.29,80.99,3,14.49,HFO,188.66,587.02,15.17,37.92,64466.36
Tanker,139262.08,29218.94,15.29,7195.8,81.3,3,14.09,VLSFO,2393.36,7124.07,49.06,441.57,1177532.8
Container,147200.34,54358.46,21.71,3451.93,52.97,1,12.04,Hydrogen,937.18,0.0,0.0,0.0,3936140.12
Bulk Carrier,37190.13,8100.62,13.42,6729.22,81.55,3,14.59,Hydrogen,649.15,0.0,0.0,0.0,2726430.81
Tanker,158988.13,21042.2,16.16,11417.66,65.14,3,13.49,Ammonia,2063.7,0.0,0.0,38.38,959618.19
Tanker,89675.9,32922.87,13.39,1444.19,41.81,5,12.65,VLSFO,447.58,1332.25,9.18,82.58,220207.22
Tanker,170408.87,36791.73,13.45,7328.72,61.15,2,13.29,HFO,2883.2,8971.02,231.81,579.52,985189.19
Container,139929.87,50003.25,20.54,1540.28,56.53,3,12.42,Ammonia,448.68,0.0,0.0,8.35,208635.07
Bulk Carrier,99100.48,18593.09,13.89,1439.43,96.84,5,14.25,LNG,357.37,974.36,0.0,17.37,182365.97
Container,106661.28,50661.96,21.16,6990.61,46.85,3,12.32,LNG,1776.41,4843.3,0.0,86.33,906500.61
Container,108790.74,36742.5,15.08,3527.89,81.94,5,14.11,Methanol,1889.12,2537.57,0.0,30.07,563903.54
Tanker,81112.11,39622.99,15.1,1465.2,41.63,4,12.66,Methanol,490.61,659.02,0.0,7.81,146448.55
Bulk Carrier,85784.22,21213.39,15.15,4997.64,57.1,5,13.47,Ammonia,1013.3,0.0,0.0,18.85,471184.34
Tanker,191834.48,17225.46,16.81,3632.04,91.33,4,14.5,Ammonia,675.68,0.0,0.0,12.57,314189.95
Tanker,142825.2,36348.46,14.74,4980.83,42.52,5,11.73,Hydrogen,1333.79,0.0,0.0,0.0,5601930.01
Container,79904.89,35836.28,15.0,1473.17,90.23,5,13.89,Methanol,820.42,1102.03,0.0,13.06,244895.17
Bulk Carrier,73275.19,19679.45,15.3,1430.43,70.28,4,14.06,Methanol,337.08,452.78,0.0,5.37,100618.58
Container,54735.49,55698.87,22.06,7146.45,96.24,5,14.38,Hydrogen,3545.71,0.0,0.0,0.0,14891969.47
Bulk Carrier,64765.03,13794.47,13.01,4838.49,82.49,7,14.55,VLSFO,1111.36,3308.06,22.78,205.05,546786.81
Bulk Carrier,54757.06,17131.23,15.27,3352.52,40.49,3,11.94,Hydrogen,408.39,0.0,0.0,0.0,1715219.52
Tanker,181978.88,37860.03,16.16,5188.28,35.29,7,12.13,Ammonia,1376.71,0.0,0.0,25.61,640170.34
Tanker,161121.68,35397.6,14.38,7304.82,30.07,4,11.56,Methanol,1812.53,2434.68,0.0,28.86,541040.91
Container,144388.06,34106.56,17.58,3616.56,42.69,4,12.61,Hydrogen,763.92,0.0,0.0,0.0,3208450.93
Tanker,167738.97,35102.12,15.68,1485.05,99.21,4,14.68,Methanol,785.53,1055.16,0.0,12.51,234480.28
Container,126046.67,29828.02,21.47,11293.53,58.81,5,13.49,Methanol,2781.12,3735.73,0.0,44.28,830163.3
Container,128348.22,20899.92,14.5,5007.93,57.64,5,12.87,LNG,961.53,2621.56,0.0,46.73,490666.25
Container,56628.65,45160.25,21.53,4795.72,30.96,3,11.47,Methanol,891.55,1197.57,0.0,14.19,266126.41
Bulk Carrier,40810.0,10811.86,11.26,5246.78,46.37,3,12.05,Methanol,625.94,840.79,0.0,9.96,186842.14
Bulk Carrier,70372.55,14970.6,14.5,1482.82,38.97,5,12.5,LNG,160.0,436.23,0.0,7.78,81647.55
Container,62798.76,23938.4,20.27,11135.53,75.88,3,13.6,VLSFO,2087.05,6212.3,42.78,385.06,1026827.07
Bulk Carrier,96685.2,22956.93,11.01,11184.86,95.69,2,14.39,LNG,3800.7,10362.46,0.0,184.71,1939497.92
Tanker,95157.43,16032.71,13.34,1458.67,64.22,2,13.57,Methanol,279.08,374.88,0.0,4.44,83305.82
Container,62504.59,29362.3,14.3,4780.56,78.41,5,14.43,Methanol,1925.27,2586.11,0.0,30.65,574692.21
Container,141000.83,57746.15,16.69,11356.8,40.74,4,12.62,Methanol,4954.4,6655.0,0.0,78.87,1478888.23
Tanker,152133.3,16314.85,13.46,4790.41,96.22,3,15.51,Methanol,1270.94,1707.19,0.0,20.23,379376.5
Bulk Carrier,39013.22,12911.3,12.19,5210.76,97.56,4,14.28,VLSFO,1104.9,3288.86,22.65,203.85,543613.05
Bulk Carrier,54951.16,11751.5,11.39,3529.82,35.68,4,11.49,Hydrogen,341.74,0.0,0.0,0.0,1435311.68
Container,118889.11,42563.33,19.73,11240.76,77.45,4,14.5,VLSFO,4397.29,13088.97,90.14,811.3,2163465.33
Container,58737.4,42796.57,16.22,4824.2,78.91,4,14.58,VLSFO,2220.19,6608.61,45.51,409.62,1092332.67
Bulk Carrier,79937.51,21530.59,12.14,4939.65,66.61,2,12.97,Methanol,1390.61,1867.94,0.0,22.14,415097.36
Tanker,124685.69,20605.35,16.09,3550.54,85.16,4,14.39,LNG,729.74,1989.6,0.0,35.47,372384.24
Tanker,84916.69,16215.17,12.14,10778.48,57.81,4,13.31,LNG,1841.06,5019.56,0.0,89.48,939490.59
Bulk Carrier,69952.49,16737.41,12.23,4954.52,78.35,5,13.71,LNG,1215.76,3314.72,0.0,59.09,620402.8
Tanker,122477.42,28029.72,13.78,1515.03,47.4,4,12.04,HFO,392.76,1222.06,31.58,78.94,134205.41
Container,53079.04,26231.15,20.63,6980.36,45.11,4,11.77,HFO,998.55,3106.96,80.28,200.71,341203.86
Bulk Carrier,97404.68,18640.86,11.93,6851.77,68.92,5,13.65,LNG,1593.8,4345.43,0.0,77.46,813315.26
Tanker,98949.25,25170.21,13.95,6689.71,35.36,3,11.51,VLSFO,1138.77,3389.68,23.34,210.1,560277.06
Tanker,172085.23,20589.0,15.16,3529.88,34.01,5,11.69,VLSFO,463.62,1380.0,9.5,85.54,228099.18
Container,130152.22,40580.55,22.1,4978.53,40.67,4,11.96,HFO,1042.95,3245.12,83.85,209.63,356376.38
Bulk Carrier,72035.74,14095.51,14.57,3477.15,62.94,5,12.77,Hydrogen,520.03,0.0,0.0,0.0,2184105.61
Container,77439.23,54663.84,14.34,5096.98,75.37,5,14.35,Hydrogen,3372.4,0.0,0.0,0.0,14164079.65
Bulk Carrier,46611.67,22984.16,15.83,11458.91,76.09,5,13.75,LNG,2619.73,7142.58,0.0,127.32,1336845.75
Bulk Carrier,35538.52,15970.03,13.62,3567.39,99.54,3,15.69,Methanol,901.4,1210.81,0.0,14.35,269068.56
Bulk Carrier,67645.75,13727.37,14.12,3388.21,49.05,4,12.91,HFO,403.29,1254.83,32.42,81.06,137804.54
Bulk Carrier,81943.35,20201.43,13.63,1521.84,72.29,4,12.96,HFO,403.99,1257.0,32.48,81.2,138042.18
Bulk Carrier,50205.75,21128.98,12.5,5063.12,76.39,2,13.47,VLSFO,1345.27,4004.34,27.58,248.2,661874.03
Tanker,90456.04,38495.97,13.97,11247.86,39.09,5,11.67,VLSFO,3516.89,10468.36,72.1,648.87,1730308.08
Tanker,138865.42,21941.7,15.72,3496.18,56.34,3,13.14,VLSFO,644.61,1918.74,13.21,118.93,317147.67
Container,113373.3,43600.17,16.77,1563.82,64.15,4,12.87,Methanol,662.1,889.37,0.0,10.54,197637.04
Container,85794.29,23971.48,15.17,4907.38,32.82,5,11.5,Methanol,873.74,1173.65,0.0,13.91,260810.26
Bulk Carrier,56937.77,20516.23,12.25,1544.68,52.31,5,12.44,LNG,299.03,815.3,0.0,14.53,152597.17
Tanker,192603.87,44712.81,12.57,5048.05,82.97,3,13.87,Ammonia,2976.78,0.0,0.0,55.37,1384201.43
Tanker,80803.33,43230.07,16.79,1568.8,76.73,5,14.2,LNG,705.61,1923.82,0.0,34.29,360073.67
Tanker,194951.7,28232.04,15.31,10776.69,41.38,3,11.77,Hydrogen,2115.04,0.0,0.0,0.0,8883186.3
Tanker,110050.11,39794.24,14.33,6994.07,39.17,3,11.42,HFO,1930.67,6007.25,155.23,388.07,659711.42
Tanker,187017.33,22730.02,14.14,11536.69,89.85,5,14.58,VLSFO,3958.61,11783.21,81.15,730.36,1947637.74
Bulk Carrier,39041.44,23313.57,15.32,5022.88,56.39,1,13.2,HFO,946.53,2945.12,76.1,190.25,323430.0
Container,50641.19,33501.95,17.55,7000.49,60.09,3,12.54,LNG,1661.55,4530.16,0.0,80.75,847891.12
Tanker,194304.73,19667.02,13.71,10581.8,92.26,5,14.63,LNG,3033.76,8271.42,0.0,147.44,1548126.17
Bulk Carrier,88846.04,8128.16,14.7,7010.35,46.0,3,11.74,HFO,408.44,1270.85,32.84,82.1,139563.17
Bulk Carrier,90710.46,18468.23,11.23,1467.81,68.01,3,13.42,LNG,347.63,947.81,0.0,16.89,177397.28
Bulk Carrier,32861.96,9950.03,13.24,5019.71,95.23,3,14.98,LNG,636.84,1736.33,0.0,30.95,324981.54
Bulk Carrier,46717.24,19900.94,12.55,11104.0,56.59,4,13.33,LNG,2211.75,6030.25,0.0,107.49,1128656.47
Tanker,101466.36,35291.19,12.8,1471.02,64.91,5,13.71,Ammonia,632.32,0.0,0.0,11.76,294029.21
Tanker,185733.1,30843.53,16.08,1497.49,76.5,4,14.06,Ammonia,505.93,0.0,0.0,9.41,235256.03
Tanker,191284.39,34715.71,13.28,7095.96,90.04,3,14.75,Ammonia,2980.04,0.0,0.0,55.43,1385719.22
Tanker,169680.77,35467.77,13.21,3360.19,99.9,4,15.56,HFO,1842.94,5734.27,148.17,370.43,629732.59
Bulk Carrier,90507.19,16760.93,12.95,4936.74,51.42,3,13.06,HFO,828.24,2577.05,66.59,166.48,283009.1
Tanker,155188.13,28933.88,14.91,1436.65,61.73,1,13.28,LNG,307.55,838.53,0.0,14.95,156944.87
Tanker,141317.06,16800.38,15.16,3485.69,59.95,3,12.67,Hydrogen,498.19,0.0,0.0,0.0,2092402.5
Container,57190.62,25775.9,14.14,11096.13,74.02,5,13.81,Ammonia,3647.89,0.0,0.0,67.85,1696267.75
Tanker,199646.19,18636.71,16.74,10947.54,58.06,4,13.11,Hydrogen,1647.67,0.0,0.0,0.0,6920219.59
Container,50849.93,46925.34,17.21,10946.81,51.96,4,12.19,VLSFO,4134.61,12307.08,84.76,762.84,2034228.09
Container,97582.21,24207.74,21.05,3637.77,77.96,3,13.72,VLSFO,655.31,1950.6,13.43,120.9,322413.3
Tanker,176260.26,42009.1,13.64,1461.74,37.22,2,12.31,VLSFO,417.66,1243.21,8.56,77.06,205489.62
Tanker,194961.04,35663.3,12.2,4807.15,94.16,4,14.26,Methanol,2999.13,4028.58,0.0,47.75,895239.65
Bulk Carrier,67523.82,13792.07,12.26,5012.46,78.92,3,13.61,HFO,915.76,2849.38,73.63,184.07,312916.11
Bulk Carrier,67712.83,21208.39,13.41,6778.6,55.32,4,12.84,Ammonia,1500.92,0.0,0.0,27.92,697927.83
Bulk Carrier,66615.78,9553.5,13.26,5091.67,31.78,1,11.06,Ammonia,273.83,0.0,0.0,5.09,127331.9
Container,118401.97,27698.27,17.83,11254.87,47.08,3,12.45,Methanol,2277.83,3059.69,0.0,36.26,679931.21
Bulk Carrier,97464.2,13334.74,11.19,1442.09,37.81,4,11.32,Ammonia,167.93,0.0,0.0,3.12,78086.2
Container,108781.53,58141.96,18.76,5119.39,74.05,4,13.85,VLSFO,2713.04,8075.65,55.62,500.56,1334817.75
Container,63453.35,36598.59,22.92,3667.79,40.46,6,12.27,Methanol,800.16,1074.81,0.0,12.74,238847.22
Tanker,87089.47,23096.32,12.75,5034.53,84.58,5,14.64,Ammonia,1730.19,0.0,0.0,32.18,804539.64
Bulk Carrier,96847.44,12114.06,12.42,6832.63,79.68,2,14.25,VLSFO,1042.47,3103.02,21.37,192.34,512896.55
Tanker,197994.79,18743.06,16.15,6823.5,65.97,6,13.79,VLSFO,1352.44,4025.67,27.72,249.52,665399.89
Container,59464.64,30002.86,19.21,7030.64,52.92,3,12.98,Ammonia,1310.4,0.0,0.0,24.37,609335.22
Bulk Carrier,43082.15,8796.87,13.71,1515.36,81.9,1,14.38,Ammonia,146.24,0.0,0.0,2.72,68001.06
Container,102322.08,53848.18,16.7,10486.03,43.48,5,12.63,LNG,3755.74,10239.88,0.0,182.53,1916555.54
Tanker,155866.64,20273.82,13.96,7000.44,85.04,4,13.83,HFO,1760.88,5478.95,141.57,353.94,601693.6
Tanker,172681.17,20378.55,13.9,3473.08,32.66,7,11.51,LNG,531.88,1450.16,0.0,25.85,271420.25
Container,119202.77,58321.29,15.75,11437.33,82.36,1,14.09,VLSFO,6223.17,18523.89,127.57,1148.17,3061799.72
Bulk Carrier,76755.1,21014.05,12.58,11479.15,44.96,1,11.89,Hydrogen,1892.93,0.0,0.0,0.0,7950322.93
Bulk Carrier,48805.42,19960.16,14.91,11002.64,99.28,3,15.4,Ammonia,2613.45,0.0,0.0,48.61,1215253.65
Bulk Carrier,83660.53,19860.15,12.98,5204.43,44.11,4,11.64,Ammonia,887.72,0.0,0.0,16.51,412789.07
Tanker,154818.98,35246.18,15.71,3629.17,43.94,3,11.81,HFO,909.71,2830.56,73.14,182.85,310849.08
Bulk Carrier,70259.08,14291.42,15.84,10735.99,34.1,6,12.23,HFO,1068.49,3324.58,85.91,214.77,365102.04
Bulk Carrier,94605.8,19335.17,11.01,11153.33,91.24,2,13.85,Methanol,3679.23,4942.12,0.0,58.57,1098249.03
Tanker,144242.51,18675.16,14.95,11316.12,76.68,7,13.93,HFO,2779.28,8647.67,223.45,558.64,949679.6
Container,52265.17,34391.79,17.36,3613.13,30.31,1,12.06,HFO,580.03,1804.75,46.63,116.59,198196.08
Bulk Carrier,88075.91,12298.83,14.79,5078.58,90.76,6,14.61,VLSFO,848.04,2524.26,17.38,156.46,417233.46
Tanker,91807.69,35298.96,16.08,1545.74,79.12,3,14.11,Methanol,583.91,784.34,0.0,9.3,174296.92
Tanker,195719.85,23790.23,15.29,11431.79,66.35,1,13.31,Hydrogen,2154.27,0.0,0.0,0.0,9047928.01
Tanker,86156.79,22823.39,13.02,6943.71,51.83,5,12.04,Ammonia,1600.22,0.0,0.0,29.76,744100.12
Container,115649.1,41724.03,18.49,3374.97,31.08,3,11.52,VLSFO,663.5,1974.97,13.6,122.42,326441.09
Bulk Carrier,49372.57,21630.55,11.2,6653.06,80.31,2,13.4,Methanol,2249.95,3022.24,0.0,35.82,671609.76
Bulk Carrier,91760.38,22585.44,15.44,5045.02,46.45,4,12.11,Ammonia,834.26,0.0,0.0,15.52,387933.04
Bulk Carrier,83777.5,9974.0,15.72,3659.17,68.95,4,13.06,LNG,343.86,937.52,0.0,16.71,175470.74
Container,72497.15,33568.08,16.04,5152.0,46.71,2,12.77,LNG,1077.21,2936.97,0.0,52.35,549700.74
Tanker,139541.85,24972.26,14.33,5057.46,88.73,2,14.03,Hydrogen,1400.87,0.0,0.0,0.0,5883668.54
Tanker,137273.91,27748.29,14.38,3576.7,94.44,6,14.26,Ammonia,1472.8,0.0,0.0,27.39,684851.67
Bulk Carrier,97511.4,22390.58,14.6,3613.54,85.84,3,14.97,Methanol,1139.34,1530.42,0.0,18.14,340093.65
Bulk Carrier,46994.59,16535.39,11.9,3567.89,71.77,2,14.25,VLSFO,716.93,2134.01,14.7,132.27,352728.86
Container,68305.84,43569.18,19.35,11299.39,87.68,3,13.68,LNG,4348.7,11856.56,0.0,211.35,2219142.47
Tanker,184432.8,18049.34,14.96,10455.98,44.33,2,11.71,HFO,1361.39,4235.95,109.46,273.64,465188.58
Tanker,178679.17,42039.7,15.41,3536.44,60.63,4,13.36,Hydrogen,1299.42,0.0,0.0,0.0,5457583.22
Container,130596.85,26943.2,14.79,3483.72,89.14,3,13.91,VLSFO,1176.46,3501.86,24.12,217.06,578819.61
Tanker,159863.05,32787.54,15.43,11518.35,44.0,3,11.71,LNG,2237.59,6100.7,0.0,108.75,1141841.36
Bulk Carrier,46267.76,22299.42,13.89,10939.53,38.89,3,12.12,HFO,1784.45,5552.29,143.47,358.68,609747.87
Tanker,178189.21,42640.59,12.52,4828.04,86.47,4,14.13,Hydrogen,2756.13,0.0,0.0,0.0,11575752.89
Tanker,81133.02,15246.14,12.68,1534.77,64.21,2,13.2,Ammonia,254.88,0.0,0.0,4.74,118519.14
Bulk Carrier,76667.48,18073.41,15.51,10567.6,88.8,3,14.08,Ammonia,2182.0,0.0,0.0,40.59,1014630.67
Bulk Carrier,70658.16,19765.39,15.9,5052.45,93.76,5,14.19,VLSFO,1267.64,3773.27,25.99,233.88,623681.18
Container,71890.6,51471.94,17.9,5219.9,61.78,7,12.91,LNG,2541.02,6927.99,0.0,123.49,1296682.42
Tanker,103448.97,44857.19,15.6,6924.91,98.95,5,14.92,HFO,4395.37,13676.09,353.39,883.47,1501896.51
Container,71829.0,20968.86,19.98,1547.53,34.72,3,12.01,VLSFO,167.61,498.92,3.44,30.92,82466.08
Container,52834.41,28936.94,17.84,3645.06,85.76,5,13.67,Methanol,1352.82,1817.18,0.0,21.54,403818.26
Container,100803.02,59291.07,22.41,1573.57,60.25,3,13.38,Methanol,677.4,909.91,0.0,10.78,202203.22
Container,82579.14,32738.55,19.69,1480.74,68.97,3,13.89,VLSFO,375.6,1118.03,7.7,69.3,184797.62
Container,86389.15,42854.97,21.34,1553.2,93.63,3,14.01,LNG,509.89,1390.19,0.0,24.78,260196.27
Tanker,144928.42,20273.64,16.98,5184.99,81.97,4,13.46,VLSFO,1155.26,3438.76,23.68,213.15,568390.33
Tanker,143276.54,36693.58,12.34,3396.44,44.97,5,12.48,Methanol,1358.32,1824.56,0.0,21.62,405457.62
Bulk Carrier,53114.64,10667.13,15.41,6939.47,97.37,5,15.53,Ammonia,1049.96,0.0,0.0,19.53,488232.68
Container,52504.38,33822.88,15.15,1508.53,66.56,1,13.22,Ammonia,432.67,0.0,0.0,8.05,201189.77
Container,53841.37,56723.65,16.29,3612.58,33.15,3,11.5,Methanol,1350.58,1814.16,0.0,21.5,403147.61
Container,60170.68,47879.32,22.02,3480.88,93.3,1,14.46,Methanol,1361.5,1828.83,0.0,21.68,406406.39
Tanker,158126.61,15465.22,13.76,1428.39,43.62,5,11.81,Ammonia,195.37,0.0,0.0,3.63,90848.92
Bulk Carrier,85411.61,20288.45,15.55,4990.69,90.74,3,14.59,Hydrogen,1140.53,0.0,0.0,0.0,4790225.37
Tanker,128205.68,39927.09,14.71,1561.21,39.07,4,11.59,HFO,486.92,1515.05,39.15,97.87,166381.03
Bulk Carrier,79945.21,22649.28,12.15,7344.81,49.14,4,12.4,Methanol,1880.39,2525.83,0.0,29.94,561296.0
Tanker,107268.53,29940.89,14.35,1488.02,46.51,3,11.71,Ammonia,351.23,0.0,0.0,6.53,163324.21
Tanker,128058.06,26688.33,16.22,6926.07,32.13,4,11.21,Ammonia,1008.55,0.0,0.0,18.76,468975.98
Bulk Carrier,39767.28,9628.74,14.61,1564.26,80.19,2,14.21,Methanol,170.9,229.55,0.0,2.72,51012.22
Container,84713.84,38799.29,14.92,5061.01,77.37,5,13.74,Ammonia,2221.6,0.0,0.0,41.32,1033045.79
Bulk Carrier,67756.07,23559.67,15.08,1570.47,74.85,1,13.58,Hydrogen,352.07,0.0,0.0,0.0,1478693.98
Tanker,105400.67,29506.78,14.95,11302.84,76.09,2,14.04,Hydrogen,3289.64,0.0,0.0,0.0,13816503.07
Container,63967.54,52640.24,20.87,1568.21,61.41,5,13.68,Hydrogen,566.82,0.0,0.0,0.0,2380643.54
Container,110487.88,24489.83,15.92,5150.58,31.69,4,11.58,Methanol,806.21,1082.94,0.0,12.83,240653.95
Bulk Carrier,57118.01,22832.28,12.88,1440.37,64.26,5,12.61,VLSFO,404.62,1204.4,8.29,74.65,199074.76
Bulk Carrier,69693.36,21429.85,13.13,5092.38,66.66,4,12.67,VLSFO,1301.83,3875.02,26.69,240.19,640498.39
Bulk Carrier,31123.74,12195.23,14.89,4927.18,92.67,3,15.21,Ammonia,684.5,0.0,0.0,12.73,318291.86
Tanker,84717.58,40744.96,13.13,1454.77,57.67,4,13.45,Methanol,705.83,948.11,0.0,11.24,210690.27
Container,83719.69,41690.19,23.34,11302.28,71.8,2,13.33,HFO,3009.14,9362.88,241.93,604.84,1028223.0
Tanker,170769.52,15155.26,14.11,1478.32,94.95,3,14.07,Methanol,349.04,468.85,0.0,5.56,104189.24
Bulk Carrier,83451.57,11199.04,13.63,3379.2,57.21,3,12.46,Ammonia,351.02,0.0,0.0,6.53,163224.48
Bulk Carrier,81659.15,16189.67,12.4,4921.32,98.9,4,15.02,Methanol,1376.49,1848.97,0.0,21.91,410883.33
Tanker,183762.3,41675.35,15.62,3493.65,66.86,3,13.79,Hydrogen,1342.17,0.0,0.0,0.0,5637094.52
Container,54550.69,53095.65,19.74,6833.69,65.32,3,13.81,LNG,2267.39,6181.94,0.0,110.19,1157046.66
Container,69833.69,39377.5,19.79,1487.86,77.62,4,14.22,Methanol,542.79,729.1,0.0,8.64,162023.24
Container,116757.3,40315.77,17.43,3435.65,73.7,5,13.22,LNG,1352.12,3686.49,0.0,65.71,689985.59
Container,142035.37,55753.41,17.84,1478.08,31.68,4,11.83,HFO,428.9,1334.51,34.48,86.21,146554.59
Container,106355.97,55029.99,19.68,1566.44,82.23,6,14.55,Hydrogen,828.69,0.0,0.0,0.0,3480516.88
Bulk Carrier,47221.99,18160.16,11.89,7021.29,80.73,5,14.64,LNG,1708.96,4659.41,0.0,83.06,872082.48
Bulk Carrier,73097.73,15261.78,12.97,6840.65,30.49,3,11.74,Methanol,850.72,1142.73,0.0,13.54,253940.13
Container,94214.21,32908.59,20.61,4878.03,58.06,3,12.81,HFO,1085.28,3376.82,87.26,218.14,370839.91
Container,137747.23,50265.1,19.81,11529.02,32.43,5,11.66,HFO,2987.62,9295.93,240.2,600.51,1020871.15
Container,97670.28,44597.16,20.6,5188.84,56.5,3,12.85,VLSFO,1455.85,4333.49,29.84,268.6,716279.04
Tanker,160455.3,40687.01,12.57,5227.83,77.9,5,13.29,LNG,2812.73,7668.81,0.0,136.7,1435338.21
Tanker,123325.51,41150.64,16.65,7080.91,46.89,4,11.97,HFO,2036.89,6337.75,163.77,409.42,696006.58
Tanker,123504.55,43434.31,16.06,1561.94,83.03,5,14.62,Ammonia,812.53,0.0,0.0,15.11,377827.07
Bulk Carrier,67592.87,16552.14,13.8,1527.76,64.87,1,13.87,LNG,217.91,594.11,0.0,10.59,111197.04
Bulk Carrier,57269.93,8232.6,14.06,3449.83,37.56,1,12.14,Hydrogen,173.34,0.0,0.0,0.0,728011.48
Bulk Carrier,91707.15,17006.1,11.55,3437.76,61.15,7,13.52,VLSFO,849.73,2529.3,17.42,156.77,418066.4
Container,80485.84,46039.28,16.02,10840.87,90.79,5,14.93,LNG,5844.7,15935.34,0.0,284.05,2982549.73
Bulk Carrier,86546.52,19293.8,13.83,1539.02,83.95,5,13.83,Methanol,483.41,649.34,0.0,7.7,144298.1
Container,149965.48,38800.28,17.04,4925.35,60.24,3,12.61,LNG,1419.49,3870.18,0.0,68.99,724364.89
Bulk Carrier,61233.47,20708.9,12.17,4963.75,99.27,4,15.23,LNG,1464.66,3993.34,0.0,71.18,747416.17
Tanker,186264.36,19003.61,15.19,1541.33,84.9,3,14.23,Ammonia,312.31,0.0,0.0,5.81,145224.03
Bulk Carrier,31015.45,13526.24,13.23,10961.23,39.05,6,11.51,Ammonia,1275.53,0.0,0.0,23.72,593119.13
Tanker,157057.51,35795.17,16.41,10723.14,82.56,3,14.01,Methanol,4747.17,6376.64,0.0,75.57,1417031.01
Tanker,142953.93,38824.81,15.33,3342.12,76.01,1,14.41,VLSFO,1403.17,4176.69,28.77,258.89,690361.49
Container,112584.84,56940.35,17.7,1431.51,34.77,4,11.95,HFO,476.13,1481.48,38.28,95.7,162694.75
Bulk Carrier,39645.0,11831.66,12.73,3344.07,54.9,5,12.45,HFO,479.01,1490.44,38.51,96.28,163678.45
Bulk Carrier,83922.87,20221.19,15.7,11382.06,64.36,4,12.56,VLSFO,2374.93,7069.22,48.69,438.17,1168466.09
Container,81418.26,44392.0,14.75,3427.26,35.71,3,11.8,Hydrogen,905.98,0.0,0.0,0.0,3805107.64
Container,130855.98,50983.66,14.7,3459.69,52.58,2,12.07,HFO,1468.17,4568.18,118.04,295.1,501673.2
Tanker,102355.45,29061.17,13.94,10985.21,42.55,6,12.39,Hydrogen,2701.45,0.0,0.0,0.0,11346081.09
Bulk Carrier,95646.0,8637.86,12.43,1520.9,66.81,6,13.53,Methanol,205.05,275.43,0.0,3.26,61206.6
Bulk Carrier,82791.87,20945.9,13.89,6805.32,72.56,1,13.93,Ammonia,1358.45,0.0,0.0,25.27,631679.93
Tanker,93561.56,31195.95,14.45,11144.66,47.46,4,12.52,Hydrogen,2780.19,0.0,0.0,0.0,11676815.56
Container,129792.3,39065.69,20.44,3487.53,69.43,4,13.68,Methanol,1220.82,1639.87,0.0,19.44,364415.4
Bulk Carrier,55853.14,17505.84,13.98,3636.29,93.44,5,14.34,VLSFO,918.5,2734.0,18.83,169.46,451900.9
Tanker,177233.42,41575.79,16.04,5207.68,54.08,3,12.42,LNG,1484.7,4047.98,0.0,72.16,757644.2
Tanker,184926.64,30605.54,12.15,10608.29,76.67,4,14.35,Hydrogen,4224.18,0.0,0.0,0.0,17741551.65
Tanker,140120.16,40935.06,14.53,7108.11,82.83,3,13.71,LNG,3070.22,8370.82,0.0,149.21,1566730.81
Bulk Carrier,44756.31,17300.26,11.47,3584.57,91.74,1,15.01,HFO,963.96,2999.33,77.5,193.76,329383.91
Bulk Carrier,71309.23,19338.64,15.76,4799.77,39.46,3,11.48,Hydrogen,597.85,0.0,0.0,0.0,2510968.43
Tanker,185501.98,29385.47,12.46,3652.57,67.23,4,13.26,HFO,1293.56,4024.88,104.0,260.0,442008.25
Bulk Carrier,58745.93,24670.73,14.48,11316.59,88.7,8,14.66,Hydrogen,4256.59,0.0,0.0,0.0,17877696.49
Container,79978.85,30965.34,14.42,6989.8,49.31,4,12.22,Methanol,2115.96,2842.26,0.0,33.69,631613.42
Container,129324.37,55071.43,17.51,10634.32,91.81,5,14.96,LNG,6712.54,18301.47,0.0,326.23,3425407.97
Container,105609.16,28420.32,21.67,5016.64,88.1,4,14.29,HFO,1256.29,3908.91,101.01,252.51,429273.03
Tanker,109248.81,43739.14,15.44,5213.86,76.43,5,14.01,LNG,2407.6,6564.22,0.0,117.01,1228598.04
Bulk Carrier,54609.56,15155.85,12.94,3362.91,95.47,3,14.52,LNG,638.84,1741.78,0.0,31.05,326001.17
Bulk Carrier,89101.08,12937.68,14.16,5073.47,36.46,4,12.21,Methanol,529.92,711.82,0.0,8.44,158182.52
Bulk Carrier,97008.9,15424.38,15.37,3443.57,96.71,3,14.38,Hydrogen,664.51,0.0,0.0,0.0,2790954.67
Tanker,132471.81,32717.89,16.93,11163.3,56.81,3,12.55,LNG,2714.92,7402.13,0.0,131.95,1385425.96
Tanker,102529.19,34559.5,13.63,7091.74,39.57,7,12.3,Methanol,2613.27,3510.28,0.0,41.6,780062.04
Tanker,88573.49,33815.91,14.72,4834.57,51.92,3,12.2,Methanol,1556.64,2090.96,0.0,24.78,464657.45
Bulk Carrier,57444.57,16003.37,14.53,1469.39,70.29,5,14.08,Ammonia,265.34,0.0,0.0,4.94,123385.42
Container,59077.54,54215.39,16.15,3601.66,61.24,4,13.49,Ammonia,1645.03,0.0,0.0,30.6,764937.62
Container,94320.71,28875.12,18.88,11327.59,42.13,6,12.07,Hydrogen,2065.08,0.0,0.0,0.0,8673338.11
Container,113200.34,22433.45,14.8,4873.3,37.48,5,11.39,HFO,837.6,2606.17,67.34,168.36,286207.45
Bulk Carrier,83668.77,22750.55,15.5,3414.37,89.65,3,14.69,Ammonia,904.01,0.0,0.0,16.81,420365.38
Tanker,152511.3,18591.57,13.62,11404.15,41.01,4,11.55,LNG,1700.62,4636.68,0.0,82.65,867828.41
Container,103959.07,34751.16,16.68,7172.85,49.74,5,12.59,Hydrogen,2003.91,0.0,0.0,0.0,8416435.7
Tanker,104245.0,32007.64,15.02,4764.9,67.25,3,13.8,Ammonia,1327.02,0.0,0.0,24.68,617065.3
Container,144667.52,42406.82,15.6,3626.26,57.16,3,13.42,HFO,1373.07,4272.28,110.39,275.99,469178.16
Tanker,82661.41,35881.9,16.53,6981.85,47.44,3,11.99,VLSFO,1657.13,4932.62,33.97,305.74,815308.57
Tanker,111225.55,22803.51,12.08,7154.5,78.6,5,14.09,Ammonia,2385.9,0.0,0.0,44.38,1109445.24
Tanker,136615.05,39394.95,15.99,4939.55,92.41,3,14.77,HFO,2455.49,7640.2,197.42,493.55,839039.62
Bulk Carrier,77831.4,11875.3,11.37,3433.54,34.35,4,11.84,HFO,370.88,1153.98,29.82,74.55,126729.38
Container,75928.4,54787.77,18.32,5125.58,42.74,4,11.61,VLSFO,1799.07,5355.1,36.88,331.93,885140.81
Tanker,132675.27,32460.34,14.97,1463.09,38.14,4,12.08,Ammonia,323.4,0.0,0.0,6.02,150382.54
Container,145037.33,59124.83,22.78,1540.52,60.46,3,12.97,LNG,493.83,1346.39,0.0,24.0,251998.92
Tanker,95894.74,31786.59,12.0,11020.44,38.51,3,12.25,Methanol,3477.49,4671.14,0.0,55.36,1038031.53
Tanker,160335.44,44481.65,12.7,6831.25,74.16,5,13.9,HFO,4400.68,13692.63,353.81,884.54,1503712.63
Tanker,83856.52,33402.32,13.84,3552.32,49.22,2,12.36,Ammonia,922.04,0.0,0.0,17.15,428746.56
Bulk Carrier,82610.31,18746.7,15.95,6682.75,93.69,4,15.22,Methanol,1759.03,2362.81,0.0,28.0,525069.12
Bulk Carrier,54240.2,14149.71,15.54,4841.96,50.07,2,12.69,LNG,438.25,1194.88,0.0,21.3,223641.35
Container,147630.9,38771.2,17.67,10555.53,67.45,5,13.85,Hydrogen,3320.3,0.0,0.0,0.0,13945271.81
Container,125028.56,57632.26,15.45,1428.33,46.83,5,12.4,LNG,625.43,1705.22,0.0,30.4,319158.42
Tanker,184961.17,42371.01,12.68,11151.51,90.1,4,13.97,Methanol,7987.57,10729.31,0.0,127.16,2384290.69
Tanker,80629.75,21175.28,13.96,10755.54,58.57,7,13.11,Hydrogen,2772.73,0.0,0.0,0.0,11645463.59
Bulk Carrier,44726.51,13091.97,14.52,7310.2,74.19,4,13.54,VLSFO,1117.95,3327.68,22.92,206.26,550028.97
Container,114754.67,24495.56,21.04,3526.59,78.64,5,13.31,Hydrogen,741.87,0.0,0.0,0.0,3115854.55
Container,124779.41,24756.26,18.89,1523.1,96.08,4,14.64,VLSFO,421.81,1255.56,8.65,77.82,207530.08
Bulk Carrier,93426.37,22917.79,14.45,1534.8,62.88,6,12.52,Hydrogen,380.68,0.0,0.0,0.0,1598836.29
Tanker,86820.99,42259.21,13.55,1540.52,76.22,5,13.77,VLSFO,894.28,2661.92,18.33,165.0,439987.51
Bulk Carrier,51618.14,10877.79,15.68,4841.27,92.18,5,14.4,Ammonia,615.89,0.0,0.0,11.46,286386.55
Bulk Carrier,74061.0,24918.02,14.74,10918.82,56.91,2,12.95,Methanol,2672.63,3590.01,0.0,42.55,797779.32
Container,62179.14,27316.01,18.6,11198.05,47.62,3,12.82,Methanol,2154.06,2893.45,0.0,34.29,642988.22
Bulk Carrier,80047.9,10100.25,15.01,6889.11,47.17,4,12.32,VLSFO,538.87,1604.0,11.05,99.42,265123.78
Bulk Carrier,79499.83,9698.07,12.88,1461.07,85.29,5,14.65,Methanol,240.72,323.35,0.0,3.83,71856.29
Tanker,167826.74,24398.08,12.24,1458.52,95.13,5,15.32,Methanol,745.93,1001.97,0.0,11.88,222661.04
Bulk Carrier,59251.57,11998.77,11.47,6825.59,79.22,5,14.38,Methanol,1573.24,2113.26,0.0,25.05,469612.27
Tanker,175528.26,22885.9,14.74,3334.2,49.98,3,12.06,VLSFO,610.74,1817.92,12.52,112.68,300483.25
Container,55417.76,49909.94,18.74,11298.73,41.35,1,11.99,VLSFO,2848.01,8477.38,58.38,525.46,1401219.57
Bulk Carrier,55571.62,21810.78,15.73,11359.93,73.36,4,13.34,Methanol,3034.4,4075.96,0.0,48.31,905768.24
Tanker,174197.15,35519.9,15.35,6951.47,53.17,3,12.67,VLSFO,2079.06,6188.52,42.62,383.59,1022895.95
Tanker,134745.01,40874.75,16.15,3476.94,49.3,3,12.64,VLSFO,1016.44,3025.54,20.84,187.53,500089.99
Container,81252.95,44753.16,21.36,4937.95,86.66,5,13.66,HFO,2034.68,6330.87,163.59,408.97,695250.57
Tanker,152714.67,31454.1,13.7,10554.54,92.61,5,14.63,Hydrogen,4668.22,0.0,0.0,0.0,19606540.9
Tanker,192477.07,20565.74,16.23,1452.12,57.9,3,13.19,HFO,250.56,779.63,20.15,50.36,85617.99
Bulk Carrier,47864.86,18561.7,15.24,7210.61,63.5,6,12.85,VLSFO,1413.92,4208.67,28.99,260.87,695648.7
Container,102177.62,34874.97,21.72,4920.76,59.53,1,12.48,HFO,1075.78,3347.26,86.49,216.23,367593.07
Tanker,135389.16,31423.83,12.47,7113.59,49.63,4,12.64,HFO,2441.95,7598.07,196.33,490.83,834413.08
Tanker,185248.81,30859.16,16.92,3461.06,44.5,4,11.64,HFO,784.36,2440.53,63.06,157.66,268016.38
Tanker,147156.0,31107.76,13.48,11387.22,53.68,5,12.26,VLSFO,3633.09,10814.27,74.48,670.31,1787482.69
Tanker,199241.38,31018.31,14.86,6860.37,62.69,7,12.52,Methanol,2771.09,3722.27,0.0,44.12,827171.22
Tanker,136590.03,37749.99,16.99,7156.62,38.1,6,12.34,LNG,1655.49,4513.64,0.0,80.46,844798.15
Tanker,91389.67,36042.93,14.28,7298.88,86.45,3,14.5,HFO,3352.1,10430.0,269.51,673.77,1145413.05
Tanker,165859.31,41514.28,15.02,6681.16,83.5,2,14.8,HFO,2993.19,9313.24,240.65,601.63,1022772.3
Bulk Carrier,67086.28,16554.64,11.36,1482.08,99.84,3,14.63,HFO,398.85,1241.01,32.07,80.17,136286.81
Bulk Carrier,45880.11,12386.28,15.54,1519.56,92.82,4,14.0,VLSFO,237.31,706.39,4.86,43.78,116758.5
Bulk Carrier,59745.95,16697.37,13.68,4805.52,42.63,5,12.26,Hydrogen,664.38,0.0,0.0,0.0,2790393.34
Bulk Carrier,85423.24,10399.94,13.07,1457.73,38.32,4,11.55,Hydrogen,122.49,0.0,0.0,0.0,514444.83
Bulk Carrier,39518.6,19415.63,12.57,11479.51,57.5,1,12.68,LNG,2003.98,5463.78,0.0,97.39,1022632.98
Tanker,117919.78,24291.54,16.59,6698.63,81.78,2,14.05,HFO,1680.47,5228.76,135.11,337.77,574217.42
Tanker,191823.6,31473.06,14.35,1434.67,37.37,5,11.99,Ammonia,321.58,0.0,0.0,5.98,149532.88
Bulk Carrier,36663.61,20906.61,11.79,1553.39,59.43,4,13.1,Ammonia,363.77,0.0,0.0,6.77,169153.95
Bulk Carrier,86583.0,13704.47,14.86,5122.11,45.68,4,12.06,Hydrogen,520.31,0.0,0.0,0.0,2185300.88
Container,66250.35,53056.59,15.25,6871.6,62.03,4,12.92,Hydrogen,3480.18,0.0,0.0,0.0,14616739.82
Bulk Carrier,33649.02,22331.62,11.42,1463.56,61.76,4,13.64,HFO,419.39,1304.92,33.72,84.3,143304.95
Container,76414.28,59898.62,19.05,3358.5,72.39,4,14.18,HFO,1736.31,5402.48,139.6,349.0,593295.89
Bulk Carrier,57220.73,8933.12,14.86,7278.76,53.75,4,12.52,VLSFO,586.27,1745.11,12.02,108.17,288447.17
Bulk Carrier,54831.87,20725.37,12.53,1457.44,92.37,3,14.05,Methanol,497.62,668.42,0.0,7.92,148538.17
Bulk Carrier,74466.78,15769.1,12.89,1571.8,90.94,5,14.6,VLSFO,386.9,1151.64,7.93,71.38,190353.77
Bulk Carrier,62342.35,11679.8,12.81,5055.23,82.58,6,13.44,Ammonia,914.03,0.0,0.0,17.0,425026.0
Container,81289.29,29564.41,17.02,1460.1,68.06,4,13.09,Ammonia,383.48,0.0,0.0,7.13,178317.04
Tanker,127002.24,42210.63,16.4,7215.32,42.33,5,12.7,Hydrogen,2048.41,0.0,0.0,0.0,8603331.51
Bulk Carrier,64402.5,21955.71,15.02,10595.87,45.49,6,11.85,Methanol,2438.09,3274.96,0.0,38.81,727769.26
Container,104327.87,38941.85,21.29,3348.02,73.29,5,14.13,Ammonia,1030.64,0.0,0.0,19.17,479247.96
Bulk Carrier,49364.68,15947.25,12.3,4992.6,93.5,3,15.38,LNG,1047.77,2856.71,0.0,50.92,534678.65
Tanker,178218.52,19050.45,15.23,4770.91,98.09,5,15.06,Methanol,1525.78,2049.51,0.0,24.29,455445.63
Tanker,116848.19,26041.73,14.59,4950.07,68.0,3,13.33,HFO,1346.19,4188.64,108.23,270.58,459992.92
Bulk Carrier,49916.97,23854.52,11.48,5005.08,66.36,4,13.94,Methanol,1885.44,2532.61,0.0,30.02,562803.08
Container,148740.18,52697.44,20.32,3479.63,58.66,7,13.31,Hydrogen,1523.79,0.0,0.0,0.0,6399934.61
Container,126255.19,38048.7,18.28,3408.67,98.16,5,14.47,HFO,1530.91,4763.39,123.08,307.71,523111.16
Tanker,101177.68,26558.02,13.64,7097.34,38.54,4,12.44,Ammonia,1496.59,0.0,0.0,27.84,695916.04
Container,85367.76,40171.13,16.62,3478.48,51.72,4,12.92,HFO,1043.3,3246.2,83.88,209.7,356494.69
Tanker,191940.72,40954.54,12.84,4908.17,60.44,8,13.43,Ammonia,2903.25,0.0,0.0,54.0,1350010.19
Container,80765.92,54258.34,23.01,1488.54,31.92,5,12.01,LNG,302.68,825.24,0.0,14.71,154457.28
Bulk Carrier,43187.1,24296.19,12.39,1470.73,80.77,3,14.54,LNG,450.31,1227.74,0.0,21.88,229791.79
Tanker,170439.26,27293.41,12.74,4932.95,49.8,3,12.86,Methanol,1428.48,1918.81,0.0,22.74,426401.46
Container,132912.61,27115.35,16.37,5083.92,39.0,2,11.42,VLSFO,807.62,2403.97,16.56,149.01,397350.02
Container,80572.43,32024.92,18.27,1469.56,35.08,3,12.29,Hydrogen,220.27,0.0,0.0,0.0,925125.79
Tanker,199378.83,19796.59,16.58,3615.18,34.46,4,11.71,Hydrogen,396.09,0.0,0.0,0.0,1663580.2
Tanker,148616.13,42103.81,16.23,10973.17,56.44,3,12.8,Methanol,4315.02,5796.15,0.0,68.7,1288033.46
Tanker,194031.45,15606.64,14.39,10955.79,69.43,4,13.3,Ammonia,1896.65,0.0,0.0,35.28,881941.16
Bulk Carrier,44998.22,18213.32,15.22,7128.98,88.93,3,14.18,HFO,1513.15,4708.15,121.66,304.14,517044.53
Tanker,125061.71,29344.63,14.06,10461.38,38.32,6,12.08,Hydrogen,2467.05,0.0,0.0,0.0,10361614.96
Container,142932.49,41983.0,15.38,1428.39,39.2,3,12.02,Methanol,421.72,566.47,0.0,6.71,125882.26
Tanker,182375.7,29196.39,15.21,11054.0,51.59,5,12.44,VLSFO,2913.12,8671.19,59.72,537.47,1433254.88
Container,138660.14,21248.21,18.13,7237.08,60.55,5,13.34,VLSFO,1305.4,3885.65,26.76,240.85,642256.15
Tanker,194950.18,34802.97,16.7,10584.68,96.18,5,14.98,Hydrogen,4559.39,0.0,0.0,0.0,19149455.11
Tanker,113835.07,29789.46,14.83,7216.59,39.83,3,12.35,Ammonia,1417.2,0.0,0.0,26.36,658998.03
Bulk Carrier,32399.18,24341.28,12.31,4954.15,34.51,3,11.85,VLSFO,947.33,2819.82,19.42,174.78,466085.64
Tanker,110785.24,21280.75,16.92,7323.33,82.83,2,13.46,Hydrogen,1497.34,0.0,0.0,0.0,6288832.16
Container,113573.98,27810.2,22.46,1475.66,59.8,4,13.26,HFO,272.77,848.72,21.93,54.83,93206.04
Container,134551.64,26586.79,17.75,3478.62,76.32,4,13.37,HFO,875.07,2722.77,70.36,175.89,299012.42
Tanker,157059.99,32025.19,12.33,4834.73,60.56,2,12.86,Methanol,2045.08,2747.05,0.0,32.56,610456.61
Tanker,168682.13,18785.87,13.64,11097.61,87.99,3,14.85,LNG,2544.56,6937.63,0.0,123.67,1298486.63
Tanker,160344.26,25568.39,13.21,6955.04,92.53,3,14.46,Methanol,2768.27,3718.47,0.0,44.07,826327.76
Bulk Carrier,66298.11,14223.07,14.83,1504.08,46.02,7,12.75,Ammonia,193.4,0.0,0.0,3.6,89929.92
Tanker,182341.62,18094.74,12.45,1441.19,67.74,5,13.13,Methanol,400.58,538.08,0.0,6.38,119574.24
Tanker,101836.13,26205.64,15.51,5132.1,35.5,4,12.02,Ammonia,853.98,0.0,0.0,15.88,397102.73
Bulk Carrier,33757.18,12720.98,11.93,4807.94,42.53,4,12.3,Methanol,645.29,866.78,0.0,10.27,192618.13
Bulk Carrier,49392.59,9095.68,12.26,3575.5,34.15,5,11.86,Ammonia,262.55,0.0,0.0,4.88,122085.63
Container,117910.29,37029.55,19.86,11115.19,66.32,6,13.8,LNG,3156.39,8605.77,0.0,153.4,1610706.27
Tanker,118344.19,31511.5,15.73,1495.13,87.96,4,14.83,Hydrogen,533.67,0.0,0.0,0.0,2241429.16
Tanker,141049.35,21116.39,16.86,1440.89,38.76,4,11.96,Ammonia,182.74,0.0,0.0,3.4,84974.9
Bulk Carrier,61003.22,22018.42,11.95,4981.13,66.95,2,13.05,Ammonia,1290.45,0.0,0.0,24.0,600059.65
Container,58924.79,21291.73,17.21,5109.63,85.11,4,14.72,HFO,1204.98,3749.26,96.88,242.2,411740.85
Tanker,149427.76,37617.54,14.38,10747.12,32.87,8,11.64,Ammonia,3115.88,0.0,0.0,57.96,1448885.56
Container,78148.04,25831.66,18.66,5247.95,48.44,3,11.85,Hydrogen,883.46,0.0,0.0,0.0,3710535.92
Bulk Carrier,38293.15,8898.4,15.95,4895.92,60.94,3,13.61,Ammonia,349.13,0.0,0.0,6.49,162347.68
Tanker,81195.69,16792.48,12.08,6849.95,33.67,2,11.22,Ammonia,813.2,0.0,0.0,15.13,378137.59
Container,139353.83,59154.97,17.01,1462.93,67.59,6,13.16,Ammonia,834.99,0.0,0.0,15.53,388268.85
Container,125187.2,27650.79,18.32,7328.46,46.88,3,12.17,Hydrogen,1278.32,0.0,0.0,0.0,5368933.05
Bulk Carrier,74019.21,22690.55,12.36,5234.27,34.78,4,12.03,Ammonia,890.44,0.0,0.0,16.56,414056.86
Tanker,80788.9,26461.49,14.27,3448.73,88.09,7,13.73,Ammonia,1377.13,0.0,0.0,25.61,640367.32
Tanker,84754.01,42486.5,12.76,3340.33,61.28,8,13.17,VLSFO,2168.45,6454.61,44.45,400.08,1066878.44
Container,116196.18,59370.51,14.58,1462.76,97.69,4,15.33,LNG,1066.54,2907.87,0.0,51.83,544254.01
Bulk Carrier,54399.5,19879.08,11.44,4799.24,39.52,3,11.91,Ammonia,821.84,0.0,0.0,15.29,382155.41
Bulk Carrier,89317.94,8693.65,13.42,1526.0,93.7,2,15.3,LNG,166.84,454.87,0.0,8.11,85136.5
Container,78970.94,38948.58,17.87,7171.63,60.79,3,13.41,HFO,2253.01,7010.2,181.14,452.86,769854.06
Tanker,109064.64,19835.97,14.22,11321.99,87.96,3,14.7,Ammonia,2728.1,0.0,0.0,50.74,1268565.44
Bulk Carrier,85382.0,16844.83,11.92,10767.2,72.54,2,14.04,Ammonia,2369.08,0.0,0.0,44.06,1101621.91
Container,131641.36,20987.79,15.9,1440.4,85.26,4,13.65,LNG,346.53,944.8,0.0,16.84,176835.07
Bulk Carrier,40372.92,12381.64,13.5,1440.31,79.11,1,13.7,Methanol,221.09,296.99,0.0,3.52,65996.8
Container,126049.34,40688.78,23.77,3575.64,80.43,2,14.19,HFO,983.25,3059.37,79.05,197.63,335977.23
Bulk Carrier,59492.51,20780.61,13.96,10455.28,61.12,4,13.31,LNG,2045.27,5576.34,0.0,99.4,1043699.58
Container,72328.96,59603.82,22.26,4921.21,97.51,2,14.36,Ammonia,2441.15,0.0,0.0,45.41,1135133.89
Tanker,179700.72,23787.59,15.36,3399.01,85.81,4,14.39,VLSFO,974.56,2900.87,19.98,179.81,479481.85
Container,101561.6,55713.62,17.03,1496.9,83.85,4,13.69,HFO,894.49,2783.19,71.92,179.79,305647.7
Tanker,177694.89,37041.05,12.62,4973.15,34.57,3,11.43,Methanol,1588.44,2133.68,0.0,25.29,474150.57
Tanker,151874.45,15702.52,13.22,3640.66,53.29,5,12.68,VLSFO,628.13,1869.68,12.88,115.89,309038.72
Container,74493.7,40306.55,17.13,3401.68,35.47,5,11.54,Methanol,948.96,1274.69,0.0,15.11,283265.24
Bulk Carrier,50936.53,24715.84,15.1,11222.05,75.17,5,14.41,LNG,2860.07,7797.87,0.0,139.0,1459494.63
Bulk Carrier,32066.21,8659.1,15.51,3436.98,75.8,5,14.28,Hydrogen,354.13,0.0,0.0,0.0,1487353.3
Tanker,183053.9,30261.01,12.25,6707.08,68.02,5,12.78,HFO,2762.18,8594.47,222.08,555.2,943836.76
Tanker,118128.63,16900.8,12.51,1520.66,92.01,4,13.95,Ammonia,367.53,0.0,0.0,6.84,170903.35
Tanker,94404.28,38540.59,15.79,1544.05,51.0,3,12.31,VLSFO,445.01,1324.61,9.12,82.1,218943.89
Tanker,118278.64,21430.56,12.76,10516.3,36.94,3,11.63,Hydrogen,1540.16,0.0,0.0,0.0,6468654.95
Tanker,86252.79,26781.13,15.52,4923.6,42.96,6,12.39,Hydrogen,1049.53,0.0,0.0,0.0,4408037.77
Bulk Carrier,86356.89,10143.53,15.78,1443.73,36.35,5,11.23,Ammonia,92.48,0.0,0.0,1.72,43002.29
Container,55874.4,42363.82,16.59,4992.91,44.23,3,12.41,LNG,1306.4,3561.86,0.0,63.49,666657.7
Tanker,135392.92,34929.98,14.1,11489.31,35.64,3,12.25,Ammonia,2471.32,0.0,0.0,45.97,1149165.28
Bulk Carrier,57919.88,9682.92,13.84,1565.31,87.76,4,14.14,HFO,207.6,645.94,16.69,41.73,70936.23
Container,75966.1,23627.57,21.74,11411.65,97.12,2,15.59,VLSFO,2416.8,7193.85,49.54,445.9,1189066.56
Tanker,89902.46,42210.11,13.1,6686.13,56.86,6,12.71,HFO,3264.91,10158.72,262.5,656.25,1115621.37
Container,145164.13,40187.76,18.24,1474.76,56.28,4,13.07,HFO,450.03,1400.25,36.18,90.46,153773.84
Bulk Carrier,90502.42,21993.31,15.0,1476.25,69.62,2,12.98,Methanol,360.55,484.31,0.0,5.74,107624.77
Bulk Carrier,98914.28,21292.42,13.28,5038.96,56.27,3,12.36,Methanol,1179.45,1584.3,0.0,18.78,352066.34
Tanker,107763.92,35856.74,13.58,3541.27,53.76,3,12.15,HFO,1131.08,3519.32,90.94,227.35,386488.71
Bulk Carrier,77892.01,23322.47,13.41,11005.48,84.19,8,13.53,Ammonia,4387.87,0.0,0.0,81.61,2040361.06
Container,108381.96,22686.75,17.48,6696.9,69.93,3,13.13,LNG,1194.36,3256.39,0.0,58.05,609484.15
Bulk Carrier,86074.1,8541.11,14.94,1519.24,32.12,4,11.74,Ammonia,83.98,0.0,0.0,1.56,39049.38
Container,84882.42,31738.54,15.01,5232.76,43.07,1,12.27,Ammonia,1046.88,0.0,0.0,19.47,486797.21
Tanker,167851.08,21814.4,16.15,3657.75,79.15,4,13.98,HFO,846.35,2633.4,68.05,170.12,289197.27
Container,116082.21,41789.98,20.19,4785.71,43.94,4,12.72,Ammonia,1058.68,0.0,0.0,19.69,492287.07
Bulk Carrier,45087.68,10143.43,14.74,6659.01,97.82,3,15.01,Hydrogen,826.51,0.0,0.0,0.0,3471322.66
Bulk Carrier,88276.45,19670.36,12.24,3600.68,81.9,4,14.15,LNG,955.62,2605.45,0.0,46.44,487650.68
Bulk Carrier,58355.83,21626.3,15.12,11394.39,57.48,3,13.07,HFO,2340.98,7283.92,188.21,470.54,799913.28
Tanker,116041.39,20845.72,13.88,5044.72,77.79,3,13.95,Methanol,1377.24,1849.97,0.0,21.93,411105.22
Bulk Carrier,73406.74,13986.65,15.27,7143.45,75.24,5,13.08,VLSFO,1212.2,3608.25,24.85,223.65,596404.69
Tanker,145585.42,32559.45,15.34,4807.76,37.18,5,12.11,Hydrogen,1048.39,0.0,0.0,0.0,4403258.79
Tanker,117400.72,42170.4,15.74,3535.36,33.98,3,12.03,Hydrogen,807.34,0.0,0.0,0.0,3390822.46
Container,148089.69,40474.28,20.28,5182.65,62.96,4,12.69,Hydrogen,1513.3,0.0,0.0,0.0,6355878.59
Bulk Carrier,93523.11,11420.42,13.85,11255.03,86.62,4,14.48,Hydrogen,1673.21,0.0,0.0,0.0,7027499.41
Bulk Carrier,94860.31,17607.36,12.01,10555.07,62.45,3,13.63,LNG,1970.53,5372.58,0.0,95.77,1005562.91
Tanker,121493.77,27992.63,16.86,5247.43,83.93,8,14.86,VLSFO,1949.9,5804.08,39.97,359.76,959352.08
Bulk Carrier,62095.27,13030.91,14.54,1464.69,88.01,5,14.95,HFO,277.52,863.49,22.31,55.78,94827.94
Bulk Carrier,74195.3,18250.94,14.37,6752.71,97.63,6,14.67,VLSFO,1910.66,5687.27,39.17,352.52,940044.26
Tanker,142071.16,24860.86,16.83,11252.62,46.4,3,12.06,LNG,1564.4,4265.27,0.0,76.03,798312.22
Bulk Carrier,37225.0,14575.67,13.41,1473.11,70.11,5,13.61,LNG,267.03,728.04,0.0,12.98,136263.39
Tanker,146108.75,33412.04,16.78,3593.6,35.66,1,12.3,HFO,621.68,1934.35,49.98,124.96,212428.61
Tanker,119650.05,33780.79,14.24,3587.71,71.86,7,13.36,Hydrogen,1597.49,0.0,0.0,0.0,6709465.18
Tanker,181731.71,25000.13,15.91,3344.83,58.83,2,13.38,VLSFO,668.47,1989.76,13.7,123.33,328885.77
Tanker,89649.21,44143.28,15.29,10636.26,72.67,5,14.24,HFO,5009.84,15588.02,402.79,1006.98,1711862.85
Tanker,181883.54,15428.96,16.7,5107.97,70.76,1,13.66,VLSFO,649.98,1934.73,13.32,119.92,319789.33
Container,51075.57,27941.81,18.23,3356.53,89.18,3,14.81,VLSFO,936.82,2788.55,19.2,172.84,460917.87
Tanker,179026.55,21143.94,15.83,6861.24,68.74,4,14.06,LNG,1332.46,3632.9,0.0,64.76,679954.26
Tanker,197081.28,36246.89,15.11,1515.93,53.0,4,13.17,LNG,463.8,1264.54,0.0,22.54,236677.93
Container,77151.23,31213.36,14.72,5064.26,40.82,4,12.19,Methanol,1400.04,1880.6,0.0,22.29,417911.76
Tanker,168280.11,34461.43,16.29,3356.61,70.31,4,13.58,VLSFO,1215.31,3617.49,24.91,224.22,597932.68
Container,86710.92,25952.9,15.3,5077.54,49.73,4,12.72,LNG,973.19,2653.35,0.0,47.3,496617.2
Bulk Carrier,55541.83,24838.94,11.35,1530.09,55.75,4,13.06,VLSFO,452.69,1347.47,9.28,83.52,222722.55
Container,64761.2,43311.72,16.19,11052.14,84.05,2,13.54,LNG,4278.68,11665.64,0.0,207.94,2183408.76
Tanker,145495.0,33254.31,15.13,6710.75,60.58,4,12.88,Methanol,2384.61,3203.13,0.0,37.96,711805.75
Container,118220.66,37710.65,14.45,4985.59,45.6,3,12.06,Ammonia,1365.11,0.0,0.0,25.39,634777.45
Bulk Carrier,73465.79,12187.65,11.6,1487.56,67.57,3,13.72,VLSFO,241.13,717.75,4.94,44.49,118636.36
Tanker,130336.02,41559.54,13.13,10663.7,80.07,5,14.21,Methanol,7123.28,9568.35,0.0,113.4,2126299.78
Container,137021.93,56646.97,22.14,4966.37,59.59,5,12.46,VLSFO,2035.06,6057.55,41.72,375.47,1001248.49
Bulk Carrier,45309.61,21141.25,12.74,5060.51,35.3,4,12.34,HFO,860.49,2677.4,69.18,172.96,294029.97
Container,121479.74,24813.92,21.95,5037.7,75.04,4,13.96,LNG,888.59,2422.71,0.0,43.19,453448.88
Tanker,181845.32,21429.15,13.97,4871.49,37.36,3,11.48,HFO,760.19,2365.33,61.12,152.8,259758.42
Container,87568.01,47281.38,14.78,3436.4,98.89,4,15.15,LNG,2085.19,5685.2,0.0,101.34,1064074.29
Tanker,98842.41,35558.05,16.89,1436.21,79.34,3,13.79,Hydrogen,482.36,0.0,0.0,0.0,2025925.99
Bulk Carrier,51496.64,16787.17,14.7,4994.84,45.78,6,11.88,Hydrogen,734.68,0.0,0.0,0.0,3085652.79
Bulk Carrier,72164.99,12783.68,15.26,6904.88,58.65,1,13.32,Hydrogen,716.97,0.0,0.0,0.0,3011261.94
Container,109998.11,45098.34,22.57,3431.71,34.11,5,12.18,Methanol,825.71,1109.13,0.0,13.15,246474.06
Tanker,134476.64,27692.42,14.44,6896.85,38.41,3,12.31,VLSFO,1302.81,3877.95,26.71,240.37,640983.89
Tanker,135232.51,17797.74,13.9,11518.71,64.65,3,13.67,Hydrogen,1911.85,0.0,0.0,0.0,8029784.74
Tanker,154222.08,26561.62,12.8,1538.74,33.21,3,11.92,HFO,282.37,878.6,22.7,56.76,96487.22
Tanker,105178.99,30518.49,12.75,3627.61,58.33,5,12.96,VLSFO,1205.2,3587.39,24.71,222.36,592956.23
Bulk Carrier,33173.44,8727.39,13.58,1492.93,31.64,3,11.65,LNG,74.11,202.06,0.0,3.6,37819.54
Container,54862.25,43148.35,18.28,1436.12,89.09,5,15.13,LNG,607.29,1655.76,0.0,29.51,309902.38
Bulk Carrier,85610.8,15931.57,11.56,11093.54,69.05,2,13.04,Methanol,2724.5,3659.69,0.0,43.37,813264.26
Container,59293.24,23874.27,17.04,3384.7,73.77,4,13.82,Ammonia,738.69,0.0,0.0,13.74,343492.81
Container,140418.97,50830.26,21.93,11296.49,62.19,4,12.74,VLSFO,3999.57,11905.11,81.99,737.92,1967787.09
Bulk Carrier,58519.87,11903.16,12.78,5213.61,37.95,3,12.44,VLSFO,510.02,1518.12,10.46,94.1,250928.11
Tanker,117000.64,32718.22,15.41,4926.15,35.24,4,12.17,VLSFO,1070.29,3185.81,21.94,197.47,526580.51
Tanker,85241.19,36865.11,14.46,10551.33,45.15,4,12.09,VLSFO,3362.12,10007.7,68.92,620.31,1654164.51
Bulk Carrier,80333.45,18345.17,11.03,4968.64,51.24,6,12.04,Hydrogen,1207.4,0.0,0.0,0.0,5071069.58
Container,100146.61,55157.73,21.66,5210.81,86.42,3,13.99,Methanol,2459.59,3303.85,0.0,39.16,734188.41
Bulk Carrier,61453.53,17087.33,13.94,11366.07,99.72,6,15.06,Hydrogen,3078.95,0.0,0.0,0.0,12931608.78
Bulk Carrier,38623.91,17328.66,13.29,7158.16,58.68,4,13.35,Hydrogen,1325.21,0.0,0.0,0.0,5565879.32
Tanker,144296.0,41044.43,15.29,1561.6,58.01,3,12.51,HFO,554.85,1726.41,44.61,111.53,189592.66
Bulk Carrier,45430.9,14144.72,15.96,5185.18,90.83,4,13.86,Hydrogen,893.33,0.0,0.0,0.0,3751985.74
Container,61610.97,31718.73,21.14,10705.58,95.59,1,14.12,Ammonia,2668.64,0.0,0.0,49.64,1240917.27
Tanker,81514.98,24460.62,14.54,11213.59,43.84,4,11.75,LNG,2062.15,5622.37,0.0,100.22,1052315.73
Bulk Carrier,49596.6,18689.2,12.67,6652.97,73.57,4,13.36,Hydrogen,1565.14,0.0,0.0,0.0,6573605.66
Tanker,148678.35,30373.69,13.62,7248.8,56.33,4,13.37,Ammonia,2099.73,0.0,0.0,39.05,976374.04
Bulk Carrier,55531.92,20577.59,15.33,7169.16,47.48,5,12.39,Ammonia,1185.41,0.0,0.0,22.05,551217.77
Bulk Carrier,52015.45,22304.54,11.72,5237.57,95.46,4,15.27,HFO,1971.14,6133.17,158.48,396.2,673539.67
Tanker,155100.94,26020.95,12.53,11236.3,61.36,3,13.18,LNG,3095.11,8438.71,0.0,150.42,1579436.78
Tanker,154056.05,38069.86,14.43,3484.25,57.92,5,13.33,Ammonia,1278.63,0.0,0.0,23.78,594561.56
Tanker,198256.1,22366.9,16.88,7015.58,78.07,3,14.57,Methanol,1750.78,2351.73,0.0,27.87,522607.3
Tanker,139777.71,32382.61,16.75,3659.66,65.89,3,13.29,VLSFO,1075.12,3200.22,22.04,198.36,528961.16
Tanker,100068.0,26230.08,14.18,1477.99,91.09,7,14.98,LNG,555.64,1514.94,0.0,27.0,283544.59
Container,108386.06,40202.56,20.59,6739.45,74.77,4,13.81,VLSFO,2384.82,7098.65,48.89,440.0,1173330.5
Tanker,196904.8,22642.42,15.69,7101.24,61.57,4,12.44,HFO,1556.66,4843.53,125.16,312.89,531912.4
Tanker,90992.99,22780.19,14.24,1557.55,93.6,1,15.34,Methanol,458.64,616.06,0.0,7.3,136902.98
Container,146884.54,52032.07,21.36,11540.8,31.13,4,11.35,Ammonia,2414.95,0.0,0.0,44.92,1122950.27
Tanker,119857.99,32936.73,14.89,10792.93,55.22,3,12.4,Methanol,3729.2,5009.25,0.0,59.37,1113165.97
Bulk Carrier,85803.21,21224.5,15.02,1567.4,70.22,4,13.97,HFO,336.92,1048.33,27.09,67.72,115127.07
Container,51395.08,40394.1,18.97,10956.75,63.39,3,12.99,Hydrogen,3193.99,0.0,0.0,0.0,13414756.16
Tanker,120308.28,42294.36,12.14,4825.16,30.72,4,11.48,Methanol,1679.54,2256.04,0.0,26.74,501341.81
Container,65296.38,55839.92,15.36,3488.63,87.04,4,14.92,Hydrogen,2258.61,0.0,0.0,0.0,9486151.18
Bulk Carrier,69877.02,17737.51,12.04,10938.42,66.95,4,13.74,HFO,2605.21,8106.05,209.46,523.65,890199.65
Bulk Carrier,84648.51,14369.3,13.92,6662.33,56.46,5,12.55,Hydrogen,1001.85,0.0,0.0,0.0,4207788.85
Bulk Carrier,66657.37,11674.13,11.52,3440.75,68.25,4,13.0,Ammonia,511.3,0.0,0.0,9.51,237754.01
Bulk Carrier,57999.69,18591.43,12.53,3631.34,67.14,4,12.85,VLSFO,846.62,2520.03,17.36,156.2,416534.64
Tanker,185141.68,40110.54,12.02,11520.2,32.26,5,11.71,VLSFO,4000.32,11907.35,82.01,738.06,1968156.38
Bulk Carrier,45591.66,12185.36,13.88,11349.88,51.76,5,12.06,Ammonia,1180.89,0.0,0.0,21.96,549114.87
Bulk Carrier,32807.38,9610.89,15.14,11469.54,48.66,3,12.29,LNG,826.42,2253.21,0.0,40.16,421723.37
Container,141617.22,58377.03,23.0,1425.6,88.47,4,13.97,LNG,640.5,1746.3,0.0,31.13,326847.14
Tanker,186873.72,34693.21,13.68,5075.0,38.44,4,11.87,Hydrogen,1291.1,0.0,0.0,0.0,5422604.6
Bulk Carrier,63881.77,8247.47,13.97,3508.71,41.74,7,11.53,Methanol,311.95,419.03,0.0,4.97,93117.94
Container,135541.86,31593.34,20.68,1472.21,77.19,3,14.32,Hydrogen,341.73,0.0,0.0,0.0,1435251.8
Bulk Carrier,64238.37,11829.45,13.41,7103.82,45.14,6,12.41,Methanol,869.92,1168.52,0.0,13.85,259670.21
Tanker,159134.77,41343.23,14.2,1517.91,47.31,3,12.09,Ammonia,490.85,0.0,0.0,9.13,228244.82
Container,66077.15,44022.14,18.89,3355.79,80.11,5,14.03,Ammonia,1402.13,0.0,0.0,26.08,651991.89
Tanker,155582.15,27764.92,14.74,1518.7,43.2,4,11.68,Ammonia,306.58,0.0,0.0,5.7,142559.51
Container,98011.78,55332.61,17.69,4900.36,73.87,3,14.15,Hydrogen,2381.06,0.0,0.0,0.0,10000431.79
Tanker,96038.16,32246.94,16.75,1564.71,74.33,1,13.92,HFO,454.48,1414.1,36.54,91.35,155295.65
Bulk Carrier,58375.13,21647.27,12.72,7017.17,52.93,8,12.57,LNG,1799.53,4906.34,0.0,87.46,918299.06
Bulk Carrier,70007.93,13459.45,13.8,3445.4,54.09,5,12.51,VLSFO,476.23,1417.54,9.76,87.86,234304.65
Container,76257.6,36012.17,15.92,10711.05,47.03,5,12.2,Hydrogen,2922.83,0.0,0.0,0.0,12275900.74
Bulk Carrier,36851.48,10670.33,14.79,11463.7,80.01,5,14.16,Ammonia,1542.21,0.0,0.0,28.69,717125.78
Tanker,127742.96,31093.33,13.57,4960.12,96.51,5,14.55,LNG,2087.05,5690.26,0.0,101.43,1065021.55
Bulk Carrier,99306.82,16416.15,15.9,3439.73,75.19,5,14.4,Hydrogen,594.42,0.0,0.0,0.0,2496583.99
Container,61655.96,57665.53,19.09,7275.0,41.73,4,12.59,Ammonia,2259.7,0.0,0.0,42.03,1050760.44
Bulk Carrier,89810.1,20930.94,11.08,3475.27,94.82,4,14.76,LNG,1283.02,3498.11,0.0,62.35,654726.01
Container,71795.71,46754.66,20.04,3483.38,87.16,5,13.91,Hydrogen,1556.22,0.0,0.0,0.0,6536127.43
Bulk Carrier,96733.13,14214.17,14.52,10918.48,88.09,2,14.36,VLSFO,1746.3,5198.03,35.8,322.19,859178.26
Tanker,195101.28,21996.86,14.79,10541.63,37.1,5,11.52,Methanol,1768.68,2375.78,0.0,28.16,527950.76
Bulk Carrier,61049.38,21728.64,14.8,1492.83,92.49,6,14.22,Ammonia,462.36,0.0,0.0,8.6,214996.28
Container,62559.06,38460.82,23.2,6862.91,83.24,4,14.8,Hydrogen,1921.61,0.0,0.0,0.0,8070741.68
Tanker,180732.61,29726.83,13.75,11138.31,75.16,4,13.94,HFO,4039.72,12569.49,324.79,811.98,1380370.75
Bulk Carrier,91751.73,14855.43,12.55,4904.64,83.89,5,14.2,HFO,1141.42,3551.5,91.77,229.43,390022.91
Tanker,80199.49,33866.87,16.95,1484.54,53.18,5,13.26,LNG,370.09,1009.03,0.0,17.99,188855.84
Tanker,165329.37,33879.97,13.54,7043.37,64.07,2,13.44,VLSFO,2320.42,6906.97,47.57,428.12,1141647.48
Tanker,141608.35,19502.72,16.39,5230.75,53.6,5,12.64,Methanol,990.09,1329.94,0.0,15.76,295542.29
Container,84944.94,42795.01,15.22,7011.28,54.51,2,12.25,Methanol,2533.61,3403.27,0.0,40.34,756282.5
Bulk Carrier,60596.84,12637.98,12.96,11467.68,35.03,5,11.24,Ammonia,1037.16,0.0,0.0,19.29,482280.09
Tanker,178099.42,35291.19,13.33,11159.79,37.63,4,12.4,VLSFO,3274.29,9746.26,67.12,604.11,1610952.27
Tanker,130716.85,24854.27,12.51,5180.9,45.5,5,12.29,Methanol,1499.27,2013.89,0.0,23.87,447530.9
Container,100030.38,21750.63,16.64,4940.9,57.32,4,12.35,HFO,831.78,2588.08,66.88,167.19,284220.55
Tanker,152658.87,38478.58,15.47,10463.47,72.81,3,13.51,VLSFO,4221.81,12566.64,86.55,778.92,2077130.53
Container,85487.48,41922.78,18.98,3345.07,74.28,3,13.34,LNG,1070.41,2918.44,0.0,52.02,546232.26
Tanker,163258.36,28226.51,16.21,10935.19,50.84,3,12.59,Hydrogen,2216.55,0.0,0.0,0.0,9309500.31
Container,97325.86,22666.63,18.06,5011.44,55.04,4,12.37,Hydrogen,830.31,0.0,0.0,0.0,3487314.61
Bulk Carrier,65363.74,14330.86,12.5,6765.49,83.36,6,14.5,HFO,1596.61,4967.81,128.37,320.92,545561.08
Bulk Carrier,71487.49,10524.88,11.26,1429.57,96.34,1,15.07,Hydrogen,229.3,0.0,0.0,0.0,963069.71
Tanker,179231.61,17862.09,15.64,5199.72,35.88,2,11.26,HFO,584.95,1820.06,47.03,117.58,199877.56
Container,135606.98,28475.21,21.96,3364.23,71.26,2,13.25,Methanol,781.27,1049.44,0.0,12.44,233209.59
Container,64234.65,32512.96,22.63,1572.3,43.22,3,12.36,Ammonia,234.87,0.0,0.0,4.37,109212.9
Container,148630.93,58146.01,21.78,11088.18,30.19,2,11.93,Methanol,2540.66,3412.74,0.0,40.45,758386.88
Bulk Carrier,33440.65,14043.54,11.87,3613.15,81.34,3,13.43,LNG,682.39,1860.51,0.0,33.16,348223.62
Container,85532.86,33181.54,23.36,3425.0,46.05,1,11.72,HFO,492.26,1531.66,39.58,98.94,168205.87
Container,107524.54,29765.34,18.46,1557.01,68.7,4,13.74,Methanol,475.32,638.47,0.0,7.57,141882.24
Bulk Carrier,78121.95,21455.76,11.96,11370.22,46.28,4,12.54,Hydrogen,2327.1,0.0,0.0,0.0,9773809.68
Bulk Carrier,89158.86,19175.79,11.14,3596.22,81.13,4,14.52,Methanol,1200.68,1612.81,0.0,19.11,358401.69
Bulk Carrier,32573.75,16038.23,14.05,1548.27,53.71,1,12.16,Hydrogen,209.31,0.0,0.0,0.0,879105.47
Bulk Carrier,51028.99,19807.82,13.79,7138.59,68.41,8,13.62,HFO,2122.48,6604.05,170.65,426.62,725251.3
Bulk Carrier,35002.6,9712.6,14.82,3546.41,31.9,3,11.66,Hydrogen,195.32,0.0,0.0,0.0,820353.74
Bulk Carrier,69988.78,21808.0,14.91,3593.33,54.42,5,13.02,LNG,669.38,1825.03,0.0,32.53,341583.83
Bulk Carrier,64793.43,8314.18,12.44,5133.16,79.96,4,14.15,HFO,631.62,1965.28,50.78,126.96,215825.78
Container,94684.65,58905.24,17.5,1493.26,87.04,4,14.67,Ammonia,867.79,0.0,0.0,16.14,403520.21
Container,78923.92,28476.29,21.25,1436.51,68.28,4,12.95,HFO,291.39,906.64,23.43,58.57,99566.31
Bulk Carrier,92612.16,18185.88,11.44,11303.11,37.85,4,11.92,VLSFO,1793.14,5337.47,36.76,330.83,882225.91
Container,104270.59,57622.5,17.77,7005.87,98.12,4,15.37,LNG,4263.63,11624.62,0.0,207.21,2175730.61
Bulk Carrier,88092.54,11444.52,11.5,6682.22,93.65,8,14.99,Hydrogen,1455.49,0.0,0.0,0.0,6113051.45
Tanker,86584.92,19022.86,15.1,10727.78,34.49,3,11.79,Ammonia,1201.23,0.0,0.0,22.34,558572.57
Container,123895.01,39136.82,23.16,4804.35,99.98,4,15.11,Hydrogen,1603.47,0.0,0.0,0.0,6734572.91
Bulk Carrier,50843.4,18165.73,12.39,1479.02,34.23,4,11.14,Methanol,239.99,322.36,0.0,3.82,71635.67
Bulk Carrier,50664.56,23440.56,12.22,10490.91,73.12,4,13.99,Ammonia,2967.76,0.0,0.0,55.2,1380007.5
Container,83676.64,45231.82,15.36,1467.31,63.3,3,13.27,Hydrogen,565.64,0.0,0.0,0.0,2375672.62
Bulk Carrier,37999.06,19771.67,11.08,3352.34,78.21,3,13.74,Hydrogen,906.91,0.0,0.0,0.0,3809020.97
Container,87688.42,45065.28,18.5,6753.44,52.68,3,12.31,HFO,2174.95,6767.32,174.87,437.17,743181.25
Tanker,185660.82,29312.62,16.44,6758.06,81.42,3,13.72,VLSFO,2141.27,6373.71,43.9,395.06,1053506.17
Bulk Carrier,69130.6,15213.51,15.71,6857.67,48.99,3,13.04,Hydrogen,696.1,0.0,0.0,0.0,2923624.36
Tanker,84805.61,24823.13,12.39,1521.21,41.45,2,11.71,Hydrogen,288.76,0.0,0.0,0.0,1212789.29
Tanker,177150.93,31388.45,14.99,10745.14,95.03,1,14.21,Hydrogen,3595.81,0.0,0.0,0.0,15102420.75
Bulk Carrier,33357.42,11569.03,13.23,5184.06,54.34,4,12.37,Ammonia,590.11,0.0,0.0,10.98,274399.11
Bulk Carrier,50551.98,16039.95,14.72,11065.21,73.5,4,13.89,Methanol,2324.45,3122.32,0.0,37.01,693848.83
Bulk Carrier,67240.55,12564.82,14.99,7045.87,61.49,3,13.72,Hydrogen,773.34,0.0,0.0,0.0,3248023.74
Container,99928.15,53476.38,17.78,10759.35,57.72,4,13.46,Ammonia,4009.39,0.0,0.0,74.57,1864365.72
Tanker,109106.23,36585.0,14.45,3652.17,52.38,1,12.46,LNG,928.46,2531.42,0.0,45.12,473794.81
Tanker,122279.27,25267.31,14.2,11172.35,69.24,2,13.25,Hydrogen,2771.05,0.0,0.0,0.0,11638394.55
Container,126542.49,59811.41,15.77,3449.54,49.9,4,12.32,VLSFO,1608.33,4787.35,32.97,296.74,791296.82
Tanker,119159.77,21386.52,15.4,7086.71,37.97,5,11.77,Methanol,1163.66,1563.09,0.0,18.53,347353.28
Container,114719.37,36318.6,16.78,1510.05,89.81,4,13.88,Hydrogen,585.45,0.0,0.0,0.0,2458891.96
Bulk Carrier,30473.99,11129.97,14.65,11014.31,85.22,8,14.58,LNG,1721.83,4694.51,0.0,83.68,878651.86
Container,114171.19,24601.85,21.58,3390.75,68.22,4,13.35,Hydrogen,615.03,0.0,0.0,0.0,2583131.84
Container,70662.31,39146.66,22.26,3368.51,78.59,3,14.31,HFO,983.58,3060.4,79.08,197.7,336089.98
Tanker,153391.86,43069.14,12.96,11193.92,43.12,4,12.57,Hydrogen,3820.91,0.0,0.0,0.0,16047807.44
Container,62725.28,36603.27,19.4,4848.42,63.22,6,13.71,Methanol,1590.98,2137.08,0.0,25.33,474906.43
Bulk Carrier,43083.13,24260.21,14.59,1489.76,85.23,4,13.79,VLSFO,492.31,1465.4,10.09,90.83,242214.06
Container,81231.08,26097.48,18.35,3439.01,70.81,4,13.25,Methanol,900.63,1209.77,0.0,14.34,268837.76
Bulk Carrier,51186.15,14589.29,14.38,1494.72,71.31,2,13.65,Methanol,256.83,344.99,0.0,4.09,76665.16
Container,97803.02,25565.59,18.81,5173.54,73.65,4,14.18,VLSFO,1163.85,3464.32,23.86,214.73,572614.69
Bulk Carrier,84979.17,20689.9,13.39,3594.32,74.28,5,13.29,VLSFO,1076.56,3204.47,22.07,198.62,529665.19
Tanker,179141.27,34249.0,15.07,3654.54,58.01,3,12.62,HFO,1105.4,3439.43,88.87,222.19,377715.63
Container,55767.06,25274.34,22.55,3657.39,99.05,3,14.53,Hydrogen,798.77,0.0,0.0,0.0,3354843.93
Container,51519.53,30337.27,14.41,7094.72,70.81,1,13.03,VLSFO,2207.71,6571.47,45.26,407.32,1086192.89
Tanker,106068.53,42193.37,13.13,10488.91,34.72,5,11.29,LNG,3109.96,8479.19,0.0,151.14,1587013.77
Container,108351.61,42651.62,16.48,1492.14,74.83,4,13.32,HFO,702.9,2187.05,56.51,141.28,240179.77
Tanker,191339.42,23849.8,15.06,3480.23,42.06,3,12.65,HFO,583.45,1815.38,46.91,117.27,199363.35
Container,58832.77,55332.73,18.15,7284.67,94.87,4,14.48,Methanol,4964.94,6669.15,0.0,79.04,1482033.84
Tanker,88436.56,37680.94,14.47,3633.01,68.57,7,13.45,Methanol,1998.61,2684.63,0.0,31.82,596585.55
Container,125391.11,23203.23,15.69,1544.59,35.02,2,12.29,LNG,193.41,527.33,0.0,9.4,98697.7
Bulk Carrier,39157.88,8772.71,14.04,1530.98,34.64,5,11.83,LNG,87.84,239.5,0.0,4.27,44825.87
Tanker,109833.43,35854.05,13.18,7085.45,40.07,5,12.21,LNG,2015.5,5495.19,0.0,97.95,1028511.8
Bulk Carrier,84975.47,19538.86,12.92,10568.64,76.79,4,13.17,VLSFO,2829.67,8422.81,58.01,522.07,1392199.74
Tanker,181047.81,32359.26,14.44,4822.34,77.06,3,13.64,HFO,1946.63,6056.9,156.51,391.27,665163.68
Container,135194.07,41885.91,23.13,6742.22,94.08,2,15.36,VLSFO,2174.72,6473.26,44.58,401.24,1069960.11
Tanker,130971.07,32520.43,15.4,3522.07,65.95,6,13.29,Hydrogen,1265.85,0.0,0.0,0.0,5316583.67
Container,103283.64,58143.53,15.03,11244.89,45.25,3,12.13,LNG,4125.64,11248.4,0.0,200.51,2105315.47
Tanker,159481.84,34744.15,16.04,6762.55,66.56,5,13.4,Ammonia,2289.4,0.0,0.0,42.58,1064572.86
Bulk Carrier,39984.32,18499.29,12.16,3613.67,53.51,3,12.05,VLSFO,773.86,2303.47,15.86,142.78,380739.01
Container,146383.23,24121.92,17.19,7275.94,93.22,4,15.19,VLSFO,2126.47,6329.64,43.59,392.33,1046221.3
Tanker,139403.71,20884.99,15.73,3614.41,72.63,1,13.79,Hydrogen,650.03,0.0,0.0,0.0,2730115.01
Bulk Carrier,37273.69,22397.68,11.54,11066.85,32.37,4,11.16,Ammonia,2059.66,0.0,0.0,38.31,957741.34
Container,64097.09,47815.65,21.22,1480.12,51.18,3,12.51,Ammonia,401.58,0.0,0.0,7.47,186733.78
Bulk Carrier,97627.58,15062.7,14.79,11001.05,38.36,6,11.57,Ammonia,1225.4,0.0,0.0,22.79,569811.31
Bulk Carrier,57444.63,13112.05,11.5,10971.19,95.84,3,14.86,LNG,2067.24,5636.25,0.0,100.47,1054913.35
Tanker,176045.35,22743.47,12.56,1537.53,80.49,2,13.8,Hydrogen,428.61,0.0,0.0,0.0,1800142.15
Container,56706.68,58405.9,23.43,5174.45,52.19,4,13.22,Ammonia,1629.62,0.0,0.0,30.31,757774.22
Container,61983.64,48710.48,16.31,1481.55,55.62,4,12.7,Hydrogen,588.66,0.0,0.0,0.0,2472374.14
Tanker,142943.65,39184.57,12.79,7207.23,60.45,4,13.24,Ammonia,3282.63,0.0,0.0,61.06,1526421.13
Container,69783.71,35404.69,21.97,6847.6,30.17,4,11.97,Hydrogen,989.18,0.0,0.0,0.0,4154558.2
Bulk Carrier,54099.77,12882.98,14.61,11345.84,81.74,5,14.78,LNG,1554.92,4239.42,0.0,75.57,793473.75
Container,144784.18,36231.0,14.74,11377.73,58.25,4,13.07,LNG,3550.79,9681.09,0.0,172.57,1811968.03
Tanker,187378.95,17390.36,16.98,1447.15,47.45,4,12.18,VLSFO,174.09,518.19,3.57,32.12,85650.81
Tanker,173047.12,21623.7,13.14,11527.51,44.01,4,12.37,HFO,2236.6,6959.12,179.82,449.56,764244.66
Container,77417.4,56933.9,17.08,1492.48,66.29,4,12.76,VLSFO,809.16,2408.53,16.59,149.29,398104.93
Tanker,104698.69,31955.38,16.2,10745.53,50.22,1,12.46,Methanol,2596.84,3488.2,0.0,41.34,775155.9
Bulk Carrier,90272.35,15410.61,14.01,3353.92,79.7,5,13.35,VLSFO,721.9,2148.81,14.8,133.19,355174.57
Bulk Carrier,44464.21,22576.2,13.21,1474.35,71.95,3,13.4,LNG,345.23,941.25,0.0,16.78,176170.68
Container,122467.75,22384.52,15.16,10961.0,75.66,4,14.25,Hydrogen,2549.98,0.0,0.0,0.0,10709907.19
Container,92354.82,50532.98,14.91,11420.33,31.57,4,11.99,HFO,3451.06,10737.9,277.46,693.66,1179226.2
Tanker,127278.69,20298.41,16.65,6993.46,68.6,3,13.05,VLSFO,1293.36,3849.81,26.51,238.62,636332.53
Container,89557.43,36076.81,14.01,6964.79,98.88,2,15.3,VLSFO,3151.05,9379.4,64.6,581.37,1550314.6
Tanker,98965.06,31386.84,14.06,3387.42,85.02,5,14.88,Hydrogen,1517.66,0.0,0.0,0.0,6374175.19
Container,51695.89,36085.64,22.25,1500.5,95.07,5,15.27,Hydrogen,497.39,0.0,0.0,0.0,2089056.18
Container,77956.46,50363.13,15.96,11297.75,86.53,3,14.54,HFO,6572.54,20450.34,528.43,1321.08,2245838.39
Bulk Carrier,74217.89,8591.99,13.48,6949.83,68.41,2,13.54,HFO,648.07,2016.45,52.1,130.26,221444.89
Tanker,196355.45,43194.23,12.41,11125.39,66.61,5,13.46,HFO,5948.53,18508.73,478.26,1195.65,2032612.48
Bulk Carrier,66331.03,9650.54,13.04,11240.97,64.12,4,13.06,LNG,1071.3,2920.85,0.0,52.07,546683.27
Container,86304.43,20722.53,20.38,5038.07,66.9,3,13.94,Methanol,823.19,1105.75,0.0,13.11,245722.63
Bulk Carrier,79274.09,19305.59,11.62,11035.52,73.89,6,14.22,Ammonia,3194.65,0.0,0.0,59.42,1485514.55
Container,133396.76,36299.66,23.27,7299.8,95.85,2,15.17,VLSFO,2035.27,6058.19,41.72,375.51,1001353.1
Container,119234.95,47124.0,23.19,7098.45,46.07,5,12.6,LNG,1690.0,4607.72,0.0,82.13,862407.44
Container,147710.1,36364.03,20.62,5110.11,54.28,3,13.21,VLSFO,1119.0,3330.82,22.94,206.46,550548.4
Tanker,92443.58,20917.0,13.01,6796.4,36.32,3,12.01,VLSFO,1123.57,3344.42,23.03,207.3,552796.52
Bulk Carrier,91494.37,10047.36,11.0,3440.92,90.99,3,14.96,HFO,590.82,1838.33,47.5,118.76,201883.62
Tanker,181731.38,22955.44,15.82,7106.26,63.85,3,13.72,Hydrogen,1389.19,0.0,0.0,0.0,5834598.08
Container,131344.71,57876.12,21.87,5004.63,46.45,5,12.47,HFO,1623.05,5050.08,130.49,326.23,554595.53
Container,106202.59,57412.32,19.42,3346.16,34.16,6,11.8,HFO,1087.18,3382.73,87.41,218.52,371487.89
Tanker,87585.37,19750.29,12.33,4828.89,78.89,5,14.58,Ammonia,1254.48,0.0,0.0,23.33,583331.78
Bulk Carrier,93874.14,17650.82,11.64,3416.95,56.1,4,12.54,HFO,690.33,2147.93,55.5,138.76,235884.22
Bulk Carrier,38504.05,16980.32,12.73,11192.79,69.69,2,13.96,Ammonia,2120.12,0.0,0.0,39.43,985854.12
Tanker,166854.6,38394.7,13.08,6704.31,70.02,6,14.13,HFO,3875.27,12057.83,311.57,778.93,1324180.05
Bulk Carrier,88814.44,21347.32,13.3,11340.97,95.45,4,15.17,LNG,3192.41,8703.98,0.0,155.15,1629088.08
Container,142298.19,48132.14,19.71,6857.03,32.1,5,11.98,Hydrogen,1508.09,0.0,0.0,0.0,6333972.88
Container,81989.12,37383.81,21.2,7240.43,75.75,3,14.35,LNG,1933.86,5272.59,0.0,93.99,986849.12
Tanker,167026.03,36734.78,16.78,6879.7,91.62,1,14.25,LNG,2289.71,6242.79,0.0,111.28,1168436.75
Bulk Carrier,37955.0,24368.36,14.08,3659.74,66.14,5,13.47,HFO,1064.57,3312.38,85.59,213.98,363762.66
Tanker,141517.6,37696.77,14.46,1552.3,57.83,3,13.08,Ammonia,505.29,0.0,0.0,9.4,234958.6
Bulk Carrier,53024.99,23231.3,14.59,5095.53,57.83,4,13.34,LNG,980.78,2674.06,0.0,47.67,500492.18
Tanker,108335.63,25225.73,12.22,6978.21,95.75,5,14.58,LNG,2668.87,7276.56,0.0,129.71,1361922.82
Container,136596.86,34592.89,20.85,4762.0,51.07,4,12.28,VLSFO,1069.01,3182.01,21.91,197.23,525951.41
Container,110401.32,37968.85,20.29,6871.5,89.59,3,14.55,Methanol,2580.66,3466.47,0.0,41.08,770327.15
Container,51836.37,30808.35,17.2,5148.53,85.74,2,14.93,VLSFO,1523.18,4533.88,31.23,281.03,749402.21
Container,71162.0,42697.9,18.49,4789.0,50.85,4,12.82,LNG,1253.2,3416.81,0.0,60.91,639509.6
Bulk Carrier,58552.41,13588.35,13.4,10728.88,99.6,2,14.67,Methanol,2272.6,3052.67,0.0,36.18,678371.13
Bulk Carrier,48507.62,24997.31,11.72,7119.66,97.93,4,14.58,Hydrogen,3117.87,0.0,0.0,0.0,13095043.73
Tanker,155404.09,26183.41,13.66,1535.92,82.92,3,13.97,Methanol,620.52,833.51,0.0,9.88,185225.44
Bulk Carrier,63449.73,18372.57,14.23,3642.93,60.04,4,13.46,Ammonia,615.34,0.0,0.0,11.45,286132.83
Bulk Carrier,70739.09,24636.59,14.22,3526.39,72.06,3,13.32,Ammonia,850.91,0.0,0.0,15.83,395671.14
Tanker,119780.68,35305.74,14.42,1515.3,78.86,3,13.36,HFO,632.82,1969.02,50.88,127.2,216235.65
Tanker,88017.33,42223.42,13.97,5041.08,61.49,5,12.82,LNG,2204.76,6011.18,0.0,107.15,1125086.54
Tanker,94192.06,35315.01,16.86,10999.46,61.93,7,12.72,Hydrogen,3730.27,0.0,0.0,0.0,15667116.07
Tanker,102552.47,29149.73,15.08,1517.8,95.09,3,15.38,Methanol,638.33,857.44,0.0,10.16,190541.84
Container,99512.61,50219.28,23.5,11484.16,72.05,3,14.0,LNG,3289.5,8968.7,0.0,159.87,1678632.9
Tanker,158591.06,21168.01,15.38,3345.32,71.23,3,12.89,HFO,728.66,2267.22,58.58,146.46,248983.9
Container,122225.39,22692.24,21.5,4871.98,50.18,5,12.94,LNG,611.72,1667.83,0.0,29.73,312160.0
Tanker,192253.13,43994.87,15.18,4807.08,73.15,3,14.0,VLSFO,2420.57,7205.07,49.62,446.6,1190920.81
Tanker,124968.23,25090.51,12.2,3539.92,59.23,4,12.72,VLSFO,1051.14,3128.83,21.55,193.94,517161.69
Bulk Carrier,55297.81,14264.62,12.8,1559.15,44.35,4,12.57,Methanol,229.39,308.13,0.0,3.65,68472.94
Bulk Carrier,83881.95,19248.07,15.29,11383.74,34.47,6,11.7,VLSFO,1539.24,4581.7,31.55,283.99,757306.26
Container,84333.66,47575.21,22.77,6687.04,79.09,4,14.24,HFO,2627.84,8176.47,211.28,528.2,897932.81
Tanker,116270.46,39288.33,16.49,6687.95,30.73,3,11.25,Ammonia,1272.75,0.0,0.0,23.67,591826.55
Tanker,148756.32,21014.66,16.81,6721.49,51.81,4,12.34,Methanol,1233.96,1657.52,0.0,19.64,368337.0
Container,84298.18,45636.29,16.31,1489.61,98.8,5,14.33,Hydrogen,800.36,0.0,0.0,0.0,3361530.26
Container,146063.54,41378.07,19.49,6848.01,61.24,4,12.45,Hydrogen,1926.68,0.0,0.0,0.0,8092068.45
Container,69266.48,43979.4,19.25,3538.03,63.02,2,13.61,HFO,1057.06,3289.03,84.99,212.47,361197.87
Tanker,132134.93,19065.49,13.94,11437.82,99.68,1,15.7,LNG,2541.91,6930.42,0.0,123.54,1297137.44
Tanker,198829.92,17280.59,15.96,7066.61,31.94,1,11.95,VLSFO,608.83,1812.26,12.48,112.33,299546.45
Bulk Carrier,58311.35,15740.77,14.61,6822.49,91.68,2,14.5,VLSFO,1413.41,4207.15,28.97,260.77,695396.78
Tanker,137564.4,31939.2,15.44,11520.7,76.57,3,13.14,Hydrogen,3861.49,0.0,0.0,0.0,16218247.87
Container,130067.07,22159.09,15.24,4934.45,84.42,3,13.77,Hydrogen,1097.89,0.0,0.0,0.0,4611139.07
Tanker,146102.61,21905.27,14.57,5110.04,99.53,4,15.39,LNG,1461.23,3983.99,0.0,71.02,745665.98
Container,90759.89,45142.09,22.76,1547.54,34.23,2,11.13,Ammonia,263.66,0.0,0.0,4.9,122603.47
Container,89783.99,49567.97,23.04,7240.26,61.37,5,12.47,Ammonia,2261.81,0.0,0.0,42.07,1051740.5
Bulk Carrier,31306.5,23689.23,15.67,5241.86,67.32,5,13.95,VLSFO,1438.97,4283.23,29.5,265.49,707972.24
Tanker,110313.93,40666.6,15.16,6664.55,98.94,4,15.4,VLSFO,3515.45,10464.1,72.07,648.6,1729603.62
Bulk Carrier,83051.28,14418.81,14.77,7157.77,48.83,5,13.05,Methanol,1029.78,1383.26,0.0,16.39,307390.53
Tanker,151812.6,20630.49,13.71,3328.81,63.58,2,13.74,HFO,653.81,2034.31,52.57,131.42,223405.84
Tanker,131427.11,34249.92,13.32,1514.92,68.18,3,13.77,LNG,563.35,1535.94,0.0,27.38,287476.04
Container,98639.02,35921.25,18.71,5097.6,88.55,2,13.75,VLSFO,1692.57,5038.09,34.7,312.28,832742.59
Container,113574.55,59709.17,14.69,3525.51,54.56,3,12.39,HFO,1973.59,6140.79,158.68,396.69,674375.74
Container,57872.4,49496.2,16.27,5102.88,44.02,3,12.51,Hydrogen,1563.74,0.0,0.0,0.0,6567692.46
Tanker,111177.72,27119.56,12.11,11042.61,56.54,2,12.45,LNG,2657.64,7245.94,0.0,129.16,1356192.23
Container,53262.51,20168.55,16.39,5027.78,38.23,3,11.78,LNG,556.41,1517.02,0.0,27.04,283934.57
Container,94007.52,47058.31,16.7,6882.46,56.05,1,12.26,Ammonia,2223.51,0.0,0.0,41.36,1033934.27
Bulk Carrier,91221.95,8587.79,11.61,11290.91,34.14,3,12.08,VLSFO,831.78,2475.87,17.05,153.46,409234.48
Bulk Carrier,65559.01,18107.52,14.3,1466.25,30.33,4,11.03,VLSFO,173.4,516.14,3.55,31.99,85311.99
Container,100788.74,33928.87,16.43,4807.31,74.6,4,14.14,Ammonia,1573.84,0.0,0.0,29.27,731834.3
Tanker,91348.23,18033.66,14.65,3545.61,55.71,6,12.85,Methanol,735.49,987.94,0.0,11.71,219542.64
Tanker,128954.92,41599.2,15.79,3561.27,38.14,4,11.32,Methanol,1095.55,1471.59,0.0,17.44,327020.74
Tanker,110164.76,34876.84,16.53,3426.35,89.81,4,13.88,HFO,1469.92,4573.62,118.18,295.45,502270.69
Bulk Carrier,96865.17,22614.59,12.47,1472.11,99.23,5,14.7,VLSFO,621.1,1848.77,12.73,114.59,305581.3
Tanker,175047.44,41797.39,15.87,5031.73,50.58,4,13.07,Methanol,1849.79,2484.74,0.0,29.45,552163.58
Container,98246.81,58496.04,19.29,1540.7,84.93,4,13.89,Methanol,898.67,1207.14,0.0,14.31,268253.53
Bulk Carrier,78641.4,10119.04,15.47,11411.07,90.39,4,14.74,Ammonia,1431.88,0.0,0.0,26.63,665821.99
Tanker,120926.54,18766.1,16.01,3419.62,65.74,4,13.63,Ammonia,589.54,0.0,0.0,10.97,274134.35
Bulk Carrier,78875.72,13645.29,11.37,1481.28,46.2,4,12.49,Hydrogen,202.43,0.0,0.0,0.0,850195.39
Tanker,83621.68,33254.94,12.39,4923.56,71.44,3,13.74,Ammonia,1807.69,0.0,0.0,33.62,840575.61
Container,133508.74,49830.5,19.95,4939.08,90.59,3,14.21,VLSFO,2263.81,6738.46,46.41,417.67,1113794.9
Bulk Carrier,97637.61,9809.0,12.31,10737.23,74.43,3,13.15,LNG,1263.39,3444.59,0.0,61.4,644709.95
Container,102511.34,32723.3,18.57,6849.09,51.16,1,12.61,HFO,1376.03,4281.49,110.63,276.58,470189.84
Container,141796.56,33127.94,22.66,7134.95,58.1,4,12.71,Ammonia,1401.75,0.0,0.0,26.07,651812.43
Bulk Carrier,34214.05,17958.06,15.57,7263.38,31.98,4,11.73,Ammonia,757.55,0.0,0.0,14.09,352259.11
Bulk Carrier,40235.97,11958.03,15.48,10639.26,57.89,3,13.0,HFO,1113.08,3463.33,89.49,223.73,380339.71
Bulk Carrier,51981.26,11627.17,14.84,3554.87,82.5,4,14.1,Ammonia,454.32,0.0,0.0,8.45,211259.2
Tanker,94498.06,40335.16,16.3,1552.37,82.79,5,14.09,Ammonia,738.33,0.0,0.0,13.73,343322.54
Container,84249.73,25696.51,16.44,5094.33,51.07,3,13.11,HFO,1041.0,3239.04,83.7,209.24,355708.09
Tanker,89455.82,39020.62,12.72,5061.82,88.91,4,15.01,Ammonia,2870.11,0.0,0.0,53.38,1334600.64
Tanker,183651.79,17191.19,16.43,3359.55,92.87,2,15.36,Methanol,730.05,980.64,0.0,11.62,217919.23
Tanker,165790.82,22799.5,15.35,3385.76,31.61,3,12.12,LNG,397.73,1084.4,0.0,19.33,202963.08
Container,90908.72,43446.95,19.79,1474.09,50.31,2,12.31,Methanol,399.77,536.99,0.0,6.36,119331.58
Container,73122.86,21498.5,14.64,6916.56,71.52,5,14.18,LNG,1520.72,4146.19,0.0,73.91,776024.29
Container,136787.14,39664.13,17.63,5049.14,68.01,4,12.83,Ammonia,1784.03,0.0,0.0,33.18,829574.03
Bulk Carrier,45388.57,12029.09,12.38,3438.39,54.72,2,12.97,Methanol,422.34,567.31,0.0,6.72,126068.37
Bulk Carrier,59657.36,20678.5,13.36,6722.06,63.91,5,13.7,Methanol,1879.88,2525.15,0.0,29.93,561145.1
Container,110190.43,24900.26,14.98,1556.06,92.86,1,13.95,Methanol,502.99,675.65,0.0,8.01,150143.82
Container,117224.78,49134.68,19.18,10687.1,50.4,5,12.95,HFO,3576.42,11127.96,287.54,718.86,1222062.53
Bulk Carrier,92132.76,14316.01,15.31,1572.47,85.03,3,14.22,HFO,259.05,806.02,20.83,52.07,88516.94
Bulk Carrier,46416.39,20654.09,12.28,6965.82,65.25,3,13.3,VLSFO,1750.17,5209.57,35.88,322.91,861085.2
Tanker,148121.7,29515.63,13.59,3628.52,89.06,5,13.99,VLSFO,1638.95,4878.5,33.6,302.39,806362.82
Tanker,97503.45,44449.16,16.54,4780.09,34.06,3,11.37,Hydrogen,1084.94,0.0,0.0,0.0,4556755.64
Container,137921.52,46439.67,19.3,10493.52,41.6,4,12.59,Ammonia,2706.43,0.0,0.0,50.34,1258488.35
Tanker,166146.5,38720.62,16.16,5191.72,39.26,3,11.95,HFO,1229.03,3824.1,98.81,247.04,419959.82
Bulk Carrier,35060.85,9523.58,11.79,11497.61,40.3,4,11.63,LNG,939.83,2562.4,0.0,45.68,479593.71
Bulk Carrier,34406.83,15910.09,12.68,3625.03,55.8,1,12.64,Ammonia,554.76,0.0,0.0,10.32,257965.43
Tanker,171900.05,43125.46,15.21,1473.8,80.74,5,14.49,Hydrogen,773.91,0.0,0.0,0.0,3250405.57
Tanker,157318.64,17302.57,13.19,5191.97,91.45,2,15.25,Hydrogen,1188.03,0.0,0.0,0.0,4989725.17
Container,88837.18,31025.8,21.03,11426.1,32.47,3,11.21,HFO,1513.59,4709.5,121.69,304.23,517192.79
Bulk Carrier,78649.17,10346.02,15.91,3388.34,46.2,5,12.35,LNG,249.95,681.47,0.0,12.15,127548.0
Container,65178.25,35470.34,16.2,5018.67,61.61,2,13.35,Methanol,1751.02,2352.06,0.0,27.88,522679.44
Bulk Carrier,57281.75,16032.91,15.03,4857.49,63.24,4,12.78,Ammonia,751.96,0.0,0.0,13.99,349661.04
Container,56785.54,37746.98,14.64,4769.28,80.16,4,14.65,Methanol,2418.18,3248.22,0.0,38.5,721827.04
Tanker,152194.28,27090.0,16.07,1529.86,81.98,4,14.63,Hydrogen,419.7,0.0,0.0,0.0,1762737.52
Bulk Carrier,31089.26,20223.47,11.15,10582.46,89.88,4,15.03,Ammonia,3274.38,0.0,0.0,60.9,1522584.85
Container,61989.76,33188.32,21.99,10459.8,94.42,3,15.27,Ammonia,2575.63,0.0,0.0,47.91,1197665.97
Tanker,110689.58,28177.23,12.05,3412.12,37.95,4,12.21,Hydrogen,769.27,0.0,0.0,0.0,3230941.61
Container,84641.38,22865.63,19.71,10715.98,80.14,3,14.33,Methanol,2384.69,3203.24,0.0,37.96,711830.32
Bulk Carrier,39402.71,21373.54,12.6,4847.72,31.66,3,12.03,VLSFO,770.56,2293.65,15.8,142.17,379115.86
Bulk Carrier,62652.13,10986.28,12.59,11002.42,89.89,1,14.42,VLSFO,1512.27,4501.42,31.0,279.01,744036.21
Tanker,190996.5,15984.43,16.75,3557.72,56.81,1,13.11,HFO,442.59,1377.13,35.58,88.96,151234.69
Container,64122.41,56418.98,17.07,5058.84,53.2,3,12.87,HFO,2172.77,6760.52,174.69,436.73,742434.57
Tanker,171694.44,35360.83,16.76,10646.3,77.04,4,14.23,Hydrogen,3536.43,0.0,0.0,0.0,14853014.02
Tanker,198280.94,29442.73,16.82,4973.15,98.04,6,15.04,VLSFO,1960.15,5834.59,40.18,361.65,964395.56
Container,54835.39,54345.3,18.01,6734.41,40.56,3,12.37,LNG,1934.47,5274.26,0.0,94.02,987160.27
Tanker,91674.54,40199.73,12.64,3429.83,81.11,2,14.75,Ammonia,1602.15,0.0,0.0,29.8,744997.93
Tanker,199176.18,39497.19,15.9,7091.12,65.15,4,12.8,LNG,2398.02,6538.11,0.0,116.54,1223709.9
Tanker,189786.01,39978.0,16.47,7167.96,30.09,3,12.04,LNG,1259.37,3433.63,0.0,61.21,642658.3
Tanker,164700.42,15561.52,14.18,7332.16,86.94,4,14.07,Ammonia,1512.13,0.0,0.0,28.13,703141.87
Container,118848.58,21455.96,20.55,1503.7,58.24,4,12.96,Methanol,240.51,323.07,0.0,3.83,71792.46
Tanker,177108.7,24339.34,15.96,6843.7,96.3,3,15.02,Ammonia,1800.22,0.0,0.0,33.48,837103.17
Bulk Carrier,82095.17,18062.34,12.42,7333.5,50.65,3,11.94,Hydrogen,1234.64,0.0,0.0,0.0,5185469.6
Container,76385.5,31534.04,18.26,1517.89,32.18,1,12.1,Methanol,250.38,336.33,0.0,3.99,74739.64
Bulk Carrier,98401.29,17163.74,13.81,11422.01,73.64,5,13.8,HFO,2675.9,8326.0,215.14,537.86,914354.08
Bulk Carrier,37469.39,24505.13,11.03,6863.65,73.35,3,14.1,Methanol,2724.25,3659.35,0.0,43.37,813187.82
Bulk Carrier,68614.93,23725.97,11.9,3457.34,73.39,1,13.74,Methanol,1094.8,1470.59,0.0,17.43,326798.1
Bulk Carrier,56973.42,21942.02,12.61,7285.02,68.59,4,13.21,LNG,1806.91,4926.48,0.0,87.82,922067.71
Container,70460.48,29536.96,21.54,11086.84,40.73,4,12.51,Hydrogen,1659.87,0.0,0.0,0.0,6971456.75
Bulk Carrier,73579.2,19638.16,13.45,3569.55,62.95,4,13.67,LNG,695.12,1895.2,0.0,33.78,354717.46
Container,81320.29,33846.94,21.73,10809.9,32.78,3,11.46,Hydrogen,1522.98,0.0,0.0,0.0,6396515.27
Tanker,112333.58,26350.41,12.48,1570.02,61.18,5,13.32,Ammonia,505.65,0.0,0.0,9.41,235127.06
Bulk Carrier,55848.53,14346.54,11.07,3389.83,85.59,5,13.65,VLSFO,848.44,2525.45,17.39,156.54,417430.5
Bulk Carrier,59021.14,24780.77,11.88,6890.19,68.98,3,13.91,Methanol,2416.56,3246.04,0.0,38.47,721342.25
Tanker,107779.08,19251.5,14.23,5232.45,81.77,4,14.69,LNG,1208.97,3296.2,0.0,58.76,616935.46
Tanker,127555.22,21699.66,14.14,7082.79,39.09,1,11.4,Ammonia,936.14,0.0,0.0,17.41,435305.3
Bulk Carrier,56548.96,19271.74,15.54,4799.67,51.5,7,12.83,Methanol,974.7,1309.27,0.0,15.52,290949.28
Tanker,133227.94,37645.0,15.74,4851.5,77.05,4,13.81,Ammonia,1835.6,0.0,0.0,34.14,853555.39
Container,118456.01,59525.79,22.51,3559.57,83.42,2,13.55,HFO,1597.87,4971.76,128.47,321.17,545993.83
Tanker,156989.24,19286.05,12.25,10855.99,75.55,5,14.22,VLSFO,3149.42,9374.56,64.56,581.07,1549513.69
Container,125724.61,57578.63,14.05,1456.37,96.85,8,15.52,HFO,1619.8,5039.97,130.23,325.58,553485.22
Bulk Carrier,53329.72,13640.62,15.34,4872.82,94.67,5,14.54,VLSFO,955.92,2845.38,19.6,176.37,470310.35
Tanker,198669.88,42861.59,12.84,6917.88,85.7,3,13.74,Hydrogen,4076.76,0.0,0.0,0.0,17122397.9
Tanker,126818.51,37242.03,12.25,1433.1,91.23,3,14.62,Hydrogen,804.43,0.0,0.0,0.0,3378626.94
Container,62336.46,49891.85,20.1,3451.13,88.43,5,15.0,HFO,1647.59,5126.44,132.47,331.17,562981.02
Bulk Carrier,72535.2,11796.71,14.28,11243.05,78.47,4,14.23,Hydrogen,1493.81,0.0,0.0,0.0,6274001.96
Bulk Carrier,52550.97,23323.62,12.13,5133.7,78.2,3,13.65,LNG,1474.56,4020.34,0.0,71.66,752470.29
Bulk Carrier,79103.21,8544.17,11.69,3660.9,64.14,3,12.96,HFO,356.56,1109.42,28.67,71.67,121835.69
Tanker,195931.68,44200.54,13.66,7021.63,88.39,3,14.87,Hydrogen,3734.22,0.0,0.0,0.0,15683706.64
Bulk Carrier,38327.21,12746.19,15.7,1488.63,44.57,5,11.88,LNG,133.97,365.28,0.0,6.51,68367.16
Tanker,87193.74,34088.41,12.48,3483.8,84.73,1,13.73,VLSFO,1571.19,4676.79,32.21,289.88,773023.14
Tanker,138875.79,44561.58,14.79,5120.81,58.23,1,13.37,Ammonia,1886.69,0.0,0.0,35.09,877311.41
Bulk Carrier,36664.32,12551.75,13.32,4886.25,56.38,2,12.92,Ammonia,545.91,0.0,0.0,10.15,253846.22
Tanker,107619.21,36887.22,12.76,7238.78,93.86,5,14.88,Hydrogen,4047.35,0.0,0.0,0.0,16998888.28
Tanker,115722.34,28892.09,14.47,6750.44,35.85,4,11.67,Ammonia,1267.35,0.0,0.0,23.57,589317.44
Container,63740.01,56006.89,16.15,4854.57,86.15,3,15.02,Methanol,3409.05,4579.2,0.0,54.27,1017600.72
Tanker,101586.59,34942.2,16.83,5156.34,63.03,4,13.8,VLSFO,1597.31,4754.56,32.74,294.7,785877.08
Bulk Carrier,70153.81,18179.61,15.26,5120.72,87.95,3,14.79,Methanol,1251.39,1680.94,0.0,19.92,373541.36
Container,103160.63,24250.35,19.39,10892.91,39.97,4,11.63,Methanol,1709.43,2296.2,0.0,27.21,510265.6
Bulk Carrier,33544.6,14820.63,12.84,6662.36,63.43,4,13.31,HFO,1156.2,3597.51,92.96,232.4,395074.95
Tanker,110816.89,38010.63,13.71,1560.42,57.6,3,12.51,LNG,557.49,1519.98,0.0,27.09,284489.11
Container,99935.99,38629.07,20.73,4988.67,90.53,3,14.22,VLSFO,1577.42,4695.35,32.34,291.03,776091.7
Tanker,147570.73,33154.77,15.74,11034.44,68.11,3,13.59,VLSFO,3373.72,10042.21,69.16,622.45,1659869.83
Bulk Carrier,88534.98,17042.57,14.23,3568.2,84.47,7,13.85,HFO,956.86,2977.24,76.93,192.33,326958.38
Container,141399.03,20174.97,18.59,3574.1,55.73,5,12.39,HFO,569.67,1772.51,45.8,114.5,194655.18
Tanker,180066.82,23788.35,14.02,11434.22,38.71,5,11.34,Methanol,2435.49,3271.47,0.0,38.77,726993.38
Bulk Carrier,62078.57,17913.0,11.39,3348.06,92.03,2,13.89,LNG,811.69,2213.03,0.0,39.45,414203.82
Container,89452.03,22352.88,19.51,11266.68,72.84,3,14.16,VLSFO,2022.51,6020.2,41.46,373.15,995074.37
Tanker,147280.48,37353.81,16.91,1467.41,91.16,3,14.38,Hydrogen,563.45,0.0,0.0,0.0,2366490.64
Tanker,96004.01,20046.43,13.4,3628.63,57.89,5,13.3,Ammonia,732.68,0.0,0.0,13.63,340698.12
Bulk Carrier,99120.8,12873.66,11.38,6729.92,76.79,3,14.35,Ammonia,1122.91,0.0,0.0,20.89,522150.88
Tanker,176969.05,39004.39,17.0,3360.53,40.0,4,12.29,LNG,779.86,2126.25,0.0,37.9,397961.79
Tanker,194528.29,31493.19,14.67,6757.32,56.04,3,13.09,LNG,1711.2,4665.51,0.0,83.16,873224.53
Bulk Carrier,81063.73,21063.53,14.93,7010.17,56.61,3,12.57,Hydrogen,1271.17,0.0,0.0,0.0,5338905.76
Container,127003.05,51496.56,19.52,6650.46,67.61,4,13.78,Hydrogen,2502.96,0.0,0.0,0.0,10512438.35
Bulk Carrier,67808.17,16372.56,15.02,3351.19,96.28,4,15.28,HFO,737.52,2294.77,59.3,148.24,252009.56
Container,57050.3,40989.15,16.56,7209.27,75.75,4,13.62,Ammonia,2830.6,0.0,0.0,52.65,1316230.66
Bulk Carrier,99422.77,21617.72,14.02,3343.27,67.85,3,13.06,HFO,709.53,2207.68,57.05,142.62,242445.83
Tanker,82162.91,17354.48,12.28,6790.59,34.98,3,11.4,VLSFO,969.36,2885.41,19.87,178.85,476927.29
Bulk Carrier,89497.15,24777.94,12.46,1501.54,72.43,4,13.1,LNG,443.53,1209.28,0.0,21.56,226335.63
Tanker,104979.09,37178.08,16.77,1514.62,37.53,3,11.38,Ammonia,313.94,0.0,0.0,5.84,145982.3
Bulk Carrier,56190.95,23911.99,13.26,3595.48,38.47,3,11.86,Ammonia,563.71,0.0,0.0,10.49,262125.69
Tanker,153585.73,35550.25,12.4,1469.23,94.84,8,14.94,Methanol,1175.77,1579.36,0.0,18.72,350968.5
Container,79032.3,39385.17,21.38,1507.31,70.66,5,14.16,Methanol,512.85,688.88,0.0,8.16,153084.9
Bulk Carrier,95083.73,17542.12,11.58,10887.74,42.3,5,12.22,HFO,1963.25,6108.61,157.85,394.61,670842.11
Tanker,110633.86,21762.16,15.23,4776.83,95.49,5,15.12,Methanol,1552.76,2085.74,0.0,24.72,463498.57
Container,78393.75,33836.4,22.98,10555.06,38.76,3,12.17,VLSFO,1673.84,4982.34,34.31,308.82,823527.22
Tanker,197145.59,17256.16,13.1,5183.29,45.57,4,12.52,Hydrogen,785.93,0.0,0.0,0.0,3300894.92
Bulk Carrier,37692.12,17678.44,14.1,1454.79,38.64,5,11.99,LNG,177.45,483.81,0.0,8.62,90552.37
Bulk Carrier,59597.93,10293.67,12.33,10537.0,33.62,3,12.17,Ammonia,758.37,0.0,0.0,14.11,352641.68
Tanker,82874.71,26320.34,14.8,7252.82,80.5,3,13.49,Hydrogen,2120.95,0.0,0.0,0.0,8907978.09
Tanker,127846.11,15696.63,13.86,1574.51,90.92,4,14.06,LNG,332.42,906.34,0.0,16.16,169635.84
Container,65041.02,57275.38,21.53,10711.76,35.03,4,11.83,Hydrogen,2529.47,0.0,0.0,0.0,10623790.38
Tanker,106235.14,39383.99,15.51,3396.29,58.65,4,13.28,HFO,1334.63,4152.69,107.3,268.26,456044.59
Container,100212.99,57583.8,18.98,1544.66,60.07,3,12.54,HFO,608.2,1892.4,48.9,122.25,207821.92
Bulk Carrier,50927.38,19461.52,13.64,5025.63,59.51,4,12.88,Methanol,1098.61,1475.7,0.0,17.49,327933.67
Container,95520.43,54038.46,14.63,3356.14,33.1,6,11.97,Hydrogen,1270.68,0.0,0.0,0.0,5336841.85
Tanker,103315.9,34385.94,14.97,3664.97,51.72,5,12.63,Methanol,1286.44,1728.02,0.0,20.48,384003.47
Container,111069.06,31459.14,16.0,3341.15,42.62,3,11.68,VLSFO,692.51,2061.31,14.2,127.77,340712.69
Bulk Carrier,96817.21,17786.91,12.38,6910.9,33.3,3,12.23,HFO,876.77,2728.04,70.49,176.23,299590.96
Bulk Carrier,96590.38,20652.52,15.77,10849.87,35.51,2,11.41,Hydrogen,1256.31,0.0,0.0,0.0,5276508.32
Bulk Carrier,77517.27,13265.69,11.52,5177.51,70.94,3,13.22,VLSFO,999.01,2973.64,20.48,184.32,491510.65
Bulk Carrier,59111.9,23675.29,11.39,1449.58,65.38,5,13.24,Ammonia,435.85,0.0,0.0,8.11,202670.45
Bulk Carrier,56959.55,23504.95,14.34,1532.6,75.76,6,14.3,VLSFO,481.03,1431.85,9.86,88.75,236668.93
Container,124547.59,33054.43,16.24,11136.45,88.59,3,14.47,LNG,3999.03,10903.21,0.0,194.35,2040706.93
Tanker,190220.04,34313.86,16.09,3574.86,47.1,1,12.6,Hydrogen,790.76,0.0,0.0,0.0,3321186.1
Container,128345.49,20427.18,21.9,1448.15,72.08,2,13.34,Ammonia,201.52,0.0,0.0,3.75,93704.52
Tanker,175887.88,32774.29,12.29,3427.23,61.44,1,13.37,Hydrogen,1100.75,0.0,0.0,0.0,4623133.06
Tanker,140333.21,19505.36,16.25,1433.73,42.55,3,12.67,Methanol,200.34,269.11,0.0,3.19,59801.41
Container,104745.79,42292.29,17.98,10586.69,96.45,6,14.18,HFO,5481.08,17054.26,440.68,1101.7,1872883.45
Container,143325.16,27382.03,19.96,7059.34,87.19,3,13.81,Methanol,1933.52,2597.2,0.0,30.78,577156.48
Container,80616.57,46882.12,23.82,3617.15,59.45,5,12.34,Ammonia,1005.45,0.0,0.0,18.7,467536.46
Container,61790.17,47187.27,17.8,7111.22,66.93,4,12.77,Methanol,3106.68,4173.05,0.0,49.46,927344.78
Tanker,178353.65,24468.35,12.14,7318.96,53.0,3,12.45,Ammonia,1859.83,0.0,0.0,34.59,864823.27
Tanker,109254.04,41487.89,14.75,10863.71,43.4,3,11.91,LNG,2968.85,8094.45,0.0,144.29,1515004.31
Tanker,189726.04,37117.17,12.99,11263.54,46.61,5,12.32,LNG,3813.13,10396.33,0.0,185.32,1945838.06
Bulk Carrier,98895.44,16523.11,11.12,3496.76,94.73,5,14.67,Hydrogen,1032.4,0.0,0.0,0.0,4336062.83
Bulk Carrier,37266.62,8187.69,13.74,1522.92,51.69,5,12.53,VLSFO,123.32,367.07,2.53,22.75,60672.67
Container,132872.96,52718.94,19.78,1465.63,34.87,4,11.62,VLSFO,410.31,1221.34,8.41,75.7,201874.68
Container,117686.94,53835.4,18.3,7299.31,49.3,4,12.85,VLSFO,2911.52,8666.43,59.69,537.18,1432467.25
Container,109158.46,50652.71,16.07,6932.82,98.12,4,15.02,HFO,4301.18,13383.04,345.81,864.54,1469713.57
Bulk Carrier,63657.84,18064.75,12.65,3564.03,49.1,5,12.72,HFO,679.54,2114.39,54.64,136.59,232200.46
Container,145207.13,30256.17,17.96,3545.01,87.58,4,14.64,Hydrogen,1022.88,0.0,0.0,0.0,4296099.94
Tanker,173265.64,20915.33,13.6,1464.52,56.44,3,12.41,Methanol,334.55,449.39,0.0,5.33,99863.69
Tanker,86622.59,16782.36,15.8,7270.79,73.45,4,13.47,VLSFO,1379.68,4106.75,28.28,254.55,678801.51
Bulk Carrier,95571.7,10441.58,12.59,4880.04,46.89,2,12.86,LNG,375.52,1023.85,0.0,18.25,191628.87
Container,63413.3,32823.79,16.12,11106.05,92.95,4,14.82,Methanol,5086.19,6832.03,0.0,80.97,1518228.73
Bulk Carrier,77832.83,8387.19,11.18,3572.44,95.27,3,14.95,VLSFO,493.41,1468.69,10.11,91.03,242759.49
Bulk Carrier,90063.37,14531.91,12.27,4954.46,34.31,4,11.93,Ammonia,535.41,0.0,0.0,9.96,248964.79
Container,140802.38,23395.04,21.03,11476.45,72.01,5,13.97,LNG,1923.42,5244.14,0.0,93.48,981523.06
Container,53226.13,51091.22,19.05,5183.16,79.7,4,14.15,VLSFO,2651.98,7893.9,54.37,489.29,1304776.38
Bulk Carrier,43117.54,17603.59,15.25,4809.9,76.41,7,13.39,Ammonia,1019.0,0.0,0.0,18.95,473833.84
Bulk Carrier,83037.23,17876.56,14.33,10777.04,43.64,5,11.72,Ammonia,1565.61,0.0,0.0,29.12,728009.76
Tanker,152477.57,16135.5,12.96,10661.72,80.56,3,13.57,LNG,1920.91,5237.28,0.0,93.36,980240.5
Tanker,191495.6,44911.54,16.37,10488.5,44.51,1,12.53,LNG,2758.06,7519.75,0.0,134.04,1407439.97
Bulk Carrier,68186.87,22266.1,11.63,1461.25,65.68,3,12.91,Hydrogen,382.04,0.0,0.0,0.0,1604568.21
Container,83707.58,43769.1,15.77,3570.5,91.83,4,14.51,VLSFO,1950.3,5805.27,39.98,359.83,959548.28
Bulk Carrier,69624.1,24189.89,15.17,3600.27,69.51,8,13.58,Hydrogen,1090.99,0.0,0.0,0.0,4582153.59
Bulk Carrier,53414.43,11886.9,11.5,1458.75,94.65,3,14.24,LNG,243.84,664.83,0.0,11.85,124433.63
Tanker,90153.92,22140.99,12.02,1497.47,44.94,5,12.73,Hydrogen,308.22,0.0,0.0,0.0,1294543.75
Bulk Carrier,97140.44,13462.97,13.55,6800.93,92.24,2,14.27,Ammonia,1242.06,0.0,0.0,23.1,577557.13
Container,120454.74,35858.85,18.07,1478.2,72.55,2,14.22,Ammonia,427.72,0.0,0.0,7.96,198888.83
Tanker,145782.73,42137.14,16.28,1518.66,65.0,5,13.56,Ammonia,581.34,0.0,0.0,10.81,270323.04
Tanker,183807.45,42496.63,13.44,1496.1,90.74,4,14.66,Methanol,1083.41,1455.29,0.0,17.25,323397.52
Container,102442.39,56292.27,19.16,6988.71,46.05,5,12.23,VLSFO,2739.79,8155.25,56.17,505.49,1347974.92
Container,121655.28,48030.55,17.48,1444.04,99.9,5,14.96,VLSFO,879.42,2617.68,18.03,162.25,432675.12
Tanker,167335.8,15575.65,15.62,3635.43,47.68,5,12.12,Hydrogen,462.64,0.0,0.0,0.0,1943082.06
Container,54566.42,57981.51,15.89,1440.19,70.8,5,13.8,VLSFO,900.15,2679.39,18.45,166.08,442875.19
Container,117724.78,32246.61,22.59,1510.44,78.27,4,14.26,VLSFO,406.11,1208.81,8.33,74.93,199803.75
Bulk Carrier,93964.56,17609.5,11.91,1433.2,69.37,4,13.81,Hydrogen,335.29,0.0,0.0,0.0,1408201.17
Container,73547.99,29867.88,18.99,1507.96,55.13,3,12.92,Hydrogen,311.85,0.0,0.0,0.0,1309751.01
Bulk Carrier,60352.02,8027.03,15.07,3584.71,37.75,4,11.96,LNG,165.82,452.1,0.0,8.06,84616.89
Bulk Carrier,74496.99,18067.38,11.25,1556.85,41.08,3,12.56,HFO,274.72,854.79,22.09,55.22,93872.25
Tanker,131738.88,42101.73,16.23,5033.81,86.91,3,13.88,VLSFO,2418.33,7198.39,49.58,446.18,1189815.96
Bulk Carrier,84558.81,17098.98,11.15,1469.11,93.68,2,14.39,VLSFO,438.28,1304.6,8.98,80.86,215636.14
Tanker,99714.72,21113.96,14.29,1572.18,49.03,3,12.7,Hydrogen,241.68,0.0,0.0,0.0,1015067.98
Bulk Carrier,64542.34,24913.06,12.84,1441.82,31.61,4,11.73,Ammonia,230.84,0.0,0.0,4.29,107340.0
Container,67700.92,49208.85,16.47,11136.48,89.49,4,14.11,LNG,5879.73,16030.85,0.0,285.75,3000427.01
Container,116367.4,31057.09,17.76,10899.05,52.0,5,12.22,Hydrogen,2351.86,0.0,0.0,0.0,9877803.2
Bulk Carrier,72111.49,13064.14,13.53,1458.56,54.7,2,13.33,VLSFO,176.81,526.29,3.62,32.62,86990.42
Container,66199.34,53032.6,18.27,3486.28,34.06,5,11.71,Hydrogen,983.59,0.0,0.0,0.0,4131078.15
Tanker,98130.5,20238.07,13.75,5231.31,44.35,3,12.31,Methanol,946.2,1270.98,0.0,15.06,282439.38
Bulk Carrier,88758.65,20216.58,14.94,6826.39,45.08,4,11.65,HFO,1114.67,3468.28,89.62,224.05,380883.16
Bulk Carrier,88953.39,18106.18,13.05,4944.67,55.58,4,12.81,HFO,958.31,2981.76,77.05,192.62,327454.81
Tanker,193348.72,20473.9,13.84,1572.58,41.89,3,12.07,Ammonia,260.71,0.0,0.0,4.85,121232.06
Bulk Carrier,43521.0,15892.92,12.13,3587.94,93.44,6,15.14,HFO,1045.91,3254.32,84.09,210.23,357386.21
Container,86242.8,23110.09,14.51,5248.04,40.81,4,11.52,VLSFO,930.99,2771.19,19.09,171.77,458047.52
Container,142087.46,28845.38,19.64,1548.81,54.34,3,12.31,LNG,259.84,708.43,0.0,12.63,132593.9
Tanker,170609.75,20607.5,12.61,11133.17,65.79,3,12.92,VLSFO,2792.18,8311.21,57.24,515.16,1373753.99
Tanker,109093.87,36730.2,13.43,1552.28,78.42,3,14.1,Hydrogen,643.9,0.0,0.0,0.0,2704385.85
Bulk Carrier,30496.0,14155.82,12.82,3473.21,91.5,5,13.89,Hydrogen,820.25,0.0,0.0,0.0,3445035.05
Container,104556.72,59333.49,15.33,3389.55,90.15,4,14.57,VLSFO,2728.14,8120.59,55.93,503.34,1342246.76
Bulk Carrier,51082.79,15466.83,15.74,3365.57,52.81,4,13.14,Methanol,482.21,647.73,0.0,7.68,143938.99
Tanker,144630.21,44576.98,14.01,4787.32,88.47,3,14.47,Hydrogen,2805.94,0.0,0.0,0.0,11784960.12
Bulk Carrier,32495.4,21050.95,12.81,5078.02,71.31,3,13.51,LNG,1207.46,3292.1,0.0,58.68,616168.22
Container,68790.59,24673.71,15.93,7154.89,33.56,4,11.51,Ammonia,1038.78,0.0,0.0,19.32,483034.77
Bulk Carrier,79445.67,12247.01,13.47,3669.44,52.07,5,12.07,Hydrogen,447.51,0.0,0.0,0.0,1879529.45
Container,66233.12,33018.74,14.11,10538.13,65.33,3,13.78,Ammonia,3499.61,0.0,0.0,65.09,1627316.44
Tanker,88693.55,43823.12,16.54,1543.48,39.71,5,11.65,HFO,483.9,1505.66,38.91,97.26,165349.88
Container,57146.96,52545.02,14.72,3628.94,60.64,5,13.3,Hydrogen,1916.39,0.0,0.0,0.0,8048828.36
Bulk Carrier,60784.9,11894.08,13.76,11329.23,55.62,3,13.22,LNG,1198.88,3268.69,0.0,58.27,611786.93
Bulk Carrier,47859.27,15948.36,12.97,5224.11,98.59,5,15.53,HFO,1298.58,4040.51,104.41,261.01,443725.04
Bulk Carrier,66257.85,11261.49,14.84,7118.9,68.58,4,13.21,VLSFO,876.97,2610.4,17.98,161.8,431471.38
Bulk Carrier,55326.77,12372.84,12.95,1498.77,63.23,2,13.35,Methanol,227.08,305.03,0.0,3.62,67783.83
Container,63157.57,52956.28,22.67,1507.88,33.28,2,12.13,Ammonia,288.84,0.0,0.0,5.37,134311.83
Container,120216.82,37703.83,20.33,3329.17,77.96,1,13.56,Hydrogen,855.0,0.0,0.0,0.0,3591020.07
Bulk Carrier,48789.76,16994.36,15.04,3380.5,85.04,4,13.77,LNG,622.17,1696.34,0.0,30.24,317495.9
Bulk Carrier,37956.99,11514.36,13.92,4865.46,72.52,5,14.25,LNG,609.77,1662.52,0.0,29.63,311167.31
Tanker,132536.54,40241.71,12.93,3490.35,76.22,3,14.39,VLSFO,1759.43,5237.13,36.07,324.62,865641.51
Tanker,148473.77,39931.39,12.52,6688.82,44.91,3,12.18,Ammonia,2378.16,0.0,0.0,44.23,1105842.59
Bulk Carrier,38272.12,23127.58,13.37,10843.36,96.79,7,15.54,Methanol,5104.4,6856.48,0.0,81.26,1523663.22
Tanker,176723.28,37422.54,14.14,10620.18,99.72,3,14.87,HFO,5487.1,17073.0,441.16,1102.91,1874942.06
Tanker,113185.48,22182.9,13.15,4840.85,47.97,4,11.82,Hydrogen,977.18,0.0,0.0,0.0,4104148.36
Bulk Carrier,37264.89,16991.49,12.75,11400.91,62.72,4,13.14,Methanol,2559.96,3438.66,0.0,40.75,764147.04
Tanker,164772.53,43539.87,15.18,7329.26,37.32,4,11.77,Methanol,2493.94,3349.98,0.0,39.7,744441.09
Bulk Carrier,69738.67,24715.31,15.28,10956.51,81.41,2,14.17,Ammonia,2669.23,0.0,0.0,49.65,1241191.78
Container,72852.87,37014.91,19.54,4902.85,79.64,5,13.67,LNG,1527.58,4164.89,0.0,74.24,779524.95
Bulk Carrier,39503.71,11380.11,15.47,11127.03,91.0,5,15.09,HFO,1720.19,5352.35,138.3,345.76,587790.51
Tanker,199211.89,43528.81,12.71,3375.06,83.99,5,13.59,VLSFO,2251.66,6702.29,46.16,415.43,1107817.09
Bulk Carrier,72411.9,24387.92,12.58,10783.64,79.94,4,14.08,Methanol,4161.22,5589.56,0.0,66.25,1242124.48
Container,139891.5,23890.77,22.18,1540.91,66.28,3,13.66,Methanol,273.44,367.29,0.0,4.35,81620.63
Bulk Carrier,46202.22,12812.95,15.67,10722.74,42.88,3,12.14,Hydrogen,879.44,0.0,0.0,0.0,3693649.67
Tanker,97133.39,26176.65,15.32,3426.22,40.12,3,11.44,LNG,518.47,1413.59,0.0,25.2,264575.92
Tanker,162951.48,19393.27,12.81,6678.38,68.33,2,13.77,LNG,1303.78,3554.7,0.0,63.36,665318.63
Bulk Carrier,50943.41,9855.97,11.27,7225.59,66.39,4,13.38,VLSFO,1020.18,3036.68,20.91,188.22,501930.93
Tanker,178444.26,42613.52,13.29,5124.91,49.57,2,12.91,HFO,2033.53,6327.29,163.5,408.74,694857.17
Tanker,132444.1,32587.83,12.8,5060.72,81.0,4,14.72,Ammonia,2181.29,0.0,0.0,40.57,1014299.6
Tanker,171347.46,25824.81,14.23,3357.65,39.81,4,12.31,VLSFO,614.5,1829.11,12.6,113.37,302331.94
Tanker,138549.8,18002.85,15.24,7315.0,75.58,5,14.04,Hydrogen,1434.64,0.0,0.0,0.0,6025495.95
Bulk Carrier,80253.45,10976.76,11.14,3597.13,73.83,3,13.81,Hydrogen,549.91,0.0,0.0,0.0,2309618.18
Tanker,166554.25,44301.67,15.15,5140.99,31.7,2,11.72,Hydrogen,1189.19,0.0,0.0,0.0,4994584.18
Tanker,151147.7,24250.68,16.56,3504.29,68.43,4,12.97,Methanol,832.27,1117.95,0.0,13.25,248432.64
Tanker,85718.58,31954.06,15.46,1510.12,95.31,4,15.34,HFO,591.25,1839.66,47.54,118.84,202029.67
Container,117200.84,33212.22,15.24,11272.13,51.05,5,12.31,LNG,3030.09,8261.43,0.0,147.26,1546256.78
Tanker,169201.92,21753.1,12.5,5051.47,43.73,3,12.67,VLSFO,1022.85,3044.61,20.97,188.72,503242.09
Bulk Carrier,30502.48,24043.85,11.98,3407.62,37.22,8,12.31,HFO,962.63,2995.21,77.4,193.49,328931.65
Bulk Carrier,98275.73,20197.03,12.83,3498.25,34.46,4,11.28,Hydrogen,492.83,0.0,0.0,0.0,2069889.57
Container,85401.34,42813.76,20.08,1453.85,43.0,3,12.08,HFO,348.29,1083.7,28.0,70.01,119011.05
Bulk Carrier,65682.06,17448.84,14.31,1505.4,55.12,4,12.14,LNG,222.01,605.31,0.0,10.79,113293.77
Tanker,143102.0,38601.15,16.72,4932.68,85.19,5,14.74,LNG,1994.14,5436.95,0.0,96.92,1017611.22
Tanker,153253.72,41235.04,16.66,1548.85,45.46,4,12.85,LNG,399.08,1088.06,0.0,19.4,203648.49
Container,123430.28,30647.77,17.25,11522.41,99.69,3,14.91,LNG,3629.88,9896.73,0.0,176.41,1852328.48
Bulk Carrier,63876.35,8435.63,14.77,11486.69,71.55,4,12.91,Methanol,1266.89,1701.75,0.0,20.17,378167.58
Bulk Carrier,54477.99,11688.27,12.9,5196.94,63.95,1,12.78,Ammonia,586.17,0.0,0.0,10.9,272569.96
Bulk Carrier,61200.1,17062.91,13.1,5056.75,82.66,3,13.68,Ammonia,1123.13,0.0,0.0,20.89,522254.82
Tanker,166711.71,22541.51,13.99,4929.64,90.46,4,14.87,VLSFO,1427.27,4248.42,29.26,263.33,702217.4
Tanker,101087.25,40512.02,16.85,7084.43,67.38,4,12.82,VLSFO,2613.57,7779.54,53.58,482.2,1285874.68
Bulk Carrier,74657.11,23296.49,12.24,6705.48,95.31,2,15.16,LNG,1949.56,5315.41,0.0,94.75,994862.94
Bulk Carrier,66310.81,17295.38,13.69,3505.34,60.1,8,12.77,LNG,700.46,1909.77,0.0,34.04,357443.75
Bulk Carrier,43935.44,12551.06,14.65,5156.34,83.17,2,13.71,VLSFO,761.44,2266.5,15.61,140.49,374628.45
Bulk Carrier,90646.7,11983.73,15.3,3459.56,39.66,4,12.32,Hydrogen,265.58,0.0,0.0,0.0,1115417.31
Bulk Carrier,91664.67,24148.89,14.88,7047.74,81.04,5,14.04,LNG,1827.33,4982.13,0.0,88.81,932484.65
Tanker,138958.45,20132.87,13.1,3605.5,32.15,3,11.48,Ammonia,476.3,0.0,0.0,8.86,221481.02
Bulk Carrier,62700.78,14761.12,12.92,7007.43,84.46,4,13.84,Hydrogen,1434.65,0.0,0.0,0.0,6025540.64
Bulk Carrier,58611.27,18982.05,12.76,11142.62,56.27,6,12.61,Hydrogen,2398.07,0.0,0.0,0.0,10071877.12
Container,128320.12,23560.59,14.18,1443.99,40.51,4,12.06,LNG,217.86,594.0,0.0,10.59,111176.26
Bulk Carrier,70587.28,16724.06,12.03,1434.46,94.95,3,14.05,Methanol,426.52,572.92,0.0,6.79,127316.58
Tanker,98531.31,30487.83,13.54,5068.93,56.51,3,12.9,Hydrogen,1478.31,0.0,0.0,0.0,6208918.07
Tanker,99572.68,32744.69,15.05,10921.3,66.61,4,13.53,VLSFO,3750.41,11163.46,76.88,691.95,1845200.35
Container,64243.51,58605.13,16.32,6795.24,40.71,3,12.07,Hydrogen,2470.43,0.0,0.0,0.0,10375788.92
Bulk Carrier,71518.22,11568.99,12.55,4894.55,83.03,4,14.75,Hydrogen,819.85,0.0,0.0,0.0,3443377.17
Bulk Carrier,38570.71,16627.47,11.71,7323.63,37.53,4,11.33,Ammonia,1049.16,0.0,0.0,19.51,487857.29
Container,70134.22,39652.39,14.61,3348.19,85.13,4,13.85,LNG,1522.82,4151.91,0.0,74.01,777096.25
Bulk Carrier,40500.71,19656.96,15.32,10926.02,50.23,5,12.32,LNG,1621.51,4420.97,0.0,78.81,827454.48
Container,51260.11,59318.12,20.21,1546.84,96.13,3,14.65,Ammonia,801.07,0.0,0.0,14.9,372498.54
Bulk Carrier,60004.66,21102.65,13.66,6826.79,37.76,1,12.29,VLSFO,1031.49,3070.34,21.15,190.31,507493.65
Tanker,133098.53,38796.24,16.1,1471.66,49.77,4,12.39,LNG,383.4,1045.34,0.0,18.63,195651.09
Bulk Carrier,59937.3,8651.18,11.92,6717.77,50.84,1,13.12,Hydrogen,552.99,0.0,0.0,0.0,2322549.18
Container,135166.11,26717.22,22.67,6920.92,63.69,3,12.74,Methanol,1360.3,1827.22,0.0,21.66,406048.92
Bulk Carrier,66005.1,15307.34,13.79,3440.72,93.53,1,14.89,HFO,679.57,2114.46,54.64,136.59,232208.41
Tanker,136563.51,32911.69,13.09,3468.6,65.6,5,13.63,Methanol,1597.23,2145.48,0.0,25.43,476773.04
Tanker,119880.34,36524.69,16.28,6737.88,70.97,3,14.2,HFO,2189.04,6811.16,176.0,440.0,747996.07
Container,131232.75,53236.59,18.6,1566.06,34.18,6,12.22,Hydrogen,457.98,0.0,0.0,0.0,1923513.43
Tanker,125084.16,26008.61,13.22,3475.3,89.54,6,13.89,LNG,1332.1,3631.92,0.0,64.74,679771.61
Bulk Carrier,60684.52,13385.85,14.79,11024.36,30.78,4,11.33,HFO,869.5,2705.45,69.91,174.77,297109.68
Container,93665.56,25387.47,22.29,10985.34,54.47,7,12.23,VLSFO,1906.67,5675.38,39.09,351.78,938079.97
Bulk Carrier,62375.77,17459.56,15.33,4860.84,87.56,4,13.79,VLSFO,1079.71,3213.87,22.13,199.21,531217.92
Container,149301.89,28135.35,15.56,3527.97,97.63,5,15.0,Methanol,1501.52,2016.91,0.0,23.9,448202.75
Bulk Carrier,59291.44,16492.04,14.83,4954.82,40.8,3,11.78,Ammonia,588.53,0.0,0.0,10.95,273666.16
Bulk Carrier,89278.19,19120.11,12.88,4882.4,65.25,2,12.72,Ammonia,933.81,0.0,0.0,17.37,434223.79
Tanker,90026.37,17699.53,16.46,1501.91,73.0,7,13.79,HFO,323.32,1006.01,25.99,64.99,110478.63
Tanker,113260.82,33101.78,13.66,1454.33,36.12,6,11.25,VLSFO,442.65,1317.59,9.07,81.67,217782.7
Tanker,191985.48,27915.67,16.91,3462.58,87.47,3,14.75,Hydrogen,1011.38,0.0,0.0,0.0,4247806.14
Bulk Carrier,52437.49,13172.11,11.2,1565.29,46.89,2,12.49,Hydrogen,189.51,0.0,0.0,0.0,795945.45
Container,138902.23,54157.72,23.65,3596.3,65.07,8,13.12,Hydrogen,1628.89,0.0,0.0,0.0,6841357.0
Container,149692.37,48898.18,21.08,7097.35,54.72,5,12.86,Hydrogen,2206.01,0.0,0.0,0.0,9265238.7
Tanker,125452.81,40080.79,12.12,5048.88,79.54,3,13.55,Hydrogen,2602.05,0.0,0.0,0.0,10928619.48
Tanker,179269.0,28191.67,13.35,4930.24,89.28,3,14.59,Ammonia,1947.03,0.0,0.0,36.21,905367.75
Tanker,144999.08,40993.71,14.51,10478.07,60.32,3,13.11,Hydrogen,3808.28,0.0,0.0,0.0,15994776.27
Bulk Carrier,45556.66,14616.64,14.41,1514.26,73.76,3,13.53,Hydrogen,234.41,0.0,0.0,0.0,984526.97
Container,138667.28,32149.85,15.09,7165.77,54.38,4,12.65,VLSFO,2066.78,6151.97,42.37,381.32,1016853.93
Tanker,83663.27,36036.29,15.24,3521.46,62.84,2,12.56,Hydrogen,1077.42,0.0,0.0,0.0,4525156.84
Tanker,99167.85,39285.65,16.8,1480.58,41.54,4,12.24,HFO,426.26,1326.31,34.27,85.68,145653.93
Container,109275.99,21542.54,16.24,3539.78,38.44,4,12.13,Ammonia,491.94,0.0,0.0,9.15,228750.37
Tanker,149416.98,27200.04,15.4,10902.73,50.93,6,12.56,LNG,2451.32,6683.43,0.0,119.13,1250910.05
Bulk Carrier,78829.18,12482.88,15.53,6862.12,43.17,4,11.9,VLSFO,600.15,1786.4,12.3,110.73,295272.3
Bulk Carrier,65178.98,18475.11,15.77,3617.24,46.03,4,11.87,HFO,527.32,1640.75,42.4,105.99,180185.94
Bulk Carrier,58855.55,13451.57,11.02,3606.45,33.68,4,12.14,HFO,445.22,1385.29,35.8,89.49,152130.9
Tanker,136099.22,26903.73,16.21,10528.49,82.75,5,14.01,Methanol,4068.15,5464.54,0.0,64.76,1214342.83
Container,67343.99,30498.94,14.91,1561.91,80.52,5,13.44,HFO,569.73,1772.69,45.81,114.51,194675.15
Bulk Carrier,54913.06,23173.36,11.51,6858.34,87.48,4,15.01,Hydrogen,2476.22,0.0,0.0,0.0,10400106.52
Container,137438.84,49330.39,15.75,1445.83,65.79,3,13.22,LNG,572.49,1560.88,0.0,27.82,292143.07
Tanker,154443.05,32060.91,16.77,4918.81,67.77,3,13.18,Methanol,1580.25,2122.67,0.0,25.16,471703.8
Container,56949.12,42443.85,23.47,3630.31,33.13,4,11.16,HFO,598.23,1861.37,48.1,120.24,204414.57
Bulk Carrier,61399.08,9210.98,14.34,4962.27,70.65,3,13.54,Ammonia,477.57,0.0,0.0,8.88,222069.65
Container,111966.59,53814.36,14.18,3569.45,70.3,4,13.26,HFO,2218.38,6902.45,178.36,445.89,758021.45
Container,137626.33,38661.21,22.25,11544.48,58.74,4,12.55,LNG,2725.26,7430.3,0.0,132.45,1390697.63
Container,72602.31,54748.85,17.88,6855.24,62.26,3,13.35,VLSFO,3086.83,9188.26,63.28,569.52,1518720.84
Container,105722.06,30115.29,17.61,1481.45,44.55,5,11.72,Hydrogen,284.98,0.0,0.0,0.0,1196917.26
Bulk Carrier,73508.48,12779.31,15.69,3666.84,63.53,3,13.04,Methanol,493.56,662.98,0.0,7.86,147327.83
Bulk Carrier,87966.91,16818.06,14.73,4818.5,64.8,3,13.21,Hydrogen,737.95,0.0,0.0,0.0,3099383.48
Container,133694.13,30771.56,14.73,4958.78,95.7,4,14.88,Methanol,2236.63,3004.35,0.0,35.61,667632.73
Container,61433.36,26722.14,17.09,3643.77,48.94,2,12.71,Methanol,716.25,962.1,0.0,11.4,213800.7
Bulk Carrier,89634.72,12684.71,12.94,1521.32,84.22,3,14.9,Hydrogen,239.69,0.0,0.0,0.0,1006710.09
Bulk Carrier,75365.64,14396.86,12.99,3367.17,37.5,4,11.83,Ammonia,393.61,0.0,0.0,7.32,183029.49
Bulk Carrier,66207.08,24116.97,11.1,4873.35,95.86,5,15.5,LNG,2190.99,5973.65,0.0,106.48,1118063.73
Bulk Carrier,63336.5,17009.26,11.04,4900.7,73.47,3,13.72,LNG,1122.71,3061.02,0.0,54.56,572917.97
Tanker,179563.04,40159.8,14.86,3564.98,36.41,2,11.43,HFO,903.94,2812.58,72.68,181.69,308875.3
Tanker,156570.74,37263.1,13.87,1457.7,97.16,4,14.74,Hydrogen,733.44,0.0,0.0,0.0,3080431.44
Bulk Carrier,67208.53,12435.94,15.32,3561.41,51.8,7,13.08,LNG,396.74,1081.69,0.0,19.28,202455.55
Bulk Carrier,72576.21,13723.5,11.29,3609.75,85.87,6,14.56,Hydrogen,821.65,0.0,0.0,0.0,3450929.0
Tanker,97077.93,19731.69,12.77,4914.16,95.59,6,14.38,HFO,1604.85,4993.45,129.03,322.57,548376.22
Tanker,195829.83,29027.22,16.15,1552.28,83.02,3,13.8,Hydrogen,467.32,0.0,0.0,0.0,1962733.56
Bulk Carrier,65686.78,8804.53,13.68,6894.06,33.67,4,11.28,Methanol,514.8,691.5,0.0,8.2,153666.32
Tanker,191513.19,21599.21,12.92,11438.2,94.95,2,15.43,LNG,3176.63,8660.95,0.0,154.38,1621033.93
Bulk Carrier,32774.9,13887.07,12.37,11147.58,46.7,4,12.03,Hydrogen,1460.08,0.0,0.0,0.0,6132348.28
Container,76337.76,20459.08,23.21,6681.7,97.22,3,15.27,HFO,1181.48,3676.15,94.99,237.48,403711.13
Bulk Carrier,87500.75,9979.27,13.74,3510.08,61.94,4,13.0,LNG,337.8,921.01,0.0,16.42,172381.16
Container,138196.1,38372.77,17.09,3576.76,56.21,4,13.15,Ammonia,1075.62,0.0,0.0,20.01,500165.38
Tanker,83306.58,42213.73,15.35,1471.87,56.62,2,12.84,Methanol,562.04,754.95,0.0,8.95,167767.45
Tanker,117564.06,41369.9,12.0,4905.17,70.28,5,13.98,Hydrogen,2805.89,0.0,0.0,0.0,11784726.36
Bulk Carrier,60180.46,24132.61,13.02,11511.06,43.72,3,12.02,Hydrogen,2156.36,0.0,0.0,0.0,9056723.59
Container,128477.07,31448.24,19.73,11085.15,31.25,6,11.15,Ammonia,1732.03,0.0,0.0,32.22,805392.66
Bulk Carrier,78363.63,12157.44,15.13,5024.93,85.75,5,13.78,LNG,707.33,1928.5,0.0,34.38,360949.41
Container,59568.63,29288.22,21.48,1569.24,58.22,8,12.51,Hydrogen,362.44,0.0,0.0,0.0,1522244.41
Container,83211.22,38798.59,19.54,11090.83,46.97,3,12.91,LNG,2155.95,5878.12,0.0,104.78,1100183.02
Container,54406.19,20499.64,19.88,1480.85,44.11,3,12.08,LNG,142.66,388.95,0.0,6.93,72797.64
Tanker,175685.9,26669.61,12.46,5202.95,73.2,5,13.2,Hydrogen,1824.93,0.0,0.0,0.0,7664712.24
Container,96419.79,44712.51,16.46,11102.24,39.52,5,12.17,LNG,3255.62,8876.33,0.0,158.22,1661345.25
Tanker,118420.14,15560.2,14.26,4958.74,68.09,3,13.04,Hydrogen,728.79,0.0,0.0,0.0,3060913.26
Tanker,148084.35,22406.16,14.84,3487.03,74.85,4,14.12,VLSFO,883.89,2630.98,18.12,163.08,434873.47
Tanker,123669.53,34848.46,12.26,10998.35,88.5,5,14.06,HFO,6384.27,19864.54,513.3,1283.24,2181506.31
Tanker,175316.35,41351.85,12.87,1445.73,40.12,6,11.68,HFO,590.84,1838.4,47.5,118.76,201891.01
Container,73238.56,50831.42,23.91,11482.74,74.67,5,13.66,Methanol,4998.0,6713.56,0.0,79.57,1491902.12
Container,80850.51,59437.5,19.85,11140.75,70.66,4,14.05,Ammonia,5206.9,0.0,0.0,96.85,2421206.51
Bulk Carrier,67495.92,14910.67,14.03,4990.54,69.94,2,13.13,LNG,731.04,1993.15,0.0,35.53,373050.37
Tanker,112497.12,35788.69,13.53,3465.54,78.25,3,13.55,HFO,1621.38,5044.88,130.36,325.9,554024.57
Bulk Carrier,41008.26,8385.51,13.82,1507.73,31.5,8,12.14,Hydrogen,94.45,0.0,0.0,0.0,396675.3
Bulk Carrier,88830.19,9778.85,14.88,4782.96,96.18,1,15.37,HFO,549.37,1709.35,44.17,110.42,187718.91
Container,136234.55,29440.41,15.17,1425.57,58.28,6,12.48,VLSFO,422.66,1258.1,8.66,77.98,207950.55
Container,139691.14,43552.81,23.52,5134.14,46.5,5,12.92,Ammonia,1130.27,0.0,0.0,21.02,525577.25
Container,101600.07,52977.78,23.04,4828.16,67.6,4,13.97,Ammonia,1660.33,0.0,0.0,30.88,772053.75
Container,114364.07,41037.03,20.16,6866.64,50.47,4,12.52,VLSFO,1776.67,5288.45,36.42,327.8,874123.95
Tanker,122268.25,19437.29,16.87,4861.49,40.62,4,11.89,LNG,536.34,1462.31,0.0,26.07,273694.13
Tanker,102137.28,26243.4,15.66,3476.39,78.25,1,13.47,Hydrogen,788.82,0.0,0.0,0.0,3313044.36
Tanker,182240.92,16901.54,16.56,3363.81,74.98,2,13.7,Ammonia,459.79,0.0,0.0,8.55,213804.56
Bulk Carrier,65059.13,18695.79,13.03,1459.36,34.69,4,12.27,HFO,216.82,674.64,17.43,43.58,74088.51
Container,82027.43,33120.0,22.24,10565.75,63.64,3,13.66,Hydrogen,2082.16,0.0,0.0,0.0,8745072.6
Bulk Carrier,94375.23,18304.51,12.05,1507.54,89.03,4,14.09,LNG,410.46,1119.11,0.0,19.95,209459.33
Bulk Carrier,87761.1,8132.68,12.94,1540.91,53.04,4,12.41,Methanol,148.79,199.86,0.0,2.37,44414.17
Container,77441.06,56524.42,17.76,6824.18,89.16,2,14.24,LNG,3484.97,9501.64,0.0,169.37,1778382.42
Container,73196.93,47148.31,15.08,10975.26,38.27,5,12.42,HFO,3986.0,12402.36,320.47,801.19,1362016.82
Tanker,188274.08,20766.51,14.4,11051.6,76.7,3,14.23,Methanol,2936.14,3943.97,0.0,46.74,876437.05
Container,102006.93,41865.93,21.78,1482.47,55.41,3,12.38,Ammonia,359.33,0.0,0.0,6.68,167089.88
Container,108501.62,24510.05,14.15,3494.3,49.76,3,11.98,Hydrogen,709.13,0.0,0.0,0.0,2978347.79
Bulk Carrier,58915.87,19659.87,13.05,11500.95,59.58,4,13.18,LNG,2094.86,5711.56,0.0,101.81,1069008.99
Tanker,122364.96,36064.7,15.87,7012.18,69.31,7,13.08,VLSFO,3074.21,9150.69,63.02,567.19,1512510.71
Bulk Carrier,37147.44,12591.36,15.87,1564.09,44.72,6,11.73,VLSFO,163.09,485.44,3.34,30.09,80238.82
Tanker,130922.09,38388.13,14.23,3432.31,81.13,7,14.53,Ammonia,1845.48,0.0,0.0,34.33,858149.88
Bulk Carrier,74635.88,23520.61,15.58,11405.82,76.14,4,13.77,Methanol,3520.55,4728.98,0.0,56.05,1050884.58
Bulk Carrier,59437.05,22408.6,14.58,7109.73,75.4,5,13.89,VLSFO,1987.07,5914.72,40.73,366.61,977639.26
Container,121017.07,54179.61,14.93,10939.11,89.63,4,15.12,Ammonia,7359.93,0.0,0.0,136.89,3422365.14
Bulk Carrier,55933.01,12508.95,12.8,3664.22,59.61,2,13.1,LNG,410.52,1119.25,0.0,19.95,209486.09
Bulk Carrier,88916.18,14414.62,14.45,3621.6,63.5,2,12.99,Hydrogen,465.35,0.0,0.0,0.0,1954454.31
Bulk Carrier,48893.95,19009.27,12.73,6737.65,38.88,4,11.77,Ammonia,976.86,0.0,0.0,18.17,454239.46
Bulk Carrier,76819.25,20675.6,13.75,5185.12,94.15,1,14.38,VLSFO,1408.04,4191.18,28.86,259.78,692757.13
Tanker,88212.37,30445.13,15.48,7142.13,81.37,3,13.83,HFO,2310.76,7189.88,185.78,464.46,789586.04
Container,135516.02,22937.5,19.91,1466.04,67.76,4,13.17,Ammonia,247.06,0.0,0.0,4.6,114884.36
Tanker,180144.58,43177.39,16.78,7215.39,54.13,3,12.3,Methanol,2540.26,3412.21,0.0,40.44,758268.52
Tanker,191051.06,41571.28,13.66,10655.62,83.08,3,14.5,LNG,4826.19,13158.4,0.0,234.55,2462802.82
Tanker,158683.77,18859.84,16.17,11349.79,82.76,5,13.43,VLSFO,2594.44,7722.61,53.19,478.67,1276464.82
Tanker,153775.45,17480.81,16.35,7338.21,96.94,2,15.15,HFO,1481.76,4610.46,119.13,297.83,506317.11
Container,71420.96,50073.7,17.28,4872.99,62.45,5,13.04,HFO,2173.34,6762.31,174.74,436.84,742630.42
Bulk Carrier,43923.89,10476.93,11.52,3564.24,73.47,3,14.31,LNG,465.86,1270.14,0.0,22.64,237726.52
Bulk Carrier,70389.6,24233.37,14.57,11297.03,76.89,2,13.69,VLSFO,2811.1,8367.53,57.63,518.65,1383063.18
Tanker,121538.96,30003.25,12.13,1522.23,69.42,4,12.81,LNG,502.88,1371.09,0.0,24.44,256621.22
Container,143546.17,34058.23,15.78,3492.65,87.44,5,14.47,VLSFO,1587.78,4726.2,32.55,292.95,781190.2
Tanker,119520.17,28885.08,15.28,6902.31,97.53,3,14.35,LNG,2148.72,5858.4,0.0,104.43,1096491.36
Container,51432.99,57931.32,16.77,3393.05,58.5,2,12.73,Hydrogen,1514.04,0.0,0.0,0.0,6358964.78
Container,116449.99,30296.01,16.95,7261.15,48.36,4,12.46,Hydrogen,1455.61,0.0,0.0,0.0,6113563.26
Tanker,159027.11,21021.58,16.71,1555.73,34.91,3,11.97,Hydrogen,173.61,0.0,0.0,0.0,729142.86
Container,112227.4,29387.76,19.62,5187.47,93.63,5,14.97,Methanol,1706.09,2291.7,0.0,27.16,509267.16
Bulk Carrier,50961.18,18577.26,15.21,7310.68,43.15,5,12.15,Methanol,1297.23,1742.5,0.0,20.65,387222.37
Tanker,96883.8,27278.28,13.2,10807.46,51.74,4,12.7,Ammonia,2674.84,0.0,0.0,49.75,1243802.34
Container,74339.67,39590.27,20.87,4947.03,49.81,2,12.86,LNG,986.98,2690.97,0.0,47.97,503657.76
Tanker,128965.29,34262.41,15.72,1518.03,91.1,8,14.25,HFO,821.14,2554.97,66.02,165.05,280584.14
Tanker,111599.43,23892.29,16.85,5022.65,48.24,2,12.28,Methanol,851.25,1143.44,0.0,13.55,254098.52
Bulk Carrier,52889.42,21385.19,15.19,10677.99,67.07,5,13.82,VLSFO,2371.34,7058.54,48.61,437.51,1166700.83
Tanker,168283.75,31502.29,12.36,1566.63,67.6,6,13.91,Ammonia,607.73,0.0,0.0,11.3,282596.58
Container,92216.57,49629.35,15.37,6926.77,41.19,4,11.8,Methanol,2634.5,3538.79,0.0,41.94,786397.12
Tanker,124710.09,37662.54,14.52,1482.75,69.26,4,13.17,Ammonia,568.44,0.0,0.0,10.57,264326.43
Container,137060.5,23459.99,23.95,3478.52,64.61,4,13.56,LNG,486.91,1327.54,0.0,23.66,248470.17
Container,128456.85,26600.86,19.66,1560.6,37.84,4,12.33,HFO,218.85,680.94,17.6,43.99,74780.2
Tanker,97643.36,19847.41,15.21,7101.92,91.21,4,14.06,Ammonia,1679.38,0.0,0.0,31.24,780910.79
Bulk Carrier,75686.37,11778.92,11.69,5143.72,51.84,6,12.53,Hydrogen,731.0,0.0,0.0,0.0,3070211.21
Container,75434.8,43359.89,19.24,1565.2,61.89,4,12.68,Ammonia,475.38,0.0,0.0,8.84,221050.13
Bulk Carrier,66261.19,24334.82,11.58,3486.39,36.13,3,11.5,Methanol,758.25,1018.52,0.0,12.07,226338.4
Container,124462.08,41362.55,18.86,3389.28,94.71,4,15.04,HFO,1451.5,4516.32,116.7,291.75,495977.84
Bulk Carrier,45100.04,13854.77,13.44,3330.3,56.74,4,12.25,Ammonia,460.95,0.0,0.0,8.57,214343.71
Tanker,179968.25,27826.19,16.95,5205.27,90.93,4,15.14,Methanol,1990.08,2673.18,0.0,31.68,594039.35
Tanker,95171.53,29442.28,16.08,4895.36,85.25,4,14.05,HFO,1656.88,5155.34,133.21,333.03,566154.79
Tanker,174150.34,20183.28,15.06,11181.62,99.91,3,15.18,VLSFO,2971.35,8844.52,60.91,548.21,1461904.35
Tanker,90238.77,28712.43,13.47,3411.17,35.0,4,11.19,Ammonia,726.59,0.0,0.0,13.51,337865.05
Bulk Carrier,61089.92,9782.7,12.71,3387.32,89.5,3,13.87,Hydrogen,442.8,0.0,0.0,0.0,1859767.64
Container,109932.82,45480.28,23.06,1537.88,38.67,7,12.23,Methanol,426.96,573.52,0.0,6.8,127447.93
Bulk Carrier,50061.54,11753.93,12.15,10720.83,36.08,3,11.49,Methanol,1181.29,1586.77,0.0,18.81,352616.27
Tanker,83648.03,18106.13,15.27,1442.7,31.9,1,11.86,Ammonia,126.73,0.0,0.0,2.36,58931.62
Tanker,80027.84,37690.09,12.28,3571.59,59.46,4,12.37,Hydrogen,1505.83,0.0,0.0,0.0,6324487.3
Bulk Carrier,87151.68,18385.43,11.65,11483.18,38.09,3,11.42,Ammonia,1745.45,0.0,0.0,32.47,811636.51
Bulk Carrier,68998.38,24948.36,12.7,10477.87,76.42,4,13.36,Ammonia,3188.58,0.0,0.0,59.31,1482691.17
Tanker,97190.79,33836.26,13.44,4786.35,93.24,1,15.05,Methanol,2380.53,3197.65,0.0,37.9,710588.97
Tanker,111837.49,35575.51,14.5,3615.88,65.61,5,13.83,Ammonia,1349.31,0.0,0.0,25.1,627428.72
Container,51393.92,37797.34,21.8,1549.53,88.61,5,13.84,HFO,549.27,1709.04,44.16,110.4,187684.72
Container,145387.76,21746.15,22.92,7041.97,77.19,4,14.31,Methanol,1258.48,1690.46,0.0,20.04,375656.8
Tanker,90471.29,38695.3,14.15,10465.45,88.69,5,14.11,LNG,5178.11,14117.9,0.0,251.66,2642387.55
Bulk Carrier,98488.32,12812.23,13.95,5045.59,66.4,3,13.65,HFO,686.65,2136.51,55.21,138.02,234629.2
Bulk Carrier,39142.29,15318.62,12.83,5232.67,56.95,4,12.89,Ammonia,835.88,0.0,0.0,15.55,388682.03
Tanker,113371.26,30812.73,13.39,3652.48,46.33,5,12.91,Methanol,1228.64,1650.37,0.0,19.56,366749.57
Container,128621.77,28042.26,15.23,11237.74,53.72,6,12.97,Hydrogen,2806.44,0.0,0.0,0.0,11787049.74
Bulk Carrier,53811.88,18725.56,15.31,4941.78,56.3,4,12.25,LNG,698.62,1904.76,0.0,33.95,356505.63
Tanker,138452.92,17514.06,16.17,4929.8,30.56,5,12.02,Ammonia,494.91,0.0,0.0,9.21,230131.43
Bulk Carrier,53965.96,16410.15,14.4,11391.02,40.47,3,12.01,LNG,1211.07,3301.92,0.0,58.86,618006.96
Bulk Carrier,51077.62,12082.19,11.93,1567.54,31.76,4,11.94,HFO,158.49,493.13,12.74,31.86,54155.19
Bulk Carrier,39576.16,18325.01,14.75,6971.63,95.42,4,14.89,LNG,1555.03,4239.71,0.0,75.57,793529.45
Container,144311.13,54951.92,17.82,1547.79,80.22,3,14.17,VLSFO,821.2,2444.39,16.83,151.51,404031.32
Tanker,135031.65,30034.43,12.87,10983.06,95.25,4,14.25,Methanol,5601.8,7524.61,0.0,89.18,1672136.64
Bulk Carrier,73165.93,14671.39,15.54,3534.75,38.48,3,11.57,HFO,364.34,1133.65,29.29,73.23,124496.46
Tanker,81376.27,29747.35,16.69,3539.63,59.55,3,12.67,HFO,856.23,2664.16,68.84,172.1,292575.27
Tanker,191804.27,30532.57,16.31,5176.01,67.68,5,12.91,Hydrogen,1518.94,0.0,0.0,0.0,6379547.33
Tanker,106420.02,24241.96,15.36,5139.84,87.78,4,14.65,Hydrogen,1517.55,0.0,0.0,0.0,6373722.66
Tanker,117552.85,41017.36,15.8,5113.55,85.99,5,13.86,LNG,2288.64,6239.89,0.0,111.23,1167894.02
Tanker,172062.53,19023.57,15.36,6906.89,82.33,3,14.6,Methanol,1685.14,2263.56,0.0,26.83,503013.67
Container,113919.27,31707.03,20.75,3597.39,86.37,5,14.55,VLSFO,1094.78,3258.71,22.44,201.99,538630.04
Bulk Carrier,51636.3,24988.3,11.42,5133.58,34.41,7,12.21,Ammonia,1199.08,0.0,0.0,22.3,557571.63
Tanker,110453.5,40640.09,15.66,11544.22,96.28,3,14.86,Ammonia,5387.41,0.0,0.0,100.21,2505144.91
Container,146311.04,48088.59,17.72,1439.26,58.29,6,12.57,Hydrogen,543.93,0.0,0.0,0.0,2284488.31
Tanker,103630.11,35706.95,13.52,3396.58,43.09,3,11.59,Ammonia,976.63,0.0,0.0,18.17,454135.01
Tanker,158793.26,36737.52,14.87,4834.61,62.18,6,12.78,HFO,1929.19,6002.64,155.11,387.77,659205.0
Tanker,127387.12,18090.3,14.93,10805.6,86.31,3,14.11,Methanol,2565.07,3445.53,0.0,40.84,765674.33
Container,112605.54,26740.55,23.4,11068.32,31.41,2,11.13,LNG,965.63,2632.74,0.0,46.93,492759.05
Tanker,172713.41,42579.64,12.39,1488.95,89.29,4,15.01,LNG,894.27,2438.19,0.0,43.46,456345.73
Container,120179.73,58330.31,16.63,1533.32,52.2,4,13.12,Hydrogen,633.58,0.0,0.0,0.0,2661020.21
Container,79842.75,57928.36,16.48,3436.87,93.4,3,14.37,Methanol,2597.79,3489.48,0.0,41.36,775440.9
Tanker,92674.62,25767.65,16.06,5026.23,72.05,3,13.62,VLSFO,1266.21,3769.01,25.96,233.62,622976.38
Tanker,153033.45,41961.27,16.35,1462.05,60.87,6,12.86,Hydrogen,558.39,0.0,0.0,0.0,2345227.0
Bulk Carrier,59237.58,23246.56,15.63,1467.89,92.31,4,14.13,VLSFO,396.15,1179.18,8.12,73.09,194906.34
Container,73830.36,48255.46,19.74,3334.15,98.72,4,15.37,Hydrogen,1499.28,0.0,0.0,0.0,6296989.92
Bulk Carrier,62090.36,20784.75,14.86,10556.38,37.63,6,11.38,LNG,1661.77,4530.74,0.0,80.76,847998.93
Container,87095.3,35414.37,19.33,11301.94,82.12,4,13.63,Hydrogen,3647.2,0.0,0.0,0.0,15318239.33
Container,143953.77,41397.48,23.28,5064.55,84.01,4,13.54,VLSFO,1732.24,5156.19,35.51,319.6,852263.01
Bulk Carrier,69772.76,21116.96,14.94,5005.28,38.8,5,11.66,HFO,854.85,2659.86,68.73,171.83,292103.73
Tanker,105546.3,29434.6,14.63,11066.21,39.35,2,11.41,Methanol,2389.92,3210.26,0.0,38.05,713390.57
Bulk Carrier,35950.52,16114.43,12.21,3474.78,54.46,7,12.3,Ammonia,741.0,0.0,0.0,13.78,344563.09
Tanker,161466.26,16565.44,12.02,1428.12,65.08,8,12.71,Hydrogen,367.5,0.0,0.0,0.0,1543488.32
Tanker,187408.34,17994.9,13.01,6801.23,32.38,8,11.98,LNG,1032.3,2814.53,0.0,50.17,526784.46
Container,56555.7,30961.35,17.86,5025.48,39.82,5,11.86,Ammonia,940.28,0.0,0.0,17.49,437228.46
Bulk Carrier,41762.53,11008.81,11.91,1556.43,53.58,3,12.12,HFO,190.23,591.91,15.29,38.24,65002.84
Tanker,147400.09,20726.8,14.09,11218.11,31.77,4,12.02,LNG,1252.53,3414.96,0.0,60.87,639164.46
Tanker,156195.21,20501.79,13.01,5114.59,68.15,4,12.89,VLSFO,1346.37,4007.62,27.6,248.41,662416.15
Bulk Carrier,30191.46,13823.33,15.09,5175.87,89.64,4,15.0,Ammonia,867.93,0.0,0.0,16.14,403585.62
Container,61156.39,33398.32,23.63,4916.87,54.7,4,13.17,Hydrogen,894.34,0.0,0.0,0.0,3756243.9
Tanker,136969.12,21108.33,15.91,3484.91,61.07,3,12.47,Hydrogen,651.87,0.0,0.0,0.0,2737862.11
Bulk Carrier,71149.01,14822.63,13.4,1544.37,57.17,7,12.27,Ammonia,248.23,0.0,0.0,4.62,115424.98
Tanker,161598.11,26838.25,16.61,1432.17,93.87,5,14.26,VLSFO,468.85,1395.59,9.61,86.5,230675.28
Container,56204.42,50895.23,17.28,4850.14,38.11,5,12.05,Hydrogen,1562.81,0.0,0.0,0.0,6563821.45
Container,87477.71,47745.33,16.16,6858.2,50.23,2,13.05,VLSFO,2205.61,6565.23,45.22,406.94,1085162.05
Bulk Carrier,84422.48,19012.58,11.8,6756.9,63.78,4,13.68,VLSFO,1724.94,5134.45,35.36,318.25,848670.2
Tanker,156658.17,37478.98,13.98,1540.46,86.53,1,14.2,HFO,704.09,2190.76,56.61,141.52,240587.54
Tanker,150509.68,41577.83,16.67,1429.13,81.11,5,13.89,LNG,610.37,1664.16,0.0,29.66,311473.95
Tanker,135813.11,18493.28,12.08,1447.51,68.4,4,13.44,HFO,329.61,1025.56,26.5,66.25,112626.59
Container,67890.71,51035.76,19.47,5155.67,30.41,6,11.6,Hydrogen,1294.5,0.0,0.0,0.0,5436908.54
Bulk Carrier,78130.0,8191.59,14.05,6931.55,45.13,3,11.9,Hydrogen,410.66,0.0,0.0,0.0,1724783.56
Bulk Carrier,42511.93,24301.06,12.7,10548.57,41.93,2,11.92,Methanol,2348.87,3155.12,0.0,37.39,701137.55
Tanker,97271.89,37352.75,15.5,1553.75,62.2,2,12.81,HFO,487.34,1516.34,39.18,97.96,166523.64
Bulk Carrier,84508.24,8205.35,14.59,3657.66,73.01,2,13.09,Ammonia,282.13,0.0,0.0,5.25,131188.21
Bulk Carrier,43545.93,8486.35,15.15,11298.3,40.32,4,11.69,VLSFO,698.57,2079.37,14.32,128.89,343697.43
Bulk Carrier,44832.62,17337.62,13.96,3378.68,98.5,4,15.24,Methanol,1006.25,1351.64,0.0,16.02,300365.46
Bulk Carrier,93043.75,19071.24,14.68,10596.2,57.02,4,13.26,LNG,1735.4,4731.49,0.0,84.34,885572.75
Tanker,150885.2,41306.69,16.65,5121.42,36.01,5,11.53,Ammonia,1287.81,0.0,0.0,23.95,598833.69
Bulk Carrier,64727.29,22204.19,11.13,5027.27,80.34,7,13.5,LNG,1964.88,5357.16,0.0,95.49,1002677.35
Tanker,144312.1,36254.82,13.02,11342.13,49.68,1,12.44,Hydrogen,3450.23,0.0,0.0,0.0,14490954.33
Container,149630.82,27888.47,19.4,10936.93,51.19,5,12.24,HFO,1975.67,6147.26,158.84,397.11,675087.19
Bulk Carrier,37068.87,14715.47,11.1,3534.79,34.86,6,12.14,Hydrogen,511.9,0.0,0.0,0.0,2149989.79
Bulk Carrier,91875.05,24128.87,15.84,1565.52,71.5,5,13.58,LNG,372.78,1016.37,0.0,18.12,190230.39
Container,104673.99,25118.95,21.11,7244.55,50.92,4,13.16,LNG,941.29,2566.4,0.0,45.75,480341.96
Bulk Carrier,94451.98,10760.35,13.59,6800.06,46.52,6,12.18,Hydrogen,685.39,0.0,0.0,0.0,2878625.2
Bulk Carrier,69765.12,20011.36,14.06,3364.24,61.08,4,13.43,LNG,629.13,1715.3,0.0,30.58,321045.4
Tanker,114530.13,18454.12,12.58,3345.17,31.16,3,11.3,Hydrogen,382.24,0.0,0.0,0.0,1605402.8
Tanker,91076.16,20099.81,15.57,10961.25,43.88,4,12.47,Hydrogen,1500.21,0.0,0.0,0.0,6300888.51
Bulk Carrier,90539.45,11061.39,13.06,4975.92,40.99,3,12.33,HFO,455.83,1418.31,36.65,91.62,155757.51
Bulk Carrier,31833.49,11808.04,15.05,4781.19,45.62,3,11.69,LNG,379.95,1035.92,0.0,18.47,193888.95
Bulk Carrier,47494.56,15489.68,15.41,5184.41,58.54,3,13.22,VLSFO,711.96,2119.21,14.6,131.36,350282.18
Bulk Carrier,71113.4,8851.15,14.93,1494.93,75.4,3,14.31,Hydrogen,137.19,0.0,0.0,0.0,576208.95
Tanker,131486.51,17520.04,15.58,3460.17,94.77,6,14.59,HFO,871.92,2712.95,70.1,175.26,297934.07
Bulk Carrier,69108.53,13720.38,11.67,3443.89,96.69,4,14.77,Hydrogen,765.02,0.0,0.0,0.0,3213081.95
Bulk Carrier,69698.56,18884.55,11.64,5161.0,75.55,5,14.13,LNG,1312.04,3577.22,0.0,63.77,669533.3
Bulk Carrier,77701.42,15139.62,14.47,7337.53,63.85,3,13.24,Methanol,1219.75,1638.43,0.0,19.42,364095.47
Container,91300.85,38693.06,20.09,10571.12,63.05,4,13.4,Ammonia,2760.07,0.0,0.0,51.34,1283431.17
Tanker,147741.29,22441.42,14.0,6856.95,76.98,3,13.42,Hydrogen,1801.35,0.0,0.0,0.0,7565678.7
Bulk Carrier,56629.46,21536.14,15.33,3584.35,64.95,4,12.69,Methanol,818.14,1098.96,0.0,13.02,244214.21
Tanker,199657.15,30430.24,13.98,10786.72,92.84,3,14.46,LNG,4091.32,11154.81,0.0,198.84,2087798.55
Bulk Carrier,86090.6,12186.59,14.45,3586.8,87.62,4,14.99,LNG,518.13,1412.66,0.0,25.18,264401.32
Container,137252.94,31883.82,16.67,3617.55,66.43,4,12.85,Hydrogen,995.41,0.0,0.0,0.0,4180705.8
Container,133387.84,20668.69,18.34,1430.75,74.84,4,13.56,Ammonia,271.52,0.0,0.0,5.05,126255.97
Tanker,159669.9,27206.39,14.23,3566.8,81.95,4,14.65,Methanol,1394.37,1872.99,0.0,22.2,416219.94
Bulk Carrier,49605.71,24627.49,12.69,5163.57,35.93,4,11.6,Hydrogen,992.54,0.0,0.0,0.0,4168686.89
Bulk Carrier,99239.38,21968.18,14.63,10923.08,94.95,7,14.47,HFO,3840.88,11950.82,308.81,772.02,1312428.79
Tanker,87418.35,25956.72,12.95,4928.65,87.59,3,15.03,Ammonia,1687.33,0.0,0.0,31.38,784610.64
Bulk Carrier,82218.52,24523.42,14.51,10851.26,37.72,3,12.34,LNG,1576.35,4297.86,0.0,76.61,804411.88
Bulk Carrier,99420.71,21128.99,13.29,5171.04,52.12,4,12.28,HFO,1012.73,3151.08,81.42,203.56,346048.56
Container,96403.59,25986.25,21.59,11325.32,65.22,4,12.68,LNG,1870.46,5099.74,0.0,90.9,954497.51
Container,68854.35,34838.46,17.4,10505.14,51.22,4,13.05,Ammonia,2528.23,0.0,0.0,47.03,1175625.23
Bulk Carrier,31844.76,19725.33,15.94,3475.31,60.13,3,12.87,HFO,613.4,1908.57,49.32,123.29,209597.29
Container,147008.89,22581.33,21.39,1502.76,82.92,3,14.73,LNG,238.76,650.98,0.0,11.6,121841.74
Bulk Carrier,88370.74,17390.45,11.8,7058.95,77.19,2,13.43,Methanol,1794.44,2410.38,0.0,28.57,535639.67
Container,100577.48,23527.02,15.08,3379.44,76.93,8,14.0,Ammonia,1043.7,0.0,0.0,19.41,485322.71
Container,123267.07,34317.49,22.28,11282.19,68.22,5,14.0,Methanol,3145.12,4224.68,0.0,50.07,938818.22
Container,145422.73,40075.67,19.92,6752.38,59.82,5,12.7,HFO,2137.38,6650.43,171.85,429.61,730344.29
Tanker,145085.88,43422.3,16.93,7030.65,46.83,5,12.77,Ammonia,2295.21,0.0,0.0,42.69,1067271.51
Bulk Carrier,87417.09,8054.22,11.09,1546.04,77.33,2,14.19,Methanol,191.86,257.72,0.0,3.05,57270.19
Bulk Carrier,63948.53,8486.97,11.73,6750.9,37.2,4,12.18,Methanol,599.54,805.33,0.0,9.54,178962.37
Bulk Carrier,58941.87,20126.77,12.04,11350.26,75.62,3,14.06,Hydrogen,2938.98,0.0,0.0,0.0,12343726.24
Tanker,128215.52,17583.56,15.05,3406.91,97.78,4,15.56,LNG,772.66,2106.61,0.0,37.55,394285.89
Container,71478.28,46005.36,20.57,1456.99,48.9,3,12.95,VLSFO,380.58,1132.84,7.8,70.22,187247.06
Container,107827.07,25665.8,17.61,11146.66,65.12,4,13.09,VLSFO,2695.59,8023.69,55.26,497.34,1326229.02
Tanker,119968.69,29120.64,12.22,10994.29,40.05,3,11.47,VLSFO,2715.92,8084.22,55.68,501.09,1336234.55
Bulk Carrier,93189.53,15393.72,13.3,10762.49,68.5,4,13.28,Ammonia,1774.82,0.0,0.0,33.01,825293.22
Tanker,145412.29,35765.64,16.79,5065.86,88.0,7,14.08,Ammonia,2424.98,0.0,0.0,45.1,1127613.84
Container,87537.41,49108.05,19.9,4761.97,69.22,4,12.79,Ammonia,1833.59,0.0,0.0,34.1,852621.29
Bulk Carrier,52022.27,18124.54,11.77,3467.32,82.78,5,14.72,LNG,921.52,2512.5,0.0,44.79,470253.12
Container,146618.37,39471.91,20.44,5246.01,68.86,7,13.2,HFO,1852.7,5764.65,148.96,372.39,633068.31
Bulk Carrier,64494.92,14660.17,15.73,10476.97,84.13,3,14.2,VLSFO,1578.76,4699.33,32.36,291.28,776749.32
Container,134129.37,37613.21,16.05,5038.71,71.55,3,14.12,Methanol,2009.08,2698.7,0.0,31.98,599711.54
Bulk Carrier,87522.01,20867.18,15.94,1491.62,52.93,3,13.19,LNG,209.65,571.61,0.0,10.19,106985.33
Tanker,175503.46,40710.77,16.16,3493.36,47.3,5,12.0,LNG,969.81,2644.13,0.0,47.13,494891.51
Container,127503.78,32135.52,16.24,4756.95,72.29,3,13.65,Hydrogen,1383.82,0.0,0.0,0.0,5812033.35
Container,95814.23,40212.07,14.09,1475.56,93.41,3,14.88,Hydrogen,758.31,0.0,0.0,0.0,3184919.93
Tanker,167610.95,32433.68,12.25,6651.01,74.45,3,13.57,HFO,2772.75,8627.35,222.93,557.32,947447.46
Bulk Carrier,53636.52,17787.05,12.28,3366.61,44.77,1,11.82,Methanol,577.91,776.28,0.0,9.2,172507.56
Tanker,114543.18,39094.92,14.58,7014.44,56.64,3,12.37,HFO,2562.98,7974.67,206.06,515.16,875770.86
Tanker,90836.21,34132.54,15.45,11234.87,74.23,6,13.25,Ammonia,4234.01,0.0,0.0,78.75,1968812.98
Bulk Carrier,84245.93,17070.61,13.27,5196.77,92.86,4,13.95,HFO,1326.06,4126.01,106.62,266.54,453114.61
Tanker,84991.11,35416.23,13.16,1514.15,45.96,2,12.52,Ammonia,443.48,0.0,0.0,8.25,206218.33
Bulk Carrier,33360.69,14835.04,14.83,6691.45,43.27,4,12.62,Methanol,854.55,1147.87,0.0,13.6,255082.42
Container,68464.73,59338.83,18.63,5234.52,31.77,3,11.33,HFO,1350.97,4203.5,108.62,271.54,461625.01
Container,110935.55,40761.28,19.68,1451.2,44.04,5,11.97,Methanol,395.63,531.42,0.0,6.3,118094.24
Tanker,122572.14,26200.46,16.46,3499.23,48.37,3,12.57,LNG,613.47,1672.6,0.0,29.81,313053.98
Tanker,141023.79,36751.6,14.48,3555.7,82.16,3,14.75,HFO,1483.68,4616.44,119.29,298.22,506973.3
Tanker,116682.81,30818.66,12.79,6923.22,97.07,6,15.54,VLSFO,3618.23,10770.03,74.17,667.56,1780169.65
Bulk Carrier,32235.77,9656.23,14.24,10450.52,84.67,2,13.97,VLSFO,1227.27,3653.1,25.16,226.43,603817.9
Tanker,80184.21,34065.29,14.21,4957.45,78.77,4,13.35,HFO,2255.89,7019.17,181.37,453.43,770839.04
Container,72675.2,40212.39,22.52,1444.15,44.67,3,11.77,VLSFO,282.26,840.16,5.79,52.08,138869.91
Tanker,168316.8,20781.49,12.55,7056.09,89.22,5,14.31,VLSFO,2386.09,7102.45,48.91,440.23,1173958.48
Tanker,131610.74,32697.26,14.04,3516.01,71.05,4,12.88,Hydrogen,1280.61,0.0,0.0,0.0,5378551.85
Tanker,85136.84,35197.35,13.14,1441.53,42.56,3,12.6,HFO,424.92,1322.14,34.16,85.41,145196.21
Container,108178.6,46143.77,15.54,3562.52,68.61,4,13.35,LNG,1490.65,4064.18,0.0,72.45,760676.16
Bulk Carrier,79175.06,13982.62,12.77,7134.0,76.71,4,13.2,Methanol,1615.23,2169.66,0.0,25.71,482146.91
Container,133618.79,32126.04,21.26,5018.67,42.13,3,12.26,Methanol,936.41,1257.83,0.0,14.91,279517.43
Container,61099.11,31115.29,15.58,4962.15,56.36,4,13.01,VLSFO,1419.69,4225.85,29.1,261.93,698486.99
Bulk Carrier,56395.63,10391.79,15.73,10519.87,35.1,3,11.65,Hydrogen,661.85,0.0,0.0,0.0,2779767.7
Container,53042.12,33123.96,23.77,3630.7,52.2,4,12.96,Methanol,719.85,966.94,0.0,11.46,214874.81
Container,57605.15,44022.58,15.8,1505.95,62.6,3,13.56,Ammonia,525.98,0.0,0.0,9.78,244579.34
Tanker,192341.53,21544.64,14.82,1459.56,74.81,3,13.58,Methanol,401.99,539.97,0.0,6.4,119992.64
Container,108275.56,23329.28,23.92,4848.61,98.08,3,14.87,LNG,801.95,2186.47,0.0,38.97,409232.55
Container,77148.89,42788.52,14.77,1520.87,84.74,4,14.83,LNG,730.85,1992.62,0.0,35.52,372950.72
Bulk Carrier,41909.23,12685.52,13.98,10585.77,93.92,4,13.98,Ammonia,1818.89,0.0,0.0,33.83,845785.77
Bulk Carrier,37733.23,8853.48,12.47,4977.57,42.85,8,11.93,LNG,490.16,1336.4,0.0,23.82,250127.47
Bulk Carrier,71845.49,13562.01,11.22,3417.04,99.25,2,14.45,VLSFO,809.92,2410.8,16.6,149.43,398478.59
Container,85833.15,44192.59,21.97,1547.51,37.38,5,11.38,VLSFO,336.86,1002.7,6.91,62.15,165736.26
Tanker,158389.64,26619.87,15.02,7003.88,73.4,3,14.19,HFO,1895.81,5898.78,152.42,381.06,647798.3
Container,80924.44,37744.51,22.61,7239.49,83.55,4,14.48,Hydrogen,2160.46,0.0,0.0,0.0,9073913.05
Tanker,142511.79,30547.69,16.12,6654.38,93.09,2,15.14,Hydrogen,2092.18,0.0,0.0,0.0,8787147.2
Bulk Carrier,44216.44,15440.2,14.1,3435.25,57.47,4,12.51,Ammonia,462.02,0.0,0.0,8.59,214837.69
Container,70097.3,23764.76,15.88,1551.92,79.43,6,14.54,Methanol,560.89,753.42,0.0,8.93,167425.64
Container,57943.6,28196.77,15.71,5108.59,87.95,4,13.76,Methanol,2083.16,2798.2,0.0,33.16,621823.13
Container,114088.89,50809.48,23.21,3608.91,46.37,8,12.52,Ammonia,1082.71,0.0,0.0,20.14,503462.1
Tanker,117539.7,42686.2,16.56,1473.77,72.11,3,14.2,HFO,637.57,1983.8,51.26,128.15,217859.27
Bulk Carrier,80684.0,22852.02,15.43,6907.11,96.5,3,14.97,VLSFO,1899.73,5654.74,38.94,350.5,934667.75
Container,138315.13,46092.68,22.26,4912.6,42.6,1,12.59,HFO,965.32,3003.58,77.61,194.03,329850.09
Tanker,153024.95,20348.7,14.67,11149.16,43.09,3,11.83,Hydrogen,1606.78,0.0,0.0,0.0,6748455.42
Tanker,161190.85,24933.47,12.89,5037.91,58.98,3,12.6,Hydrogen,1252.9,0.0,0.0,0.0,5262184.89
Bulk Carrier,85230.47,15502.36,12.21,3404.17,97.87,6,14.64,HFO,942.38,2932.2,75.77,189.42,322011.55
Container,109564.0,27092.18,23.67,10850.02,69.03,3,13.0,VLSFO,1905.25,5671.17,39.06,351.52,937383.3
Tanker,86829.55,29623.14,14.89,3654.44,90.41,1,14.62,VLSFO,1290.34,3840.83,26.45,238.07,634848.75
Tanker,171005.23,33013.84,15.06,10971.04,32.22,6,11.85,Ammonia,2508.3,0.0,0.0,46.65,1166360.15
Tanker,190902.29,15535.02,15.74,11129.61,77.42,2,14.54,Ammonia,1623.82,0.0,0.0,30.2,755075.56
Bulk Carrier,93573.58,12202.76,14.27,1462.22,98.82,5,15.17,Methanol,325.26,436.91,0.0,5.18,97091.29
Bulk Carrier,79176.06,14378.04,15.52,3507.45,39.65,6,11.68,Hydrogen,402.62,0.0,0.0,0.0,1691020.65
Container,64429.79,24840.77,19.73,1457.26,58.2,2,13.2,HFO,240.49,748.29,19.34,48.34,82177.01
Tanker,126407.19,27695.56,14.67,10639.46,73.96,6,13.18,Hydrogen,3599.25,0.0,0.0,0.0,15116847.78
Bulk Carrier,92312.06,12784.39,11.96,5188.17,91.81,4,14.33,VLSFO,1082.38,3221.81,22.19,199.7,532530.55
Bulk Carrier,31920.99,10977.83,13.59,1561.35,89.32,6,14.21,VLSFO,264.35,786.88,5.42,48.77,130062.4
Container,132823.08,22427.81,14.78,10790.38,45.21,4,11.83,Methanol,2333.04,3133.86,0.0,37.14,696413.42
Bulk Carrier,91266.25,8157.71,11.48,4865.03,93.57,5,14.29,Methanol,773.67,1039.23,0.0,12.32,230939.11
Container,145238.18,44733.91,14.28,11320.58,52.14,3,13.13,VLSFO,4435.68,13203.24,90.93,818.38,2182353.64
Bulk Carrier,63573.62,11787.61,11.47,1544.59,39.18,5,11.4,Ammonia,163.85,0.0,0.0,3.05,76190.54
Bulk Carrier,84326.11,21286.01,12.41,10977.05,35.72,2,12.26,Ammonia,1700.2,0.0,0.0,31.62,790594.43
Tanker,125306.1,34636.08,15.05,7051.07,40.43,4,12.25,Ammonia,1766.41,0.0,0.0,32.86,821381.19
Container,58386.37,22519.38,14.48,11542.29,75.99,7,13.26,VLSFO,3495.22,10403.88,71.65,644.87,1719650.03
Container,113603.13,57962.82,19.93,3400.34,80.55,3,13.62,VLSFO,1803.63,5368.7,36.97,332.77,887387.76
Tanker,183749.61,35177.14,15.0,1442.37,100.0,4,15.53,HFO,675.56,2101.98,54.31,135.79,230837.62
Container,57803.61,33816.85,20.88,3512.62,67.6,3,13.83,VLSFO,882.0,2625.36,18.08,162.73,433944.17
Bulk Carrier,50551.69,21196.86,12.15,1464.09,87.72,7,14.54,HFO,602.71,1875.31,48.46,121.14,205945.2
Tanker,199168.63,37573.56,13.34,11058.72,89.75,3,14.03,Hydrogen,5433.85,0.0,0.0,0.0,22822190.37
Bulk Carrier,59421.27,11883.74,11.74,1508.31,96.29,5,15.25,Hydrogen,297.5,0.0,0.0,0.0,1249486.54
Tanker,193617.79,19034.08,12.52,7028.54,31.47,4,11.89,Hydrogen,976.71,0.0,0.0,0.0,4102177.89
Container,56892.26,41188.09,17.49,1480.13,98.75,4,15.26,Ammonia,650.1,0.0,0.0,12.09,302296.22
Bulk Carrier,37721.51,9767.51,12.79,7261.18,46.79,6,12.03,Methanol,841.03,1129.72,0.0,13.39,251048.21
Container,59141.11,51953.42,15.8,10987.1,95.44,2,15.5,Hydrogen,6545.82,0.0,0.0,0.0,27492451.11
Bulk Carrier,41361.5,15286.76,15.87,11061.21,73.12,7,14.08,HFO,1972.29,6136.75,158.57,396.43,673932.66
Tanker,120212.47,43332.21,12.97,5103.41,52.67,3,12.01,Methanol,2421.23,3252.32,0.0,38.55,722736.72
Container,127900.63,22345.59,16.61,5220.73,82.56,4,14.1,Ammonia,1221.47,0.0,0.0,22.72,567983.19
Tanker,106865.44,16011.82,12.15,1459.26,74.99,6,14.42,VLSFO,339.26,1009.85,6.95,62.59,166917.48
Bulk Carrier,93162.91,8197.97,12.68,5004.48,71.89,6,14.05,HFO,587.87,1829.15,47.26,118.16,200875.87
Bulk Carrier,66293.62,15771.89,13.67,1533.27,59.62,3,12.64,VLSFO,250.28,744.99,5.13,46.18,123138.7
Tanker,198757.31,16639.24,12.23,6860.17,71.08,5,12.96,HFO,1709.88,5320.25,137.47,343.69,584265.65
Bulk Carrier,48738.45,16388.09,14.5,6655.25,51.81,4,13.09,Ammonia,929.2,0.0,0.0,17.28,432076.64
Bulk Carrier,88970.06,11762.26,15.55,4753.72,97.11,3,15.28,Hydrogen,627.15,0.0,0.0,0.0,2634023.81
Container,88748.35,43695.7,17.42,10934.3,49.44,3,12.08,Hydrogen,3370.69,0.0,0.0,0.0,14156885.73
Tanker,102977.24,41813.25,12.4,5229.58,52.91,4,12.99,HFO,2294.37,7138.88,184.47,461.17,783985.44
Bulk Carrier,93534.14,15084.51,12.77,5045.05,69.92,3,13.51,VLSFO,877.07,2610.7,17.98,161.82,431520.46
Tanker,84641.09,40649.29,14.08,5020.04,49.93,5,12.04,VLSFO,1843.42,5487.11,37.79,340.11,906960.97
Container,62441.56,29304.17,19.06,3620.9,47.23,5,11.94,Methanol,791.65,1063.39,0.0,12.6,236307.92
Bulk Carrier,62055.68,18741.23,15.95,11437.93,45.0,2,12.78,Hydrogen,1367.18,0.0,0.0,0.0,5742147.78
Bulk Carrier,98804.39,8932.57,12.65,10781.41,90.19,7,13.84,Methanol,2025.14,2720.27,0.0,32.24,604503.38
Container,90292.69,44409.32,23.72,1492.27,55.52,4,12.82,LNG,345.74,942.66,0.0,16.8,176433.03
Container,139430.25,35599.39,23.21,1453.86,53.79,6,13.21,Hydrogen,329.08,0.0,0.0,0.0,1382118.48
Container,66080.34,25695.3,23.27,10486.66,54.9,2,13.1,Hydrogen,1314.89,0.0,0.0,0.0,5522543.69
Tanker,104420.36,16857.66,12.11,10647.07,86.09,4,14.72,HFO,2705.51,8418.14,217.52,543.81,924472.67
Container,118049.06,31745.18,19.8,6716.28,62.36,4,13.59,LNG,1362.3,3714.26,0.0,66.21,695182.75
Container,113867.59,49882.07,15.71,6952.78,63.25,3,12.69,Methanol,3538.2,4752.69,0.0,56.33,1056152.92
Tanker,94522.47,40312.14,12.31,3433.26,94.66,8,15.37,VLSFO,2823.35,8403.98,57.88,520.91,1389087.26
Container,57521.7,44812.64,16.67,1433.74,77.02,6,14.24,Hydrogen,735.73,0.0,0.0,0.0,3090059.88
Bulk Carrier,98088.84,18203.22,13.11,1532.27,82.82,4,13.68,HFO,388.39,1208.47,31.23,78.07,132713.21
Container,78377.47,25852.79,23.19,6960.93,64.28,4,13.47,Hydrogen,1153.41,0.0,0.0,0.0,4844312.42
Container,143452.64,43837.88,15.41,3493.82,48.79,4,12.59,Hydrogen,1175.63,0.0,0.0,0.0,4937645.88
Bulk Carrier,73732.09,9203.72,14.16,4914.36,77.12,6,13.19,LNG,520.28,1418.53,0.0,25.29,265501.19
Container,55034.2,29066.28,18.48,3667.38,86.43,4,14.0,VLSFO,1133.89,3375.14,23.24,209.2,557874.79
Tanker,185253.71,16185.57,13.35,7148.48,94.23,4,15.19,VLSFO,1791.46,5332.47,36.72,330.52,881399.98
Tanker,146099.73,25257.57,16.03,5248.89,41.08,4,12.48,Ammonia,825.09,0.0,0.0,15.35,383668.31
Bulk Carrier,77301.79,17162.46,14.0,6666.07,86.64,2,13.8,Ammonia,1379.36,0.0,0.0,25.66,641404.33
Container,82286.18,54328.43,14.44,6795.83,94.26,5,14.9,VLSFO,5509.47,16399.5,112.94,1016.5,2710660.83
Tanker,149198.95,31416.65,12.31,4940.25,34.49,3,11.92,Ammonia,1071.92,0.0,0.0,19.94,498444.05
Tanker,119565.36,15925.83,14.98,1495.32,99.82,4,14.73,HFO,351.78,1094.57,28.28,70.71,120204.18
Bulk Carrier,30090.85,22952.82,11.37,3619.17,82.7,2,14.78,Hydrogen,1154.94,0.0,0.0,0.0,4850750.0
Bulk Carrier,81656.17,24762.4,13.87,7290.51,58.06,4,12.72,Ammonia,1725.4,0.0,0.0,32.09,802312.05
Tanker,118758.87,16748.51,12.46,1508.03,32.08,2,11.75,Methanol,189.77,254.9,0.0,3.02,56645.31
Container,51781.34,53490.42,17.12,3347.62,79.63,3,14.53,Methanol,2003.43,2691.1,0.0,31.89,598022.41
Container,102206.58,43684.12,17.73,4891.51,96.01,5,14.56,Hydrogen,2579.26,0.0,0.0,0.0,10832897.96
Container,80144.73,28343.22,16.95,11252.23,39.15,3,12.45,VLSFO,1859.74,5535.71,38.12,343.12,914992.98
Tanker,123932.51,27305.04,16.18,6988.19,74.47,4,14.18,Ammonia,1787.99,0.0,0.0,33.26,831415.52
Tanker,149778.14,15464.96,12.7,6748.5,39.39,5,11.88,VLSFO,996.6,2966.48,20.43,183.87,490327.54
Container,140822.9,47395.51,22.65,3482.89,49.99,5,12.37,HFO,1043.99,3248.36,83.94,209.84,356732.31
Tanker,80082.62,26573.53,14.22,1540.09,89.2,5,14.49,VLSFO,594.41,1769.32,12.19,109.67,292449.42
Container,102260.5,22931.53,23.59,1487.7,75.93,3,13.28,VLSFO,246.53,733.82,5.05,45.48,121292.65
Container,100186.8,56421.36,23.62,10637.01,88.02,3,14.51,Hydrogen,4279.75,0.0,0.0,0.0,17974932.66
Tanker,87645.1,15084.26,15.76,10715.31,78.78,3,14.23,VLSFO,1791.62,5332.94,36.73,330.55,881477.36
Bulk Carrier,98949.9,20992.48,14.56,1482.97,62.57,3,13.68,LNG,290.13,791.02,0.0,14.1,148052.33
Tanker,148880.32,24132.69,14.47,7098.47,30.01,3,11.58,Methanol,1123.81,1509.56,0.0,17.89,335457.31
Bulk Carrier,65755.0,16392.76,11.9,4948.08,87.16,4,14.5,Methanol,1343.1,1804.11,0.0,21.38,400914.27
Tanker,111613.03,29395.64,14.36,3441.7,66.55,3,13.51,VLSFO,1026.51,3055.52,21.04,189.39,505045.29
Bulk Carrier,33868.77,8640.13,12.65,4781.47,55.29,6,12.25,VLSFO,469.44,1397.34,9.62,86.61,230966.02
Container,95655.11,31195.18,17.65,6720.15,77.65,6,13.55,VLSFO,2244.69,6681.55,46.02,414.15,1104388.75
Tanker,145104.78,18875.31,15.31,11393.53,67.84,4,13.07,Methanol,2617.71,3516.24,0.0,41.67,781386.57
Tanker,110712.41,29563.98,16.5,1426.18,58.67,1,12.53,LNG,271.4,739.96,0.0,13.19,138494.36
Tanker,165662.2,24571.68,15.22,4813.84,82.94,3,14.84,Hydrogen,1222.14,0.0,0.0,0.0,5132989.39
Container,94164.65,25128.6,23.77,7118.53,62.54,1,12.66,HFO,989.79,3079.72,79.58,198.95,338211.66
Bulk Carrier,34800.8,14770.41,11.93,1503.94,94.88,6,14.93,Ammonia,379.11,0.0,0.0,7.05,176284.39
Tanker,180876.37,19887.5,15.7,1495.11,55.98,4,12.76,Methanol,271.33,364.46,0.0,4.32,80991.17
Tanker,93994.07,39056.59,13.4,10542.85,81.55,3,14.58,Methanol,5978.07,8030.04,0.0,95.17,1784452.91
Tanker,181324.3,20719.56,12.01,1546.36,56.46,3,13.0,Hydrogen,322.12,0.0,0.0,0.0,1352914.79
Tanker,99469.24,26379.06,13.02,6978.14,39.34,4,12.13,HFO,1633.03,5081.14,131.3,328.24,558006.26
Tanker,120909.24,36313.73,13.72,3602.96,48.02,5,12.02,LNG,1171.99,3195.39,0.0,56.96,598068.09
Bulk Carrier,78082.5,14945.3,13.9,1463.82,50.35,5,13.03,Methanol,240.79,323.44,0.0,3.83,71876.27
Tanker,114396.99,37931.36,12.56,4977.34,73.97,4,13.51,Ammonia,2471.41,0.0,0.0,45.97,1149204.7
Container,72377.29,38216.64,15.79,4955.86,34.19,3,11.93,HFO,1139.53,3545.63,91.62,229.05,389378.0
Container,96185.64,55079.9,18.12,3452.54,82.62,4,14.08,Methanol,2018.05,2710.75,0.0,32.13,602388.55
Container,57619.09,22793.35,17.1,1471.46,34.46,3,11.51,Hydrogen,173.82,0.0,0.0,0.0,730023.05
Tanker,151360.99,23689.62,14.39,10471.96,54.48,7,12.64,Methanol,2878.93,3867.12,0.0,45.83,859361.09
Container,117433.72,23566.5,21.52,10724.82,49.16,3,12.43,Hydrogen,1262.16,0.0,0.0,0.0,5301061.66
Container,125571.36,32469.33,23.74,3484.77,34.42,4,11.84,VLSFO,505.36,1504.25,10.36,93.24,248635.94
Container,60267.83,21459.07,19.93,3620.9,52.94,5,12.86,LNG,465.95,1270.39,0.0,22.65,237773.25
Tanker,88196.18,31297.0,14.81,10457.15,31.97,5,11.79,HFO,2335.16,7265.82,187.75,469.37,797925.68
Bulk Carrier,60201.44,14281.78,11.77,3641.74,45.1,4,12.07,Methanol,545.86,733.23,0.0,8.69,162939.45
Tanker,92384.61,16484.5,15.21,10776.07,76.22,4,14.17,LNG,1659.32,4524.06,0.0,80.64,846749.32
Bulk Carrier,74479.85,20430.37,15.1,1500.81,77.66,4,13.26,LNG,334.94,913.19,0.0,16.28,170917.34
Container,81923.47,43519.38,20.76,1483.39,56.71,3,12.32,LNG,366.79,1000.04,0.0,17.83,187173.41
Bulk Carrier,60826.46,24482.88,15.1,3575.06,88.02,4,14.24,LNG,933.73,2545.78,0.0,45.38,476482.69
Tanker,95672.95,37784.51,12.1,6832.65,88.91,3,14.47,VLSFO,3851.61,11464.7,78.96,710.62,1894992.41
Tanker,104751.44,43187.91,16.98,6784.33,39.95,5,12.01,Methanol,2316.26,3111.32,0.0,36.87,691404.62
Container,126957.63,40918.43,14.86,1499.85,83.61,2,14.51,VLSFO,690.69,2055.9,14.16,127.43,339818.15
Bulk Carrier,93878.36,14131.57,15.58,1460.51,88.45,2,14.83,Hydrogen,230.04,0.0,0.0,0.0,966147.44
Bulk Carrier,73262.54,8532.0,11.28,7076.33,43.84,3,12.02,VLSFO,612.55,1823.33,12.56,113.02,301376.96
Bulk Carrier,35241.96,10959.82,15.08,1543.26,81.88,4,13.4,Methanol,234.87,315.49,0.0,3.74,70108.41
Tanker,137879.16,41260.35,16.37,1445.8,53.81,3,13.32,HFO,467.67,1455.15,37.6,94.0,159803.15
Tanker,198592.57,36574.03,14.4,3325.32,60.28,6,13.47,LNG,1287.94,3511.52,0.0,62.59,657237.05
Container,62119.28,58392.34,22.87,1441.57,56.6,8,13.1,Ammonia,588.89,0.0,0.0,10.95,273834.36
Container,135735.87,36243.39,18.83,10492.77,80.12,4,13.39,HFO,3560.12,11077.23,286.23,715.58,1216491.34
Tanker,135787.58,34271.09,14.01,4984.73,63.64,5,13.38,Hydrogen,1994.41,0.0,0.0,0.0,8376525.06
Tanker,167201.37,15584.61,14.26,3331.39,49.58,2,12.54,Hydrogen,393.76,0.0,0.0,0.0,1653789.13
Container,84478.75,31322.12,15.33,4969.52,66.92,4,13.82,VLSFO,1629.18,4849.41,33.4,300.58,801555.0
Bulk Carrier,76054.12,21342.74,15.39,1545.65,89.24,4,13.85,Hydrogen,365.4,0.0,0.0,0.0,1534681.22
Tanker,191406.64,22909.16,13.0,4793.49,44.16,4,11.71,Ammonia,974.8,0.0,0.0,18.13,453280.43
Container,59403.05,51674.63,18.94,6958.32,65.0,5,12.98,VLSFO,2888.15,8596.87,59.21,532.86,1420970.83
Tanker,104792.28,36493.73,13.96,1520.5,57.22,2,12.48,HFO,516.13,1605.94,41.5,103.74,176362.9
Container,70596.74,53150.45,17.84,11444.56,33.04,5,11.33,Methanol,3950.29,5306.23,0.0,62.89,1179161.93
Container,148599.46,20627.57,16.72,5236.19,49.51,3,12.46,HFO,756.95,2355.23,60.86,152.15,258649.26
Tanker,81799.64,15276.18,12.17,10793.4,65.24,4,13.0,LNG,1963.71,5353.98,0.0,95.44,1002081.39
Bulk Carrier,54970.0,9789.43,12.76,1434.62,57.35,5,13.07,Methanol,177.81,238.84,0.0,2.83,53076.31
Tanker,170336.57,21563.94,13.9,10662.59,60.5,2,12.39,Hydrogen,2062.09,0.0,0.0,0.0,8660792.38
Bulk Carrier,65864.44,24597.89,12.32,6900.13,46.76,3,12.83,VLSFO,1638.08,4875.9,33.58,302.23,805934.69
Bulk Carrier,40901.16,11796.3,11.78,10947.94,49.27,3,12.64,HFO,1260.54,3922.16,101.35,253.37,430728.2
Container,115093.85,23739.04,14.28,3422.29,34.9,4,11.32,HFO,578.25,1799.21,46.49,116.23,197587.2
Bulk Carrier,84626.25,23359.35,15.93,4841.21,82.06,2,13.75,HFO,1188.17,3696.96,95.53,238.82,405997.19
Tanker,152575.5,17985.07,15.69,3379.86,69.73,4,13.57,Hydrogen,593.88,0.0,0.0,0.0,2494286.07
Bulk Carrier,62906.37,10799.15,13.91,7074.33,94.66,8,14.33,Ammonia,1297.99,0.0,0.0,24.14,603565.46
Bulk Carrier,89132.41,8917.09,11.69,1496.29,43.06,2,11.84,Ammonia,117.13,0.0,0.0,2.18,54464.03
Bulk Carrier,87244.69,18281.15,11.8,3595.77,90.42,1,14.21,LNG,850.35,2318.46,0.0,41.33,433935.84
Container,65931.45,44845.0,16.57,3480.07,83.78,3,14.27,VLSFO,1552.8,4622.05,31.83,286.49,763975.2
Tanker,107996.01,29766.99,13.81,11522.1,69.98,5,13.79,Methanol,4671.96,6275.61,0.0,74.38,1394579.98
Tanker,158670.68,19014.04,16.25,11394.28,83.89,6,14.7,Methanol,3057.3,4106.72,0.0,48.67,912603.88
Bulk Carrier,80953.37,17482.14,14.38,11006.5,42.5,5,12.47,HFO,1525.88,4747.74,122.68,306.7,521393.08
Bulk Carrier,66665.01,17506.88,12.66,4786.38,38.6,4,12.05,VLSFO,723.06,2152.25,14.82,133.4,355744.27
Bulk Carrier,49323.43,8501.85,12.24,3580.36,60.51,1,13.57,Methanol,385.59,517.94,0.0,6.14,115098.52
Bulk Carrier,93744.29,22115.32,12.52,4876.31,77.15,4,14.44,Ammonia,1449.16,0.0,0.0,26.95,673857.65
Tanker,185691.74,28245.67,15.14,5194.92,54.89,5,13.36,Hydrogen,1259.93,0.0,0.0,0.0,5291687.55
Container,53773.5,52576.79,23.72,6982.26,86.45,5,14.66,Ammonia,2981.14,0.0,0.0,55.45,1386231.84
Tanker,146451.62,36577.43,15.62,3428.26,90.38,2,15.13,Ammonia,1282.97,0.0,0.0,23.86,596581.45
Container,121487.47,33423.81,20.51,10624.37,39.93,3,11.93,LNG,1636.34,4461.41,0.0,79.53,835023.16
Bulk Carrier,84810.57,18948.17,15.11,3610.25,93.44,3,14.06,Ammonia,785.23,0.0,0.0,14.61,365132.46
Tanker,131231.51,32860.2,13.01,5196.91,89.02,4,14.66,HFO,2332.82,7258.53,187.56,468.9,797124.84
Bulk Carrier,61455.54,17050.5,12.0,6807.48,89.98,4,15.05,Hydrogen,1814.42,0.0,0.0,0.0,7620563.21
Bulk Carrier,38332.04,19450.18,12.16,10963.07,53.2,5,12.6,LNG,2256.95,6153.49,0.0,109.69,1151722.86
Bulk Carrier,71234.24,9894.54,12.74,7055.92,50.16,5,12.53,Hydrogen,753.95,0.0,0.0,0.0,3166578.94
Container,80480.47,44471.49,20.48,5131.06,65.06,6,13.35,VLSFO,1830.74,5449.37,37.53,337.77,900722.65
Tanker,151452.58,27703.24,16.25,6838.34,96.16,5,15.54,LNG,2112.11,5758.58,0.0,102.65,1077808.36
Bulk Carrier,88477.53,20306.88,14.55,5150.76,92.52,1,15.02,LNG,1138.41,3103.82,0.0,55.33,580929.67
Tanker,122775.3,39731.79,12.56,1499.83,91.9,3,15.19,Ammonia,843.46,0.0,0.0,15.69,392209.73
Tanker,158452.0,37319.11,16.75,6878.81,84.88,3,13.96,Methanol,2966.57,3984.84,0.0,47.23,885520.38
Tanker,149868.4,40070.36,15.63,6899.41,35.84,5,11.91,HFO,1957.38,6090.35,157.37,393.43,668836.65
Container,55781.72,41845.33,21.56,10673.22,96.33,7,14.95,LNG,4850.71,13225.26,0.0,235.74,2475316.7
Bulk Carrier,92072.62,23748.84,15.89,7158.91,90.46,5,13.85,HFO,2137.14,6649.68,171.83,429.57,730262.09
Container,69267.83,37473.99,22.19,6717.69,81.59,4,13.86,Hydrogen,1927.41,0.0,0.0,0.0,8095104.77
Tanker,90938.75,35328.99,14.19,1471.27,52.83,2,12.08,Hydrogen,418.16,0.0,0.0,0.0,1756283.92
Tanker,138342.62,27969.88,13.33,1464.28,80.97,3,14.39,VLSFO,524.62,1561.57,10.75,96.79,258111.09
Bulk Carrier,75648.38,18708.16,15.17,7335.69,72.99,3,14.0,HFO,1503.49,4678.07,120.88,302.2,513741.96
Bulk Carrier,91759.37,10277.2,12.4,3621.47,33.04,6,11.6,Methanol,366.03,491.67,0.0,5.83,109259.92
Container,68157.82,44794.43,20.58,6787.84,63.78,3,13.37,Hydrogen,2088.38,0.0,0.0,0.0,8771206.04
Container,146862.39,55023.95,21.11,10455.22,61.11,3,12.68,HFO,4070.48,12665.23,327.27,818.17,1390883.94
Bulk Carrier,52222.93,15587.2,13.29,4997.25,32.01,4,11.72,Ammonia,533.57,0.0,0.0,9.92,248109.69
Tanker,193445.23,42016.89,14.69,10695.96,49.12,2,12.14,HFO,3630.48,11296.18,291.89,729.73,1240536.47
Bulk Carrier,79166.68,18569.32,13.36,1514.66,52.44,3,13.16,LNG,241.38,658.12,0.0,11.73,123177.74
Container,56389.06,23872.91,14.74,11220.43,83.9,4,14.38,HFO,3229.47,10048.42,259.65,649.12,1103508.61
Container,91739.58,24266.31,18.01,11149.45,56.11,3,12.69,Ammonia,1977.17,0.0,0.0,36.78,919382.41
Tanker,180459.09,27183.11,13.43,1508.32,87.34,6,14.06,Hydrogen,608.31,0.0,0.0,0.0,2554882.87
Container,142006.8,40348.27,21.02,4795.77,55.85,2,13.09,Ammonia,1112.5,0.0,0.0,20.69,517313.27
Tanker,174133.42,39736.05,16.85,5238.29,43.33,3,12.03,Methanol,1561.61,2097.63,0.0,24.86,466140.24
Tanker,89975.75,38971.51,13.86,3669.09,63.67,5,13.54,Ammonia,1609.19,0.0,0.0,29.93,748274.57
Tanker,168919.83,27812.58,13.53,1552.11,87.32,3,15.01,Hydrogen,546.06,0.0,0.0,0.0,2293455.41
Bulk Carrier,61496.01,20797.43,12.42,3406.03,36.44,5,11.65,VLSFO,614.98,1830.56,12.61,113.46,302571.97
Bulk Carrier,66252.3,23386.86,11.32,6969.83,41.89,5,12.64,Methanol,1880.73,2526.29,0.0,29.94,561398.28
Bulk Carrier,56705.85,10951.5,11.49,5212.45,47.81,2,12.05,Ammonia,505.59,0.0,0.0,9.4,235097.1
Tanker,120063.67,31011.99,16.58,1488.93,40.21,3,12.23,VLSFO,296.97,883.95,6.09,54.79,146108.06
Tanker,109294.6,23658.9,12.7,3380.37,88.63,4,14.89,Hydrogen,1094.18,0.0,0.0,0.0,4595567.1
Bulk Carrier,80447.66,24684.16,11.05,4873.17,89.22,3,15.1,Methanol,2284.71,3068.93,0.0,36.37,681985.4
Bulk Carrier,86727.27,16030.53,14.19,5193.24,66.57,3,12.88,VLSFO,900.42,2680.2,18.46,166.13,443007.93
Container,143005.23,42292.98,20.93,1562.63,31.73,5,11.91,Hydrogen,272.3,0.0,0.0,0.0,1143672.93
Container,54324.51,36470.43,20.01,5246.52,81.22,5,14.58,Hydrogen,1708.07,0.0,0.0,0.0,7173908.72
Tanker,98608.22,18200.83,15.91,3407.07,37.01,4,12.26,LNG,351.77,959.09,0.0,17.1,179508.72
Container,114234.22,24184.69,17.74,4789.85,85.53,5,13.97,Hydrogen,1286.17,0.0,0.0,0.0,5401922.93
Container,115117.87,27206.6,23.12,4831.46,42.77,2,12.62,LNG,538.2,1467.37,0.0,26.16,274641.62
Tanker,193490.53,42343.55,13.75,10719.3,45.84,3,12.18,HFO,3756.68,11688.83,302.04,755.09,1283656.6
Tanker,184147.88,16749.66,15.32,10971.25,94.01,4,14.8,HFO,2370.8,7376.71,190.61,476.53,810103.81
Bulk Carrier,52804.26,23839.14,12.37,1488.15,63.72,6,13.27,Methanol,556.81,747.93,0.0,8.86,166207.28
Container,50900.7,59499.5,17.82,3473.29,82.04,4,14.75,VLSFO,2005.36,5969.15,41.11,369.99,986636.13
Container,73598.71,42732.4,17.78,10791.7,73.46,1,13.78,Hydrogen,3504.34,0.0,0.0,0.0,14718246.71
Tanker,97814.98,44962.43,12.37,1442.4,98.53,2,15.31,VLSFO,903.02,2687.92,18.51,166.61,444284.13
Bulk Carrier,76698.49,9128.85,11.96,1457.0,40.93,3,11.5,Ammonia,108.75,0.0,0.0,2.02,50567.23
Tanker,100418.17,33174.08,15.7,6782.29,83.55,3,13.78,VLSFO,2341.03,6968.31,47.99,431.92,1151786.47
Container,75628.53,57670.75,16.05,4928.61,91.11,5,14.98,Ammonia,3599.45,0.0,0.0,66.95,1673745.38
Container,99020.44,51896.41,18.46,10818.36,84.47,5,14.01,Ammonia,5431.86,0.0,0.0,101.03,2525816.97
Tanker,141907.99,20658.94,15.74,10482.57,46.17,8,11.87,Hydrogen,2077.17,0.0,0.0,0.0,8724108.69
Bulk Carrier,30108.63,22858.07,15.84,7012.08,62.85,5,12.62,Ammonia,1584.93,0.0,0.0,29.48,736993.58
Bulk Carrier,50019.25,8358.28,14.88,3506.41,53.52,4,12.94,Ammonia,271.7,0.0,0.0,5.05,126340.11
Container,83609.06,34710.4,21.07,6885.56,67.23,4,12.97,LNG,1572.25,4286.69,0.0,76.41,802321.61
Bulk Carrier,48271.17,9533.22,12.06,1439.98,31.55,3,11.45,Methanol,112.3,150.85,0.0,1.79,33521.74
Container,113443.47,22301.83,17.74,3438.01,31.57,3,11.46,Methanol,426.07,572.31,0.0,6.78,127180.94
Tanker,85043.72,25993.48,15.48,1513.81,58.95,3,13.59,HFO,343.88,1069.97,27.65,69.12,117503.67
Tanker,189198.89,43036.04,16.68,3490.74,37.95,4,11.54,Hydrogen,882.85,0.0,0.0,0.0,3707978.97
Bulk Carrier,31742.83,11115.95,14.04,10700.43,56.39,3,12.82,Methanol,1186.21,1593.38,0.0,18.88,354084.78
Container,51510.22,52557.64,16.01,5092.35,72.94,2,13.89,HFO,2777.12,8640.94,223.28,558.2,948940.56
Bulk Carrier,59801.76,21126.64,12.44,4773.37,47.16,4,12.26,VLSFO,980.37,2918.16,20.1,180.88,482340.46
Bulk Carrier,73756.5,16396.57,14.16,6998.61,88.88,4,14.56,Hydrogen,1517.59,0.0,0.0,0.0,6373892.55
Bulk Carrier,48728.54,13220.56,12.56,10594.04,32.65,4,11.82,HFO,1007.99,3136.33,81.04,202.61,344428.81
Container,137295.18,46489.18,16.95,7253.08,51.93,5,12.12,LNG,2660.71,7254.33,0.0,129.31,1357761.55
Bulk Carrier,63898.59,10959.92,14.16,6941.86,78.86,4,13.95,Methanol,1066.22,1432.2,0.0,16.97,318266.43
Bulk Carrier,68105.65,9728.22,14.79,10954.76,34.27,6,11.58,Hydrogen,734.52,0.0,0.0,0.0,3084982.42
Container,66911.94,24361.61,15.24,6949.41,60.39,3,12.43,VLSFO,1636.95,4872.54,33.56,302.02,805378.35
Bulk Carrier,96004.53,17887.81,12.17,10874.11,62.33,3,12.8,Ammonia,1993.4,0.0,0.0,37.08,926929.73
Bulk Carrier,62269.1,16832.58,14.58,10744.12,41.13,3,11.6,VLSFO,1283.7,3821.05,26.32,236.84,631578.71
Container,143939.16,52457.47,17.66,1467.81,95.86,1,14.75,HFO,779.11,2424.18,62.64,156.6,266221.66
Bulk Carrier,79653.59,23647.1,15.76,1526.0,48.75,4,12.9,Hydrogen,279.31,0.0,0.0,0.0,1173119.37
Bulk Carrier,76959.33,23279.83,11.7,4937.41,50.95,4,12.0,LNG,1169.85,3189.55,0.0,56.85,596974.28
Tanker,104627.2,32651.1,15.25,10584.49,67.9,5,13.57,HFO,3579.32,11136.99,287.78,719.44,1223054.68
Container,110362.56,48915.05,23.66,1534.36,76.84,2,14.48,Ammonia,442.9,0.0,0.0,8.24,205949.12
Container,136951.11,38589.54,14.79,3588.41,33.89,5,11.74,Ammonia,893.25,0.0,0.0,16.61,415361.14
Tanker,124647.59,44147.84,12.15,6751.44,97.49,5,14.5,Hydrogen,4766.03,0.0,0.0,0.0,20017311.38
Tanker,93525.09,39690.67,13.25,11352.02,92.96,4,14.29,Hydrogen,6051.29,0.0,0.0,0.0,25415403.28
Tanker,103512.64,17633.41,12.39,5089.29,66.62,4,13.69,VLSFO,1169.17,3480.16,23.97,215.71,575233.57
Bulk Carrier,84932.09,8067.47,15.33,4912.25,97.25,3,15.39,Methanol,588.58,790.61,0.0,9.37,175691.99
Container,98500.77,52138.95,18.4,11452.18,65.75,5,13.36,Hydrogen,4654.06,0.0,0.0,0.0,19547050.92
Bulk Carrier,90261.01,10325.65,15.46,10538.0,53.64,3,12.95,LNG,853.89,2328.1,0.0,41.5,435740.11
Tanker,161857.57,21751.18,14.77,6903.99,72.92,4,13.17,Ammonia,1631.34,0.0,0.0,30.34,758571.34
Container,111026.01,34417.82,16.41,3442.65,44.39,5,12.17,VLSFO,932.12,2774.54,19.11,171.98,458601.67
Tanker,171908.68,43376.35,15.32,11230.93,33.78,6,12.08,Ammonia,3150.02,0.0,0.0,58.59,1464757.25
Bulk Carrier,55430.39,17887.26,13.92,7117.93,91.6,3,14.39,LNG,1495.38,4077.08,0.0,72.68,763090.42
Bulk Carrier,85134.15,13011.72,13.65,7322.37,42.84,5,12.36,HFO,865.95,2694.39,69.62,174.06,295895.18
Tanker,129298.67,25020.3,13.91,4779.77,92.19,4,14.84,LNG,1505.9,4105.78,0.0,73.19,768462.32
Container,146357.51,58787.46,19.49,10558.37,80.91,5,14.55,Hydrogen,5902.65,0.0,0.0,0.0,24791110.56
Bulk Carrier,88212.59,11349.58,11.0,1458.1,34.41,7,11.25,HFO,175.48,546.02,14.11,35.27,59963.09
Tanker,128495.15,26987.08,15.74,3367.47,35.59,3,11.32,Methanol,628.55,844.3,0.0,10.01,187622.59
Tanker,90341.55,33535.89,15.73,1570.64,99.0,4,14.75,Ammonia,689.11,0.0,0.0,12.82,320435.94
Container,88037.23,36568.96,20.4,5004.35,59.5,6,12.83,Methanol,1618.17,2173.61,0.0,25.76,483024.68
Container,67406.22,24511.59,18.49,11050.57,98.55,3,15.23,LNG,2551.88,6957.6,0.0,124.02,1302224.82
Tanker,175794.21,16964.98,12.66,1505.32,97.33,2,15.17,HFO,403.61,1255.83,32.45,81.13,137914.45
Tanker,159452.53,31945.12,16.77,10905.82,75.05,3,13.3,LNG,3167.24,8635.35,0.0,153.93,1616242.69
Tanker,151570.94,33604.21,14.03,6842.61,53.52,4,13.26,Hydrogen,1972.05,0.0,0.0,0.0,8282614.92
Container,55894.53,51754.1,23.71,4840.06,39.77,5,12.56,Ammonia,1254.61,0.0,0.0,23.34,583394.04
Tanker,146534.36,41148.03,16.09,1448.63,93.82,4,14.45,LNG,633.74,1727.87,0.0,30.8,323397.66
Tanker,164000.62,24618.41,16.46,10860.04,56.35,4,12.56,HFO,2224.27,6920.78,178.83,447.08,760033.71
Container,103672.8,43972.33,22.78,5036.17,65.16,3,13.86,Hydrogen,1366.99,0.0,0.0,0.0,5741357.99
Tanker,135580.01,25049.93,14.42,4977.8,40.73,6,11.73,VLSFO,1105.38,3290.26,22.66,203.94,543844.78
Bulk Carrier,77507.45,14377.1,13.49,5172.66,98.88,5,15.21,VLSFO,1273.03,3789.31,26.1,234.87,626332.96
Bulk Carrier,88551.69,17735.67,14.55,7090.03,96.52,6,15.23,Hydrogen,1830.96,0.0,0.0,0.0,7690035.21
Bulk Carrier,31658.38,19916.17,12.27,7109.11,66.04,4,13.45,LNG,1622.1,4422.59,0.0,78.83,827757.89
Container,63011.05,53166.38,15.36,7049.33,61.69,3,13.54,Hydrogen,3053.33,0.0,0.0,0.0,12824003.98
Tanker,161313.53,19548.16,13.45,1425.18,36.42,3,11.28,VLSFO,207.77,618.44,4.26,38.33,102222.07
Container,102266.24,37720.04,19.9,3646.39,51.86,3,12.99,HFO,944.87,2939.94,75.97,189.92,322861.08
Tanker,124536.08,41753.08,14.91,1538.68,45.49,4,12.34,HFO,520.2,1618.58,41.82,104.56,177750.67
Tanker,197747.5,18025.91,13.64,3429.75,45.18,4,12.65,Ammonia,500.26,0.0,0.0,9.3,232620.0
Bulk Carrier,47429.67,10711.6,15.85,1515.5,43.22,4,12.41,Ammonia,110.59,0.0,0.0,2.06,51426.49
Container,67392.5,38110.13,16.99,11178.9,39.71,5,12.25,Ammonia,2660.82,0.0,0.0,49.49,1237282.95
Tanker,109602.19,37051.07,12.8,4875.39,52.21,5,12.31,VLSFO,1946.27,5793.27,39.9,359.09,957565.81
Container,141215.45,44798.35,15.39,4790.51,35.1,4,12.29,Hydrogen,1288.37,0.0,0.0,0.0,5411136.21
Tanker,135062.04,28928.64,16.02,3482.48,49.57,7,13.1,HFO,957.81,2980.2,77.01,192.52,327282.98
Container,80515.47,45237.31,19.63,5203.31,72.55,6,13.1,VLSFO,2171.6,6463.99,44.52,400.66,1068427.85
Bulk Carrier,80471.88,12945.34,13.95,4996.66,34.09,3,11.48,Ammonia,405.31,0.0,0.0,7.54,188471.2
Container,144126.74,49994.42,22.93,3508.65,59.26,3,12.74,VLSFO,1009.6,3005.19,20.7,186.27,496725.5
Container,98845.51,38599.31,23.76,7110.82,34.21,4,11.24,HFO,1097.83,3415.87,88.27,220.66,375127.59
Bulk Carrier,56225.11,19422.23,13.58,6775.91,91.32,5,14.22,VLSFO,2057.51,6124.4,42.18,379.61,1012297.12
Container,144480.29,42886.86,21.37,6939.33,65.26,8,12.76,Methanol,2966.33,3984.52,0.0,47.22,885448.65
Bulk Carrier,53592.55,11662.51,11.53,1531.3,30.51,4,11.3,Ammonia,122.39,0.0,0.0,2.28,56911.45
Tanker,142819.06,21960.81,14.99,4954.38,99.09,5,14.58,Ammonia,1453.95,0.0,0.0,27.04,676088.78
Container,75303.38,56612.23,23.08,3598.79,37.52,3,12.14,LNG,791.84,2158.91,0.0,38.48,404074.01
Bulk Carrier,51887.07,22855.36,13.02,10692.14,86.01,1,14.48,LNG,2764.33,7536.83,0.0,134.35,1410637.09
Tanker,120464.0,20208.18,15.62,7252.71,76.27,4,14.09,Methanol,1757.48,2360.73,0.0,27.98,524606.64
Bulk Carrier,67917.31,8236.26,14.41,7153.5,96.72,3,15.38,Hydrogen,724.22,0.0,0.0,0.0,3041741.83
Bulk Carrier,60806.85,14528.08,14.25,4840.42,78.39,3,14.59,VLSFO,859.55,2558.54,17.62,158.59,422899.46
Tanker,109159.23,20464.55,14.28,4941.39,45.16,4,12.54,Hydrogen,819.01,0.0,0.0,0.0,3439835.99
Tanker,195107.38,25331.4,14.41,4991.99,84.92,1,14.39,Methanol,1662.76,2233.5,0.0,26.47,496332.89
Tanker,154499.65,20033.78,16.44,6737.61,82.83,4,14.11,Hydrogen,1441.28,0.0,0.0,0.0,6053363.33
Container,79047.86,41534.99,19.35,1551.14,40.12,4,12.02,HFO,370.14,1151.67,29.76,74.4,126475.72
Bulk Carrier,98995.83,10486.93,13.74,3574.93,43.5,4,12.37,HFO,318.93,992.35,25.64,64.11,108979.35
Bulk Carrier,48238.75,14983.23,13.08,6880.46,69.4,4,13.09,Hydrogen,1260.49,0.0,0.0,0.0,5294053.83
Tanker,122408.0,40836.38,16.23,1557.78,78.75,6,13.96,HFO,805.55,2506.44,64.77,161.91,275255.41
Bulk Carrier,38738.7,18664.41,13.7,6702.44,85.8,4,14.92,VLSFO,1870.2,5566.83,38.34,345.05,920136.9
Bulk Carrier,68848.55,23032.47,15.77,1440.51,90.62,5,14.06,HFO,429.88,1337.57,34.56,86.41,146890.95
Container,93305.64,33886.16,19.97,6827.18,89.47,5,14.5,LNG,2172.78,5924.0,0.0,105.6,1108769.65
Tanker,173090.02,21718.63,13.47,11446.48,41.65,4,12.31,Methanol,2305.1,3096.33,0.0,36.7,688073.4
Container,129433.36,29352.81,21.58,7262.64,49.5,3,13.09,VLSFO,1190.93,3544.92,24.41,219.73,585936.52
Bulk Carrier,35476.63,20084.99,12.86,1533.22,36.2,4,11.55,Hydrogen,228.7,0.0,0.0,0.0,960530.34
Bulk Carrier,50553.23,10514.34,12.09,6702.0,88.23,5,13.85,Methanol,1307.93,1756.88,0.0,20.82,390418.24
Bulk Carrier,52481.01,24165.1,11.94,3335.97,74.66,4,13.2,Methanol,1281.44,1721.29,0.0,20.4,382508.96
Tanker,191508.31,38773.71,16.39,3377.21,41.95,4,11.51,HFO,984.88,3064.44,79.18,197.96,336534.34
Tanker,162824.86,17241.34,13.65,6857.75,61.3,2,13.48,Methanol,1273.92,1711.19,0.0,20.28,380264.93
Tanker,97636.05,23039.53,15.37,4813.2,45.54,5,12.14,Methanol,940.02,1262.68,0.0,14.97,280595.92
Tanker,138680.92,22952.84,12.79,7218.07,97.41,8,14.72,VLSFO,3117.48,9279.5,63.91,575.18,1533801.67
Tanker,188722.99,41796.59,15.98,7126.73,39.58,3,11.69,HFO,1831.09,5697.41,147.22,368.05,625684.83
Container,79624.57,22600.48,14.99,1503.64,74.77,4,13.54,VLSFO,367.33,1093.41,7.53,67.77,180728.57
Container,135094.56,20065.39,21.1,4750.23,89.23,3,14.06,Ammonia,759.81,0.0,0.0,14.13,353312.2
Tanker,171774.03,37017.56,13.43,10896.69,45.22,2,11.94,HFO,3126.73,9728.75,251.39,628.47,1068402.81
Tanker,113133.62,28717.42,15.27,6752.97,34.98,4,11.88,Hydrogen,1223.8,0.0,0.0,0.0,5139979.25
Tanker,157702.27,19930.11,14.58,1438.94,86.81,3,14.91,Ammonia,315.19,0.0,0.0,5.86,146561.69
Container,128851.24,38557.44,19.11,1530.23,74.68,4,13.15,Methanol,627.33,842.67,0.0,9.99,187259.32
Tanker,144973.57,44871.07,12.19,11307.52,55.3,3,12.65,Hydrogen,5191.66,0.0,0.0,0.0,21804962.88
Tanker,195007.17,36346.14,13.04,7242.86,80.49,3,14.43,LNG,2925.38,7975.92,0.0,142.17,1492819.79
Bulk Carrier,69236.29,21270.72,11.85,11059.48,90.88,4,14.73,Hydrogen,3456.89,0.0,0.0,0.0,14518929.9
Bulk Carrier,47791.43,22846.53,11.8,6918.83,97.52,7,14.59,LNG,2835.28,7730.28,0.0,137.79,1446844.62
Bulk Carrier,77261.52,23750.46,11.28,7070.19,99.96,4,14.38,HFO,3252.32,10119.54,261.49,653.72,1111318.63
Tanker,186388.56,23327.49,12.83,11073.02,33.11,4,11.6,HFO,1875.47,5835.5,150.79,376.97,640849.08
Container,109669.22,23304.73,21.99,3361.39,92.38,3,14.29,Hydrogen,584.52,0.0,0.0,0.0,2454981.5
Tanker,85052.69,31809.9,14.06,6789.05,87.92,4,13.89,LNG,2507.83,6837.49,0.0,121.88,1279744.45
Container,125616.26,28901.31,21.76,3529.54,78.06,2,13.79,Hydrogen,696.64,0.0,0.0,0.0,2925895.94
Container,65670.0,23305.54,23.32,7296.3,50.43,5,12.39,HFO,948.96,2952.66,76.3,190.74,324258.23
Container,114471.74,39350.4,22.46,10495.8,45.64,5,12.86,Hydrogen,2223.8,0.0,0.0,0.0,9339980.86
Tanker,167352.58,16319.54,16.49,7286.02,67.43,2,13.04,Hydrogen,1013.72,0.0,0.0,0.0,4257626.43
Bulk Carrier,95040.77,15851.97,14.77,3647.19,50.56,5,12.64,Hydrogen,540.24,0.0,0.0,0.0,2269010.83
Container,108602.96,46919.34,20.49,11447.72,77.34,3,13.94,VLSFO,4394.02,13079.25,90.08,810.7,2161859.04
Bulk Carrier,66876.32,22271.92,11.74,1453.79,50.71,4,12.15,Ammonia,333.9,0.0,0.0,6.21,155263.76
Container,144728.02,20151.8,18.6,1496.21,78.87,3,14.4,HFO,278.45,866.39,22.39,55.97,95145.73
Tanker,128853.96,27099.54,13.59,10897.14,82.8,2,13.73,LNG,3206.79,8743.18,0.0,155.85,1636424.06
Bulk Carrier,35533.96,14538.49,12.5,3457.59,89.13,3,13.77,Hydrogen,659.41,0.0,0.0,0.0,2769510.15
Bulk Carrier,33714.02,23255.91,12.39,3515.41,49.46,5,12.49,Ammonia,880.68,0.0,0.0,16.38,409516.19
Container,105505.64,59527.89,22.3,11049.25,44.73,2,12.14,LNG,2678.33,7302.35,0.0,130.17,1366749.97
Bulk Carrier,38176.58,10931.53,11.97,4813.58,70.14,5,12.98,Methanol,860.33,1155.64,0.0,13.7,256809.79
Tanker,88515.56,30417.38,14.89,3519.29,38.65,4,11.48,HFO,764.14,2377.6,61.44,153.59,261106.27
Container,132111.92,35473.41,22.59,5010.3,95.24,2,14.77,Hydrogen,1484.52,0.0,0.0,0.0,6234967.41
Bulk Carrier,58093.19,15245.08,12.93,7193.86,91.67,4,14.39,Ammonia,1608.15,0.0,0.0,29.91,747789.02
Bulk Carrier,87643.89,15838.55,12.06,11197.91,32.69,3,11.92,Ammonia,1180.06,0.0,0.0,21.95,548729.12
Tanker,137506.94,34565.07,16.52,5207.45,45.01,4,12.29,Methanol,1419.06,1906.15,0.0,22.59,423589.56
Bulk Carrier,91035.14,24531.91,11.38,6912.58,57.71,4,13.16,Methanol,2454.71,3297.28,0.0,39.08,732729.67
Tanker,176031.06,41708.07,13.44,6655.28,56.6,7,13.25,Ammonia,3111.61,0.0,0.0,57.88,1446900.04
Container,64926.08,57887.49,19.98,1428.54,68.49,3,13.74,LNG,581.26,1584.79,0.0,28.25,296617.96
Bulk Carrier,79941.99,20491.27,15.07,4959.05,63.75,5,13.16,Ammonia,1077.22,0.0,0.0,20.04,500905.61
Tanker,142656.39,20325.49,14.83,7215.51,70.98,5,14.01,Methanol,1949.69,2618.92,0.0,31.04,581982.39
Tanker,194861.84,29548.73,13.39,6668.56,52.18,3,12.83,VLSFO,2041.09,6075.51,41.84,376.58,1004216.62
Bulk Carrier,68304.11,13214.69,14.76,4871.03,48.03,4,12.16,HFO,525.44,1634.9,42.25,105.61,179543.52
Container,51578.07,29032.78,20.21,3590.96,76.11,8,13.44,HFO,1180.53,3673.2,94.91,237.29,403387.85
Container,55607.05,45477.46,14.65,7272.74,75.86,4,13.17,Methanol,4689.56,6299.25,0.0,74.66,1399833.28
Container,122400.81,58873.94,22.6,4910.86,91.07,1,14.05,HFO,2209.98,6876.29,177.68,444.21,755148.56
Tanker,123082.09,32574.66,15.38,6840.08,87.41,2,14.2,Hydrogen,2511.12,0.0,0.0,0.0,10546688.54
Bulk Carrier,88544.01,15914.01,12.68,1514.81,43.38,4,12.06,LNG,196.42,535.54,0.0,9.55,100234.28
Container,71316.3,32833.43,18.84,1570.23,70.84,3,14.1,Hydrogen,403.22,0.0,0.0,0.0,1693531.29
Tanker,88904.92,19460.61,13.49,11464.45,72.91,4,13.79,Hydrogen,2523.5,0.0,0.0,0.0,10598700.34
Tanker,146362.65,27713.33,16.93,4788.28,94.09,6,14.78,HFO,1799.9,5600.35,144.71,361.78,615025.15
Bulk Carrier,54257.72,24441.72,11.95,3495.01,77.85,3,13.7,VLSFO,1117.57,3326.55,22.91,206.19,549842.63
Container,108760.39,22009.24,17.81,10598.53,99.47,4,15.6,Ammonia,2441.96,0.0,0.0,45.42,1135513.11
Tanker,110640.8,20131.85,12.96,7108.93,94.55,4,14.2,LNG,2023.58,5517.22,0.0,98.35,1032634.9
Bulk Carrier,82095.65,19739.51,12.16,4824.18,60.61,2,12.7,HFO,994.11,3093.16,79.93,199.82,339688.26
Bulk Carrier,79749.25,11282.9,15.43,10793.89,42.82,4,11.87,VLSFO,894.06,2661.25,18.33,164.95,439876.01
Container,142414.44,51496.69,17.83,11155.65,46.11,5,12.47,HFO,3952.28,12297.44,317.76,794.41,1350493.7
Tanker,173127.62,39561.63,16.92,7009.5,94.22,4,14.62,Hydrogen,3088.49,0.0,0.0,0.0,12971674.62
Bulk Carrier,91930.17,9158.35,14.11,5084.5,92.66,3,15.32,VLSFO,624.88,1860.03,12.81,115.29,307442.84
Bulk Carrier,76346.51,19685.15,15.87,10651.48,77.4,4,13.73,LNG,2076.24,5660.8,0.0,100.91,1059507.38
Container,86327.3,27574.88,18.13,6828.21,82.32,1,14.02,LNG,1539.43,4197.19,0.0,74.82,785570.41
Bulk Carrier,75281.31,22573.07,12.58,1482.4,78.12,3,13.77,HFO,448.96,1396.92,36.1,90.24,153408.52
Bulk Carrier,39996.62,8536.84,12.34,1460.06,52.45,4,12.91,LNG,112.69,307.24,0.0,5.48,57505.03
Tanker,104328.66,36379.69,14.46,7007.53,33.67,5,12.21,VLSFO,1835.81,5464.49,37.63,338.71,903220.82
Bulk Carrier,36376.65,24925.5,13.19,5160.69,83.43,3,14.68,Ammonia,1500.62,0.0,0.0,27.91,697787.5
Container,66414.28,36245.13,18.06,5110.22,84.69,2,14.16,VLSFO,1672.05,4977.04,34.28,308.49,822650.98
Bulk Carrier,71487.39,24717.07,11.37,5135.63,87.23,3,14.01,Ammonia,1883.74,0.0,0.0,35.04,875939.59
Container,128559.4,52969.94,21.79,3525.77,30.75,3,11.4,Hydrogen,723.78,0.0,0.0,0.0,3039864.06
Tanker,188027.1,33309.54,15.16,5112.17,63.61,6,13.58,LNG,1637.5,4464.58,0.0,79.58,835616.4
Bulk Carrier,72401.15,16912.92,14.71,6944.8,68.7,5,13.52,LNG,1173.68,3199.98,0.0,57.04,598927.25
Tanker,179982.97,41185.29,13.17,1556.34,62.53,5,13.26,Ammonia,718.23,0.0,0.0,13.36,333978.36
Bulk Carrier,60875.24,16731.45,13.63,11241.94,91.52,2,14.11,Hydrogen,2272.01,0.0,0.0,0.0,9542427.46
Container,112873.48,54652.79,17.98,3673.13,65.34,4,13.87,Methanol,1949.12,2618.15,0.0,31.03,581811.02
Tanker,111344.45,16183.08,15.78,1517.65,43.51,5,12.42,HFO,205.75,640.2,16.54,41.36,70306.36
Container,103080.59,32511.89,16.34,1504.67,30.45,5,11.42,Ammonia,282.27,0.0,0.0,5.25,131255.38
Tanker,99156.58,39025.51,14.3,5134.2,62.63,7,13.7,Hydrogen,2290.69,0.0,0.0,0.0,9620907.94
Container,113654.84,22096.38,17.16,7151.73,96.24,5,14.64,LNG,1737.08,4736.09,0.0,84.42,886434.16
Bulk Carrier,37572.81,8595.26,13.37,10466.44,90.08,4,14.73,HFO,1264.58,3934.71,101.67,254.18,432106.28
Tanker,165191.8,32330.4,13.67,4928.13,68.41,3,13.97,Ammonia,1846.47,0.0,0.0,34.34,858607.4
Container,121726.97,45701.57,19.21,3663.97,72.89,7,13.72,VLSFO,1649.27,4909.23,33.81,304.29,811442.35
Bulk Carrier,81574.37,12665.61,15.8,10507.61,64.94,4,13.87,HFO,1265.81,3938.56,101.77,254.43,432528.88
Bulk Carrier,32445.36,9093.79,12.08,3417.15,68.82,4,13.98,Ammonia,382.12,0.0,0.0,7.11,177684.85
Container,74195.95,28530.26,19.35,3444.66,37.07,5,11.79,Methanol,662.55,889.97,0.0,10.55,197772.13
Container,146946.85,26146.42,23.2,6667.95,49.73,3,12.61,LNG,870.93,2374.57,0.0,42.33,444437.83
Container,147374.89,26828.47,20.6,1497.86,64.21,6,12.99,LNG,290.75,792.71,0.0,14.13,148368.63
Container,85132.83,20927.71,16.63,11353.11,76.7,4,14.07,HFO,2304.92,7171.72,185.32,463.29,787592.17
Tanker,177860.14,43074.51,13.06,6979.24,84.31,4,14.15,Ammonia,4371.61,0.0,0.0,81.31,2032798.11
Tanker,99178.72,27463.7,16.59,1537.19,66.89,6,14.01,LNG,396.94,1082.23,0.0,19.29,202556.3
Container,56543.55,29697.78,15.96,5009.16,70.09,4,14.03,VLSFO,1500.43,4466.19,30.76,276.83,738213.52
Bulk Carrier,35871.85,22963.5,15.36,7044.68,99.47,1,15.72,Methanol,2133.15,2865.36,0.0,33.96,636746.27
Container,123750.6,20429.57,22.49,11199.71,35.47,3,12.06,VLSFO,907.05,2699.92,18.59,167.35,446268.55
Tanker,153578.73,29888.09,16.76,11204.23,95.62,3,14.44,VLSFO,3638.23,10829.57,74.58,671.25,1790011.05
Bulk Carrier,81116.23,17213.41,11.48,10885.09,35.84,4,12.26,HFO,1649.45,5132.23,132.62,331.54,563616.78
Bulk Carrier,39922.12,19368.2,12.71,7118.46,77.02,5,13.71,LNG,1811.92,4940.12,0.0,88.06,924621.0
Bulk Carrier,30265.35,9358.24,11.58,7034.51,53.34,5,12.59,Ammonia,767.78,0.0,0.0,14.28,357016.09
Container,106472.05,30105.33,19.0,10719.86,77.58,3,14.4,VLSFO,2677.06,7968.55,54.88,493.92,1317115.36
Bulk Carrier,52372.14,10123.06,12.08,3326.42,53.5,3,12.06,HFO,341.86,1063.7,27.49,68.71,116814.12
Tanker,91254.91,33152.8,15.69,1508.52,36.57,3,11.44,LNG,263.89,719.49,0.0,12.83,134663.25
Tanker,187052.62,16729.55,15.46,1480.83,87.84,3,14.24,LNG,261.45,712.83,0.0,12.71,133416.83
Container,105954.91,40437.89,22.16,10899.19,51.68,3,13.14,Methanol,2743.44,3685.13,0.0,43.68,818918.14
Tanker,130815.51,24833.2,14.5,5097.82,82.28,3,14.74,HFO,1559.6,4852.66,125.39,313.48,532915.07
Tanker,163881.9,30568.84,16.43,6688.26,96.15,4,14.29,VLSFO,2656.44,7907.17,54.46,490.11,1306970.03
Tanker,167460.96,41186.34,12.07,4883.97,35.94,3,12.25,LNG,1456.84,3972.0,0.0,70.8,743423.21
Bulk Carrier,87860.7,20835.39,11.98,10524.12,90.46,5,15.09,LNG,3050.4,8316.78,0.0,148.25,1556616.93
Bulk Carrier,39581.5,17486.94,11.76,11329.55,88.62,4,14.59,LNG,2972.45,8104.26,0.0,144.46,1516840.61
Bulk Carrier,46512.71,14245.19,14.65,1561.85,84.23,5,13.6,Methanol,324.66,436.1,0.0,5.17,96911.01
Container,72209.16,27646.24,15.42,7252.53,55.8,1,13.15,LNG,1444.72,3938.98,0.0,70.21,737241.59
Container,104785.45,25787.43,18.97,5082.28,35.07,7,11.31,Methanol,867.26,1164.95,0.0,13.81,258877.26
Tanker,187981.82,27487.64,12.43,10659.6,46.64,4,12.58,Hydrogen,2715.15,0.0,0.0,0.0,11403620.12
Bulk Carrier,97232.81,21581.01,11.88,4821.77,55.87,7,13.0,Hydrogen,1278.76,0.0,0.0,0.0,5370783.79
Tanker,142429.94,29979.49,13.73,3372.68,37.1,2,11.81,VLSFO,661.79,1969.89,13.57,122.1,325601.04
Bulk Carrier,73945.91,18455.79,12.48,10621.05,88.85,5,14.53,VLSFO,3233.91,9626.07,66.3,596.66,1591085.28
Bulk Carrier,55414.34,16470.34,14.47,1464.31,32.69,2,11.09,VLSFO,156.18,464.87,3.2,28.81,76838.83
Container,126725.13,42026.02,14.41,1470.2,31.58,4,11.62,VLSFO,397.52,1183.27,8.15,73.34,195581.1
Container,99474.0,33043.23,16.12,6686.53,85.96,4,14.24,Ammonia,2436.37,0.0,0.0,45.32,1132909.73
Container,81184.72,54469.71,23.9,1565.75,41.68,3,12.29,LNG,350.68,956.11,0.0,17.04,178950.22
Tanker,197470.37,30469.16,14.61,10499.25,68.88,4,13.91,LNG,3247.56,8854.33,0.0,157.83,1657227.36
Bulk Carrier,58399.43,16678.19,11.77,1476.36,74.06,4,14.08,Hydrogen,340.35,0.0,0.0,0.0,1429476.05
Container,114320.17,21858.14,15.76,7051.88,43.06,5,12.02,Hydrogen,1195.49,0.0,0.0,0.0,5021073.59
Bulk Carrier,99554.55,13185.85,11.27,4826.79,87.39,4,14.09,LNG,951.65,2594.63,0.0,46.25,485625.04
Bulk Carrier,45014.77,8560.02,11.15,5032.15,90.89,5,14.27,Hydrogen,770.69,0.0,0.0,0.0,3236899.8
Tanker,148701.7,27804.43,16.05,3500.23,54.8,4,13.21,Methanol,947.22,1272.35,0.0,15.08,282744.23
Bulk Carrier,64255.1,8376.1,15.27,4766.62,60.57,4,13.41,Ammonia,370.3,0.0,0.0,6.89,172190.81
Tanker,140882.26,37107.12,13.87,11179.96,64.0,3,13.15,Hydrogen,3988.82,0.0,0.0,0.0,16753052.23
Tanker,134625.69,43010.53,14.68,1509.89,65.68,4,13.53,VLSFO,735.76,2190.07,15.08,135.75,361995.13
Tanker,86874.63,35555.04,15.29,7331.27,64.76,3,13.6,Hydrogen,2312.38,0.0,0.0,0.0,9711996.66
Tanker,141914.1,17564.74,14.34,4830.49,77.84,3,13.84,Ammonia,965.04,0.0,0.0,17.95,448741.47
Bulk Carrier,57117.79,14634.76,14.55,3624.58,30.31,2,11.89,HFO,294.92,917.64,23.71,59.28,100774.28
Container,97482.74,35767.37,23.61,10617.5,60.36,2,13.36,Methanol,2433.77,3269.17,0.0,38.75,726481.47
Container,140962.86,39440.68,19.93,6891.95,87.45,4,14.5,LNG,2368.57,6457.82,0.0,115.11,1208681.97
Tanker,89421.05,19833.61,14.54,1435.08,44.15,6,12.02,LNG,228.26,622.35,0.0,11.09,116482.61
Tanker,176707.33,38396.73,16.01,5053.92,40.73,1,11.64,HFO,1223.28,3806.23,98.35,245.88,417996.4
Tanker,186760.55,35722.11,16.96,3635.93,96.52,3,15.06,Ammonia,1449.38,0.0,0.0,26.96,673962.82
Bulk Carrier,40141.25,12687.83,11.23,10716.52,67.64,4,13.1,HFO,1951.64,6072.49,156.91,392.28,666875.04
Container,82941.38,34549.08,20.19,5068.45,95.49,5,15.02,Ammonia,1717.01,0.0,0.0,31.94,798408.76
Bulk Carrier,75437.36,14029.47,15.43,1530.8,34.63,3,12.18,Methanol,142.4,191.28,0.0,2.27,42507.77
Bulk Carrier,83701.38,21279.92,13.35,1511.24,78.76,3,14.3,LNG,358.92,978.59,0.0,17.44,183158.94
Container,115745.1,35216.86,19.88,1450.72,62.48,4,12.62,HFO,401.0,1247.72,32.24,80.6,137023.16
Tanker,168216.85,30661.23,13.43,1444.44,39.87,3,12.01,LNG,303.35,827.07,0.0,14.74,154799.82
Bulk Carrier,45546.8,13516.13,13.96,5248.4,30.35,5,11.52,VLSFO,482.25,1435.47,9.89,88.98,237266.97
Container,135131.48,46177.39,18.06,3592.62,44.11,2,12.67,Hydrogen,975.8,0.0,0.0,0.0,4098371.48
Tanker,179270.17,20260.56,15.83,10883.75,79.74,4,13.79,LNG,2237.52,6100.51,0.0,108.74,1141806.61
Bulk Carrier,65475.84,21202.24,15.88,11485.58,80.65,5,13.91,LNG,2714.41,7400.72,0.0,131.92,1385161.43
Tanker,138561.62,37254.13,14.8,1529.25,66.14,4,13.21,LNG,538.82,1469.06,0.0,26.19,274958.34
Tanker,133042.45,29570.71,15.85,6919.09,64.83,7,12.98,VLSFO,2406.63,7163.57,49.34,444.02,1184061.49
Container,111873.33,42586.33,22.25,3499.79,84.03,3,14.32,HFO,1080.81,3362.91,86.9,217.24,369312.29
Tanker,152223.49,30129.15,16.4,6967.55,75.21,4,13.24,LNG,1816.72,4953.21,0.0,88.29,927071.52
Tanker,125757.92,24175.53,16.7,7169.51,32.72,6,11.86,HFO,1080.69,3362.56,86.89,217.22,369273.23
Bulk Carrier,43747.91,9149.05,12.14,3356.04,58.54,3,13.2,Hydrogen,336.52,0.0,0.0,0.0,1413383.59
Container,59514.06,52893.14,17.84,5225.23,91.6,6,15.13,HFO,3441.46,10708.05,276.69,691.73,1175948.37
Bulk Carrier,92752.97,15976.73,11.72,4767.97,65.75,3,12.76,LNG,831.56,2267.21,0.0,40.41,424344.25
Container,68202.21,20836.59,23.74,1538.72,99.34,5,15.57,Methanol,325.77,437.59,0.0,5.19,97242.03
Container,101773.93,37970.64,18.59,3397.02,61.08,1,13.38,HFO,903.4,2810.9,72.63,181.58,308690.61
Tanker,106031.54,26898.2,14.78,1429.54,83.48,3,14.21,Hydrogen,424.51,0.0,0.0,0.0,1782952.95
Container,71046.48,37103.86,17.68,11365.48,94.8,3,14.1,HFO,4759.1,14807.85,382.63,956.58,1626184.89
Bulk Carrier,34772.21,24218.77,11.66,6771.91,62.29,5,12.5,Ammonia,2074.61,0.0,0.0,38.59,964693.12
Tanker,124346.21,15069.36,15.54,3411.92,78.45,1,14.16,VLSFO,502.33,1495.24,10.3,92.68,247147.3
Tanker,189809.29,19768.6,14.79,4906.65,51.77,5,13.06,VLSFO,839.23,2498.05,17.2,154.84,412901.02
Bulk Carrier,91635.93,11961.92,14.73,1463.81,61.32,4,13.14,HFO,168.45,524.13,13.54,33.86,57559.54
Tanker,176616.21,19744.66,14.53,5042.25,81.08,7,14.64,LNG,1277.92,3484.2,0.0,62.11,652122.3
Container,75361.35,36516.24,15.43,3403.33,49.69,4,12.61,Ammonia,904.94,0.0,0.0,16.83,420797.64
Bulk Carrier,92382.04,17713.69,15.46,3541.19,53.85,3,12.97,Hydrogen,499.55,0.0,0.0,0.0,2098115.26
Bulk Carrier,46824.39,13558.62,14.55,3644.93,91.5,5,15.22,Ammonia,652.37,0.0,0.0,12.13,303352.13
Tanker,87487.57,30067.6,12.99,11232.31,33.08,1,11.96,Methanol,2466.98,3313.78,0.0,39.27,736394.82
Container,115229.97,51261.9,15.35,4956.17,39.23,5,11.43,HFO,1835.91,5712.41,147.61,369.02,627331.38
Tanker,90410.15,28459.1,12.02,3672.22,59.77,4,13.39,Ammonia,1189.97,0.0,0.0,22.13,553334.94
Tanker,190811.93,22968.04,15.1,4767.23,66.92,3,13.83,Ammonia,951.8,0.0,0.0,17.7,442589.05
Bulk Carrier,44649.98,18358.02,11.26,6757.03,43.14,4,12.0,Ammonia,1200.13,0.0,0.0,22.32,558061.31
Container,124264.4,40267.71,19.62,3374.28,99.38,1,15.35,Methanol,1328.17,1784.07,0.0,21.14,396460.1
Tanker,109088.32,16789.59,15.48,1540.44,92.81,5,14.1,HFO,379.96,1182.23,30.55,76.37,129831.52
Container,60769.36,54549.01,19.02,5243.1,79.93,4,13.74,Ammonia,2648.53,0.0,0.0,49.26,1231568.08
Tanker,183393.25,22270.67,16.39,11235.58,33.73,4,11.44,Hydrogen,1507.26,0.0,0.0,0.0,6330472.38
Bulk Carrier,82429.41,21921.35,12.43,11138.61,86.43,5,14.61,LNG,3666.9,9997.66,0.0,178.21,1871220.02
Container,57538.66,51615.35,21.49,6883.51,67.87,4,13.7,Methanol,2849.68,3827.83,0.0,45.37,850629.9
Bulk Carrier,74035.2,8073.36,15.78,1458.81,77.29,4,13.79,Ammonia,131.48,0.0,0.0,2.45,61137.3
Bulk Carrier,82486.53,24844.92,14.19,11270.83,81.21,4,13.64,LNG,3246.17,8850.55,0.0,157.76,1656520.06
Bulk Carrier,98053.04,20220.91,14.12,10808.41,55.16,4,13.22,VLSFO,2053.44,6112.28,42.1,378.86,1010294.92
Bulk Carrier,43695.01,15714.87,14.3,3545.0,92.89,4,14.97,Ammonia,704.52,0.0,0.0,13.1,327602.5
Tanker,149703.58,28815.89,15.94,5170.91,86.34,1,14.21,Methanol,1779.36,2390.13,0.0,28.33,531140.03
Container,93393.44,50558.1,23.98,1518.43,74.25,4,13.68,Methanol,599.01,804.62,0.0,9.54,178804.87
Bulk Carrier,50968.84,10188.22,12.79,11028.93,88.02,6,14.73,HFO,1857.45,5779.43,149.34,373.35,634692.29
Bulk Carrier,82363.49,22599.01,14.96,1431.02,80.06,4,14.16,Methanol,450.14,604.65,0.0,7.17,134365.92
Container,88912.18,33222.39,21.34,6716.42,98.31,4,15.34,VLSFO,2053.37,6112.06,42.09,378.85,1010257.65
Container,108866.64,59136.15,18.88,5175.78,70.74,2,14.2,VLSFO,2453.55,7303.24,50.3,452.68,1207147.42
Tanker,122870.85,26586.02,13.55,10964.92,58.11,2,13.36,LNG,2575.87,7023.02,0.0,125.19,1314468.83
Container,59822.35,53977.2,18.02,3365.64,49.59,5,12.11,Ammonia,1283.36,0.0,0.0,23.87,596763.39
Tanker,183729.89,33168.61,13.28,7345.87,42.27,7,11.99,LNG,2208.91,6022.5,0.0,107.35,1127205.86
Container,110744.0,59232.12,20.24,1447.18,96.17,4,15.15,LNG,708.96,1932.95,0.0,34.46,361781.2
Container,55120.49,54180.78,20.94,5029.16,69.31,4,13.15,Methanol,2382.21,3199.9,0.0,37.92,711088.31
Bulk Carrier,86372.74,23367.76,14.94,6947.45,99.29,4,15.66,Ammonia,2185.28,0.0,0.0,40.65,1016154.09
Bulk Carrier,60692.48,8687.38,13.74,5093.89,52.03,4,12.15,Methanol,465.27,624.97,0.0,7.41,138881.75
Container,95686.5,38500.2,20.64,3512.28,86.85,6,14.28,Ammonia,1345.16,0.0,0.0,25.02,625498.12
Bulk Carrier,42546.9,16817.55,11.7,1511.23,60.36,3,13.27,HFO,298.74,929.52,24.02,60.05,102079.47
Tanker,82898.75,30462.11,12.78,7044.92,75.92,4,14.15,LNG,2447.43,6672.81,0.0,118.94,1248922.12
Bulk Carrier,62479.44,11937.45,11.38,3566.01,32.67,3,11.33,VLSFO,345.38,1028.05,7.08,63.72,169925.24
Tanker,139973.36,40672.43,14.62,3596.2,99.28,3,15.51,Hydrogen,1904.46,0.0,0.0,0.0,7998738.66
Bulk Carrier,65721.88,21742.19,12.65,11192.68,60.69,3,12.65,VLSFO,2769.63,8244.07,56.78,511.0,1362656.56
Tanker,134528.33,41051.96,12.12,3465.47,55.64,3,12.96,LNG,1405.3,3831.49,0.0,68.3,717123.89
Tanker,122168.96,42047.11,14.72,5234.76,96.01,2,15.24,Ammonia,2644.29,0.0,0.0,49.18,1229596.65
Tanker,165160.65,21810.04,15.89,10708.76,85.85,5,14.44,Methanol,3229.99,4338.69,0.0,51.42,964152.91
Tanker,179989.87,18003.34,16.0,7181.39,32.37,1,11.89,HFO,676.29,2104.27,54.37,135.93,231088.93
Container,145460.41,26941.1,22.22,11099.07,37.1,5,12.09,Hydrogen,1328.65,0.0,0.0,0.0,5580338.56
Bulk Carrier,80311.82,10217.22,11.06,7094.09,68.39,5,12.87,HFO,1101.07,3425.97,88.53,221.32,376236.66
Container,72946.88,39455.36,18.45,1551.45,89.26,3,14.5,VLSFO,591.97,1762.05,12.14,109.22,291248.18
Container,79423.29,29445.5,19.39,7064.74,51.24,4,12.33,Methanol,1581.62,2124.51,0.0,25.18,472113.36
Container,102270.83,43133.86,21.86,4764.66,61.86,3,13.06,Ammonia,1162.32,0.0,0.0,21.62,540479.4
Container,109970.37,41692.05,17.31,11122.14,31.47,2,12.0,Methanol,2567.52,3448.82,0.0,40.87,766403.73
Container,61461.48,56055.2,17.76,1554.02,90.05,5,14.85,LNG,870.75,2374.06,0.0,42.32,444343.72
Tanker,133632.72,17582.05,16.08,1492.42,93.92,2,15.41,LNG,273.38,745.35,0.0,13.29,139503.79
Container,87564.64,31117.56,17.37,10702.17,91.37,5,14.06,VLSFO,3870.64,11521.35,79.35,714.13,1904355.5
Bulk Carrier,47615.98,13375.1,13.78,1514.4,80.21,5,13.66,Methanol,298.43,400.86,0.0,4.75,89079.92
Bulk Carrier,80955.67,10115.39,12.59,3542.74,93.16,4,15.21,VLSFO,571.32,1700.58,11.71,105.41,281088.33
Container,50765.61,42413.81,21.61,3588.87,86.08,3,14.83,Ammonia,1271.93,0.0,0.0,23.66,591448.53
Container,122140.2,26093.83,15.62,11046.84,76.17,4,14.44,Ammonia,3202.62,0.0,0.0,59.57,1489218.48
Bulk Carrier,36321.76,17478.21,11.92,11221.41,70.87,3,13.44,LNG,2293.2,6252.32,0.0,111.45,1170220.51
Bulk Carrier,64211.87,22205.26,15.95,10951.8,67.96,3,14.01,Ammonia,2094.63,0.0,0.0,38.96,974004.89
Container,92691.6,20332.59,19.88,10658.27,30.3,4,12.03,VLSFO,980.86,2919.63,20.11,180.97,482583.69
Container,103928.66,49988.19,14.52,4770.72,44.85,2,12.3,VLSFO,1868.97,5563.18,38.31,344.83,919533.54
Tanker,123667.64,38631.46,15.81,7245.04,41.82,5,12.69,VLSFO,2105.92,6268.48,43.17,388.54,1036112.48
Bulk Carrier,75313.49,13295.47,13.69,4882.68,69.77,5,13.12,LNG,669.21,1824.57,0.0,32.52,341497.01
Tanker,166910.38,18413.85,15.47,10747.65,94.74,3,15.44,HFO,2392.72,7444.89,192.37,480.94,817591.58
Container,68454.49,23096.75,21.08,1451.82,76.64,5,13.44,LNG,243.09,662.77,0.0,11.81,124048.32
Tanker,111313.29,38713.93,12.1,1453.51,97.91,4,14.59,Hydrogen,906.22,0.0,0.0,0.0,3806115.72
Tanker,136699.77,36395.85,12.42,3572.4,40.91,4,11.71,VLSFO,1209.66,3600.67,24.8,223.18,595152.66
Bulk Carrier,66401.86,15456.8,11.42,7148.89,71.87,2,13.19,Methanol,1680.04,2256.72,0.0,26.75,501492.4
Container,57664.49,57219.32,17.2,11071.15,68.78,3,13.04,VLSFO,5926.53,17640.9,121.49,1093.44,2915850.72
Container,121738.68,42583.24,22.6,1487.5,46.01,3,12.65,Ammonia,310.09,0.0,0.0,5.77,144192.36
Tanker,137314.51,23125.3,13.49,10734.64,36.34,5,11.49,LNG,1904.73,5193.18,0.0,92.57,971985.2
Bulk Carrier,56427.73,22782.99,14.3,7253.98,75.18,4,13.5,Hydrogen,1866.46,0.0,0.0,0.0,7839111.01
Bulk Carrier,46481.92,21872.42,15.03,3352.84,43.97,5,12.46,Hydrogen,582.63,0.0,0.0,0.0,2447025.32
Tanker,109187.27,34959.22,13.42,11237.97,39.8,3,12.17,VLSFO,3210.39,9556.03,65.81,592.32,1579509.62
Bulk Carrier,65370.9,8853.55,14.23,5064.36,90.41,4,14.76,Ammonia,586.53,0.0,0.0,10.91,272735.04
Tanker,130020.85,33394.92,12.1,3556.18,52.9,2,12.81,Methanol,1344.52,1806.03,0.0,21.4,401339.52
Bulk Carrier,60403.14,10582.12,14.75,10929.27,30.23,5,12.03,HFO,734.35,2284.91,59.04,147.6,250926.75
Bulk Carrier,31906.41,21764.12,13.32,1506.4,59.11,3,12.84,Ammonia,294.38,0.0,0.0,5.48,136884.83
Tanker,84762.66,36534.13,13.08,10929.12,72.75,5,13.24,Methanol,6277.77,8432.61,0.0,99.94,1873913.91
Container,141148.02,41681.66,21.96,1555.5,57.24,8,12.94,Hydrogen,500.4,0.0,0.0,0.0,2101675.23
Bulk Carrier,85163.1,18739.81,11.34,3393.27,60.1,6,12.73,HFO,905.04,2816.02,72.77,181.91,309252.86
Container,148603.12,47137.49,17.28,3608.02,85.54,3,13.83,HFO,1768.34,5502.16,142.17,355.44,604242.32
Bulk Carrier,48641.31,21800.98,12.52,4884.19,59.63,3,13.26,VLSFO,1101.13,3277.63,22.57,203.16,541756.79
Tanker,159257.04,24044.64,13.37,11468.46,92.9,4,14.37,Ammonia,4013.38,0.0,0.0,74.65,1866219.63
Bulk Carrier,66445.95,21000.1,11.03,3467.64,70.96,3,14.02,Hydrogen,1004.4,0.0,0.0,0.0,4218499.11
Container,143877.75,29561.07,21.33,5108.5,40.03,5,12.07,HFO,808.0,2514.07,64.96,162.41,276093.15
Tanker,81360.29,25407.59,12.63,3473.91,70.05,2,12.95,Ammonia,1010.71,0.0,0.0,18.8,469978.22
Bulk Carrier,56190.58,10059.95,14.82,3439.31,39.94,4,11.52,HFO,247.71,770.74,19.92,49.79,84641.79
Tanker,163446.05,25790.59,13.57,5249.68,78.3,5,14.16,Hydrogen,1884.55,0.0,0.0,0.0,7915114.1
Tanker,114375.46,33199.26,15.35,5052.46,72.66,8,13.61,LNG,1996.62,5443.7,0.0,97.04,1018873.65
Container,120690.86,52947.88,21.69,1490.83,91.66,3,15.01,Ammonia,623.44,0.0,0.0,11.6,289897.56
Tanker,146533.1,24922.81,14.95,3645.88,38.93,1,11.65,Methanol,613.13,823.58,0.0,9.76,183018.5
Bulk Carrier,50306.88,12261.74,13.41,10761.71,32.31,2,11.19,HFO,859.75,2675.08,69.12,172.81,293775.2
Tanker,125990.21,34284.16,14.19,1433.17,65.53,4,12.64,Methanol,597.6,802.73,0.0,9.51,178384.26
Tanker,175172.64,18041.01,13.02,3530.0,68.91,4,13.27,HFO,849.3,2642.58,68.28,170.71,290206.23
Bulk Carrier,64697.33,22162.78,14.73,3613.69,47.22,3,12.37,HFO,612.8,1906.72,49.27,123.17,209394.75
Bulk Carrier,60576.04,9060.12,13.51,3634.91,73.24,3,13.4,Ammonia,369.97,0.0,0.0,6.88,172037.41
Tanker,166739.56,38973.62,16.14,1504.78,30.75,1,11.45,Ammonia,278.64,0.0,0.0,5.18,129567.91
Tanker,114185.21,32514.02,12.5,10707.54,71.08,8,13.87,LNG,5177.28,14115.63,0.0,251.62,2641963.65
Bulk Carrier,92868.95,13776.81,13.38,3493.99,31.07,4,10.99,Methanol,378.98,509.06,0.0,6.03,113125.47
Container,90234.9,24966.81,16.21,6984.51,89.89,4,14.19,HFO,2213.64,6887.69,177.98,444.94,756400.1
Bulk Carrier,54329.51,21456.42,14.68,1497.79,42.12,4,12.12,Methanol,278.56,374.18,0.0,4.43,83151.63
Tanker,130359.44,38743.43,16.86,3517.93,91.4,5,14.87,Hydrogen,1539.42,0.0,0.0,0.0,6465551.57
Container,68152.59,27756.82,18.58,5147.41,60.88,6,13.29,VLSFO,1295.01,3854.73,26.55,238.93,637145.9
Bulk Carrier,84980.48,19839.13,12.12,1564.82,49.78,5,12.29,LNG,289.93,790.49,0.0,14.09,147953.11
Tanker,153065.48,28776.16,13.89,1453.61,41.37,4,12.22,HFO,356.92,1110.55,28.7,71.74,121959.62
Container,134854.67,24360.87,15.39,4779.2,66.96,3,13.39,Hydrogen,1102.46,0.0,0.0,0.0,4630334.24
Tanker,164865.71,29555.13,16.27,4812.46,65.21,5,13.83,Hydrogen,1401.81,0.0,0.0,0.0,5887609.59
Tanker,177507.86,38347.88,13.14,5214.04,50.6,1,13.01,Ammonia,1730.96,0.0,0.0,32.2,804896.87
Bulk Carrier,77009.71,19779.21,11.43,6720.77,79.5,3,14.39,VLSFO,1948.93,5801.2,39.95,359.58,958875.47
Tanker,186139.26,25303.49,13.62,6993.91,47.06,5,12.41,HFO,1748.19,5439.45,140.55,351.39,597355.76
Container,142678.25,40215.66,16.55,1536.75,90.77,3,14.55,Ammonia,689.24,0.0,0.0,12.82,320495.36
Tanker,191845.65,38274.82,14.9,10924.69,95.13,3,15.19,HFO,4921.04,15311.72,395.65,989.13,1681519.22
Tanker,103638.95,18103.15,13.9,7026.29,30.25,6,11.45,HFO,900.86,2803.02,72.43,181.07,307825.18
Tanker,163136.86,28477.66,12.79,4891.82,59.92,1,13.39,VLSFO,1458.18,4340.41,29.89,269.03,717422.93
Bulk Carrier,71912.29,8471.03,13.55,6837.2,89.63,5,14.86,Hydrogen,770.08,0.0,0.0,0.0,3234351.67
Container,100981.69,44381.09,19.23,10698.12,66.33,4,13.05,LNG,3501.41,9546.45,0.0,170.17,1786768.21
Bulk Carrier,45785.57,10496.49,15.87,1517.53,91.75,4,14.99,Methanol,214.0,287.45,0.0,3.41,63877.86
Container,131261.52,58805.16,16.26,11010.93,54.99,5,12.84,LNG,5095.91,13893.8,0.0,247.66,2600442.97
Tanker,93666.25,27605.35,12.65,5186.85,97.38,5,15.25,Ammonia,2305.4,0.0,0.0,42.88,1072010.56
Bulk Carrier,80040.97,9295.24,13.05,1494.56,37.22,3,12.02,Hydrogen,106.16,0.0,0.0,0.0,445888.22
Bulk Carrier,46068.38,14498.13,11.23,6995.43,33.95,2,11.36,Methanol,932.98,1253.22,0.0,14.85,278493.93
Bulk Carrier,60144.3,17785.25,13.05,7263.15,66.94,3,12.69,HFO,1561.8,4859.52,125.57,313.92,533667.72
Bulk Carrier,82635.81,22654.11,14.68,1492.24,85.71,6,13.81,Methanol,538.48,723.31,0.0,8.57,160735.99
Container,52991.09,34250.28,23.19,6744.55,87.82,3,14.07,Hydrogen,1626.0,0.0,0.0,0.0,6829186.54
Bulk Carrier,61525.56,9918.06,14.42,10754.75,76.69,3,14.01,Methanol,1305.88,1754.13,0.0,20.79,389806.0
Bulk Carrier,43658.72,17076.4,13.6,3659.27,81.69,5,14.16,Methanol,967.93,1300.18,0.0,15.41,288928.52
Container,102239.89,48864.11,14.1,6699.18,76.18,5,13.71,HFO,4348.72,13530.97,349.64,874.09,1485958.88
Bulk Carrier,95026.97,8385.82,14.08,1509.78,62.87,3,13.63,Methanol,148.65,199.67,0.0,2.37,44370.55
Tanker,104855.61,16066.29,12.53,4870.81,76.79,4,13.9,HFO,1107.26,3445.23,89.02,222.56,378352.39
Container,135662.77,27959.46,15.82,3428.39,32.18,5,12.18,Hydrogen,567.55,0.0,0.0,0.0,2383701.47
Tanker,179104.22,36429.2,16.46,6990.66,94.69,5,14.13,LNG,2911.93,7939.25,0.0,141.52,1485955.87
Container,93180.88,43185.54,23.69,5068.19,93.2,2,14.6,HFO,1569.96,4884.9,126.22,315.56,536455.28
Bulk Carrier,86190.42,9850.54,15.44,5164.52,49.68,3,12.86,VLSFO,370.17,1101.85,7.59,68.3,182124.36
Tanker,152814.77,23688.38,12.97,1500.96,74.43,3,13.55,LNG,403.89,1101.2,0.0,19.63,206107.23
Container,130774.13,36094.26,16.9,3626.95,73.6,4,13.45,LNG,1143.42,3117.49,0.0,55.57,583487.18
Container,69139.38,34885.41,15.02,3342.24,66.22,5,12.72,Hydrogen,1234.52,0.0,0.0,0.0,5184963.18
Container,100147.06,29691.53,14.39,10528.81,57.51,5,12.5,Ammonia,2955.92,0.0,0.0,54.98,1374502.21
Bulk Carrier,91559.43,15176.53,12.83,3528.05,63.92,2,13.27,Methanol,628.06,843.64,0.0,10.0,187475.07
Tanker,121570.69,20823.62,15.04,3585.64,61.52,5,13.17,Hydrogen,757.81,0.0,0.0,0.0,3182781.85
Tanker,142245.23,34421.6,13.54,6894.59,77.12,3,13.8,LNG,2582.42,7040.87,0.0,125.51,1317809.34
Container,97437.24,24165.88,23.91,3332.97,38.73,4,12.14,Hydrogen,348.14,0.0,0.0,0.0,1462197.1
Container,110660.47,45294.38,14.62,6990.97,97.94,4,15.63,LNG,4097.37,11171.31,0.0,199.13,2090887.56
Bulk Carrier,32875.71,10696.12,14.66,3439.72,47.15,4,12.94,Ammonia,286.25,0.0,0.0,5.32,133105.6
Container,75297.25,41091.14,15.4,3530.69,71.07,4,13.09,VLSFO,1580.55,4704.65,32.4,291.61,777628.39
Bulk Carrier,79886.11,16952.86,12.54,5197.95,70.37,4,13.86,VLSFO,1088.18,3239.07,22.31,200.77,535384.07
Container,62221.46,45071.95,22.78,1530.27,51.36,5,12.3,Methanol,434.29,583.35,0.0,6.91,129634.44
Bulk Carrier,39239.89,23102.44,14.26,7135.39,88.27,3,14.83,Hydrogen,2079.84,0.0,0.0,0.0,8735310.94
Tanker,81206.91,19987.35,15.99,5046.95,56.7,2,13.26,Methanol,942.84,1266.46,0.0,15.01,281436.4
Bulk Carrier,79317.97,9818.89,11.61,6711.83,60.33,4,12.72,LNG,755.37,2059.48,0.0,36.71,385464.38
Tanker,197415.46,19082.93,15.05,10557.58,95.55,6,15.37,Methanol,3442.65,4624.34,0.0,54.81,1027631.41
Bulk Carrier,31530.36,24717.15,12.36,5182.91,46.34,4,11.88,Methanol,1457.82,1958.22,0.0,23.21,435159.46
Bulk Carrier,33800.57,8839.26,14.06,1455.56,63.01,4,13.57,VLSFO,131.0,389.93,2.69,24.17,64450.92
Container,82614.88,24932.02,17.57,3475.91,71.44,3,13.26,Hydrogen,696.96,0.0,0.0,0.0,2927239.01
Tanker,140574.42,16216.46,15.16,7049.17,72.76,5,13.98,Methanol,1554.37,2087.91,0.0,24.75,463979.7
Container,102959.55,31881.62,17.77,3375.34,44.77,7,12.6,LNG,700.88,1910.93,0.0,34.06,357661.24
Bulk Carrier,40726.4,19414.86,14.0,10511.96,59.16,1,12.48,LNG,1690.53,4609.16,0.0,82.16,862677.09
Bulk Carrier,66170.58,23967.11,12.02,11336.11,77.02,2,14.19,VLSFO,3655.2,10880.06,74.93,674.38,1798357.06
Tanker,110215.14,23194.98,14.35,3378.96,67.4,3,13.2,VLSFO,800.46,2382.66,16.41,147.69,393828.0
Tanker,136612.57,17618.08,14.92,1512.26,58.72,4,12.3,Methanol,286.92,385.41,0.0,4.57,85646.47
Bulk Carrier,49939.69,17190.59,15.96,7123.38,40.9,3,12.53,Methanol,985.6,1323.91,0.0,15.69,294202.03
Tanker,181360.89,15288.36,14.32,10671.2,90.6,3,14.51,Hydrogen,1911.09,0.0,0.0,0.0,8026576.42
Container,145920.57,35130.12,20.76,7001.09,51.44,3,12.61,Methanol,1725.73,2318.09,0.0,27.47,515131.7
Bulk Carrier,63688.98,24342.97,13.44,10457.25,41.91,7,11.96,Ammonia,2289.73,0.0,0.0,42.59,1064722.7
Bulk Carrier,38032.95,21831.74,15.19,5025.27,82.03,4,14.33,Methanol,1345.39,1807.19,0.0,21.42,401597.83
Container,149643.64,54525.94,18.06,11403.83,31.03,2,11.45,VLSFO,2809.45,8362.6,57.59,518.34,1382247.73
Bulk Carrier,82477.55,8687.84,14.96,10817.78,56.09,3,13.18,Ammonia,774.11,0.0,0.0,14.4,359960.23
Tanker,160938.85,30400.13,14.51,1479.62,99.12,1,15.24,HFO,519.63,1616.81,41.78,104.44,177556.13
Bulk Carrier,58510.79,17696.44,14.42,1461.93,68.19,5,12.81,Ammonia,275.63,0.0,0.0,5.13,128167.47
Tanker,192369.47,16878.97,16.71,3648.84,86.85,4,13.64,VLSFO,703.1,2092.85,14.41,129.72,345925.43
Bulk Carrier,77824.51,24869.49,11.76,1478.32,51.43,4,12.97,Methanol,449.28,603.49,0.0,7.15,134109.14
Tanker,132821.59,27779.84,13.89,3490.35,91.1,3,14.63,HFO,1187.8,3695.8,95.5,238.75,405869.69
Container,61653.34,21576.29,15.69,4927.43,76.13,5,13.3,LNG,1028.31,2803.66,0.0,49.98,524749.11
Bulk Carrier,36734.58,16792.89,15.55,3433.74,91.08,4,15.14,VLSFO,708.78,2109.75,14.53,130.77,348719.78
Bulk Carrier,68859.11,17045.1,15.39,3414.57,53.82,2,12.81,Ammonia,429.87,0.0,0.0,8.0,199889.04
Tanker,139585.7,30041.28,14.63,3536.28,99.46,3,15.56,Hydrogen,1343.44,0.0,0.0,0.0,5642445.47
Tanker,127219.89,36635.71,13.49,6834.48,66.67,4,13.32,Ammonia,2943.84,0.0,0.0,54.76,1368887.57
Bulk Carrier,49278.54,20198.03,12.14,11520.23,55.54,4,12.35,LNG,2280.6,6217.96,0.0,110.84,1163790.16
Bulk Carrier,53920.71,13217.2,15.73,3548.78,88.94,3,14.74,Ammonia,540.81,0.0,0.0,10.06,251476.26
Container,140270.95,52150.33,21.96,6777.92,90.25,4,13.82,Methanol,3324.57,4465.73,0.0,52.93,992384.11
Tanker,143846.08,39877.5,13.36,3469.22,74.56,2,13.97,LNG,1342.91,3661.38,0.0,65.27,685285.09
Container,146493.11,23265.31,23.84,1479.92,86.84,3,14.77,Hydrogen,261.89,0.0,0.0,0.0,1099934.18
Bulk Carrier,80451.67,15015.94,14.46,3609.09,73.16,6,13.17,LNG,595.1,1622.5,0.0,28.92,303677.01
Container,73659.57,49480.07,21.24,6769.12,85.32,4,14.5,Hydrogen,2854.27,0.0,0.0,0.0,11987939.69
Bulk Carrier,93151.76,21917.69,13.25,11504.28,44.0,4,12.57,Methanol,2440.35,3278.0,0.0,38.85,728444.98
Bulk Carrier,41473.98,22630.53,11.82,4904.16,69.99,4,13.62,Hydrogen,1319.98,0.0,0.0,0.0,5543895.96
Container,99069.98,59785.37,23.72,5019.44,76.85,3,14.27,HFO,2202.14,6851.92,177.05,442.63,752472.37
Tanker,83696.77,31104.26,16.69,10789.46,66.33,5,13.44,Methanol,3660.96,4917.58,0.0,58.28,1092796.65
Bulk Carrier,72678.38,9195.25,13.61,7325.35,74.97,3,14.33,LNG,734.18,2001.72,0.0,35.68,374653.86
Tanker,103853.41,31634.55,13.34,4988.61,88.74,3,13.93,Hydrogen,2029.17,0.0,0.0,0.0,8522512.42
Tanker,172682.59,23419.06,16.73,7000.63,93.96,4,14.67,Ammonia,1881.53,0.0,0.0,35.0,874911.62
Bulk Carrier,38072.31,17195.8,11.03,6663.59,46.71,5,12.93,VLSFO,1441.28,4290.11,29.55,265.92,709109.21
Container,55675.25,22769.16,17.89,3498.3,53.53,2,13.04,LNG,491.68,1340.53,0.0,23.9,250902.01
Bulk Carrier,65096.53,15946.15,11.42,4856.86,37.94,5,11.9,LNG,722.6,1970.13,0.0,35.12,368740.88
Tanker,147841.99,19970.25,13.27,6686.75,93.5,4,15.41,VLSFO,2018.29,6007.66,41.38,372.38,993001.1
Container,121410.87,25825.73,23.0,1504.23,57.81,4,13.17,VLSFO,235.85,702.04,4.84,43.52,116040.24
Bulk Carrier,38537.98,15134.65,13.02,7169.22,64.62,4,12.81,Methanol,1417.84,1904.51,0.0,22.57,423224.61
Tanker,133961.46,41639.95,14.94,5126.93,48.56,2,12.63,LNG,1402.38,3823.52,0.0,68.16,715632.96
Container,121392.86,32197.71,22.55,10876.73,86.58,4,14.73,LNG,2603.87,7099.35,0.0,126.55,1328755.14
Bulk Carrier,55613.23,18032.01,11.38,11141.99,99.31,7,15.35,LNG,3844.92,10483.01,0.0,186.86,1962061.24
Bulk Carrier,54102.53,15818.45,14.44,3585.41,41.01,4,11.93,Methanol,508.04,682.43,0.0,8.09,151650.24
Container,119715.54,49209.73,23.26,1426.32,94.62,4,15.42,LNG,550.67,1501.37,0.0,26.76,281004.54
Bulk Carrier,74676.29,10363.65,13.2,11051.14,74.42,4,14.05,VLSFO,1474.58,4389.23,30.23,272.06,725491.93
Tanker,161580.23,27477.02,13.5,1566.17,67.67,4,13.89,HFO,471.47,1466.97,37.91,94.77,161101.13
Container,130781.62,30186.4,19.91,7281.62,60.78,3,13.57,Methanol,1790.7,2405.36,0.0,28.51,534524.11
Container,148989.66,26994.41,16.47,6935.74,49.1,2,12.25,LNG,1174.34,3201.8,0.0,57.07,599267.68
Tanker,147873.61,28016.76,14.19,3369.03,31.48,3,12.11,LNG,528.0,1439.57,0.0,25.66,269437.9
Tanker,108186.8,39222.21,15.62,3617.87,86.72,7,13.92,Ammonia,2018.54,0.0,0.0,37.54,938620.23
Bulk Carrier,92134.18,8200.35,13.45,11370.49,32.86,1,11.64,VLSFO,588.37,1751.34,12.06,108.55,289478.47
Bulk Carrier,91766.6,20643.14,14.82,6738.31,73.53,3,14.09,LNG,1317.94,3593.3,0.0,64.05,672542.34
Bulk Carrier,98866.2,12584.92,11.72,5088.35,75.42,5,13.78,Methanol,1117.88,1501.6,0.0,17.8,333688.27
Container,58439.73,59616.21,17.68,4951.93,49.18,5,12.32,HFO,2457.0,7644.91,197.54,493.86,839557.78
Bulk Carrier,73423.0,22237.92,11.78,5124.86,78.77,8,13.85,VLSFO,2004.17,5965.61,41.09,369.77,986051.24
Tanker,139900.11,28415.07,12.57,5194.16,32.03,3,11.26,HFO,961.65,2992.14,77.32,193.29,328594.36
Tanker,154958.28,38050.7,16.06,3352.79,57.73,3,12.91,Hydrogen,1032.39,0.0,0.0,0.0,4336022.1
Bulk Carrier,48513.4,10764.54,14.44,3448.8,46.16,6,12.05,Methanol,402.35,540.46,0.0,6.41,120101.9
Container,56271.89,36970.54,22.99,10902.0,93.19,4,14.53,HFO,3354.83,10438.48,269.73,674.32,1146344.7
Container,139813.33,48226.71,20.62,4758.89,99.89,5,15.5,HFO,2344.81,7295.84,188.52,471.31,801223.12
Tanker,129248.62,44240.39,13.01,4763.08,49.43,2,12.71,Ammonia,1771.1,0.0,0.0,32.94,823563.24
Bulk Carrier,74784.29,12295.07,14.55,1483.45,76.98,3,13.55,Hydrogen,192.53,0.0,0.0,0.0,808617.53
Tanker,149276.48,40815.32,14.08,10874.73,61.83,3,12.97,HFO,4397.75,13683.53,353.58,883.95,1502712.83
Bulk Carrier,34800.45,16812.39,15.46,6880.38,41.47,3,12.25,LNG,769.36,2097.64,0.0,37.39,392606.91
Container,104012.58,54644.21,14.22,11006.58,39.9,1,12.4,Methanol,4431.11,5952.09,0.0,70.54,1322685.62
Bulk Carrier,85987.36,22877.14,12.54,11396.79,66.72,3,13.56,HFO,2905.88,9041.59,233.63,584.08,992939.05
Container,56368.94,51002.25,18.93,11432.31,54.08,5,13.29,HFO,4016.28,12496.59,322.91,807.27,1372364.02
Container,145996.35,26438.37,15.56,6731.5,72.99,4,13.53,LNG,1721.42,4693.37,0.0,83.66,878438.14
Tanker,104998.6,33512.89,14.7,7294.83,33.47,2,11.46,HFO,1523.57,4740.55,122.49,306.24,520603.29
Bulk Carrier,96705.32,12328.38,13.13,6776.72,87.77,5,14.2,LNG,1125.12,3067.58,0.0,54.68,574146.44
Tanker,189243.28,42367.13,15.76,10608.08,47.26,7,12.92,HFO,3945.42,12276.1,317.21,793.03,1348150.24
Bulk Carrier,59523.5,11747.39,13.86,5146.78,86.84,5,14.62,VLSFO,865.98,2577.67,17.75,159.77,426061.54
Container,108338.35,41429.76,16.18,6687.31,70.67,1,13.18,Methanol,2758.18,3704.92,0.0,43.91,823315.68
Tanker,132709.07,44127.17,15.93,4861.18,99.76,5,14.5,LNG,2692.66,7341.42,0.0,130.86,1374063.06
Bulk Carrier,37076.06,19930.62,14.32,7211.84,41.97,5,12.41,HFO,1198.46,3728.98,96.36,240.89,409512.8
Bulk Carrier,70677.38,23664.63,12.65,5208.19,47.45,2,11.76,Hydrogen,1056.33,0.0,0.0,0.0,4436579.22
Tanker,133539.47,16174.09,15.7,6821.11,93.26,3,15.11,LNG,1143.96,3118.96,0.0,55.6,583762.91
Bulk Carrier,79921.68,8098.07,14.62,6654.18,72.97,5,14.17,HFO,647.21,2013.78,52.04,130.09,221151.4
Container,90564.28,49450.5,15.87,1427.91,30.89,5,11.44,Hydrogen,381.16,0.0,0.0,0.0,1600851.09
Tanker,197236.02,21045.65,15.92,3494.82,93.02,3,14.3,VLSFO,923.78,2749.71,18.94,170.44,454497.87
Bulk Carrier,41750.33,10212.64,14.1,11364.43,47.89,7,12.07,Ammonia,1095.64,0.0,0.0,20.38,509474.37
Container,117123.19,31448.31,14.68,7019.43,91.52,5,14.68,VLSFO,3272.04,9739.54,67.08,603.69,1609841.41
Container,120494.96,27538.32,18.09,1484.03,51.37,3,12.15,Ammonia,272.77,0.0,0.0,5.07,126835.87
Bulk Carrier,40352.58,23063.79,15.33,3455.18,66.25,5,13.28,Methanol,927.54,1245.91,0.0,14.77,276869.57
Container,90532.85,59855.22,14.97,3330.34,51.25,7,12.37,Hydrogen,1930.15,0.0,0.0,0.0,8106612.4
Tanker,95247.97,34757.5,13.22,7262.11,76.22,5,13.57,Ammonia,3250.85,0.0,0.0,60.47,1511646.99
Bulk Carrier,33559.93,15983.49,14.77,3338.5,64.66,1,13.57,Ammonia,477.91,0.0,0.0,8.89,222230.46
Tanker,177594.43,33448.02,15.01,10738.09,60.92,3,13.59,HFO,3301.11,10271.35,265.41,663.52,1127990.52
Container,105737.96,22547.86,17.03,11440.41,76.74,4,14.33,Methanol,2956.08,3970.75,0.0,47.06,882389.96
Container,85245.52,57356.36,21.39,4780.23,61.82,4,13.04,Hydrogen,1851.41,0.0,0.0,0.0,7775941.47
Tanker,160474.46,17044.96,13.15,11008.43,62.05,7,13.01,Ammonia,2396.13,0.0,0.0,44.57,1114199.43
Container,132461.32,38686.43,20.09,6827.98,30.44,5,11.62,LNG,1110.57,3027.92,0.0,53.97,566723.42
Tanker,141346.91,37642.11,12.87,10473.47,47.03,6,12.81,Methanol,4790.24,6434.49,0.0,76.26,1429886.23
Container,144976.86,22515.46,22.07,1430.25,93.25,2,14.25,Hydrogen,245.06,0.0,0.0,0.0,1029253.64
Tanker,185949.24,17240.5,16.45,6874.93,62.23,3,13.18,LNG,943.88,2573.44,0.0,45.87,481660.37
Bulk Carrier,37753.99,16958.9,15.27,11050.08,73.43,8,13.59,Ammonia,2317.76,0.0,0.0,43.11,1077758.9
Container,92168.36,44385.46,14.19,3455.49,82.66,4,13.62,VLSFO,1930.44,5746.15,39.57,356.17,949776.42
Tanker,148109.75,27668.51,16.65,3424.94,31.88,3,11.8,LNG,473.07,1289.8,0.0,22.99,241407.22
Bulk Carrier,47130.61,18571.38,14.69,4861.87,95.44,1,15.13,Methanol,1206.13,1620.14,0.0,19.2,360031.04
Container,81624.21,50216.27,17.25,5110.56,33.29,3,12.06,Ammonia,1317.09,0.0,0.0,24.5,612446.25
Container,57181.4,33315.33,19.81,10554.25,49.31,3,11.96,Ammonia,1976.58,0.0,0.0,36.76,919108.43
Tanker,152496.33,16379.23,12.57,4839.62,68.07,3,13.57,Ammonia,926.33,0.0,0.0,17.23,430742.81
Tanker,84258.64,24504.57,13.19,6841.2,38.53,5,11.84,VLSFO,1378.52,4103.31,28.26,254.34,678233.34
Container,133085.78,26033.7,17.61,11321.72,31.25,4,11.95,Hydrogen,1450.46,0.0,0.0,0.0,6091947.5
Tanker,125597.44,26262.92,15.95,3328.19,35.49,5,11.53,Ammonia,587.94,0.0,0.0,10.94,273390.04
Bulk Carrier,31955.21,15258.62,15.38,1560.21,48.59,5,12.13,VLSFO,210.44,626.4,4.31,38.83,103536.84
Tanker,135483.34,33086.73,12.94,6826.67,45.4,6,11.78,Ammonia,2241.66,0.0,0.0,41.69,1042371.87
Tanker,96912.72,22850.96,14.79,3655.75,32.51,3,11.22,Hydrogen,450.74,0.0,0.0,0.0,1893113.04
Tanker,150150.04,23411.59,13.95,4994.72,71.03,1,13.18,LNG,1151.86,3140.5,0.0,55.98,587793.99
Container,122800.19,33818.55,20.23,3644.92,73.41,7,14.3,Hydrogen,1048.08,0.0,0.0,0.0,4401920.57
Container,50057.28,48600.81,18.35,4916.06,57.88,5,12.28,HFO,1941.12,6039.76,156.07,390.17,663280.76
Bulk Carrier,68255.65,13660.39,13.53,5099.6,50.04,3,12.4,LNG,568.08,1548.85,0.0,27.61,289892.17
Tanker,125682.0,15742.51,16.19,4794.47,30.27,4,11.07,HFO,414.53,1289.79,33.33,83.32,141643.52
Tanker,153319.45,30037.25,15.05,11355.76,85.07,4,14.32,Ammonia,3818.39,0.0,0.0,71.02,1775553.26
Bulk Carrier,57862.41,11343.93,14.23,7177.96,60.94,3,13.19,Hydrogen,723.24,0.0,0.0,0.0,3037618.59
Bulk Carrier,99647.53,9129.86,14.32,10486.57,92.12,2,15.1,Methanol,1264.62,1698.7,0.0,20.13,377488.58
Tanker,152816.22,22738.33,14.84,1567.78,73.4,3,13.93,LNG,356.98,973.28,0.0,17.35,182165.11
Tanker,92899.8,25836.59,12.29,1552.49,97.69,6,15.48,Methanol,859.33,1154.29,0.0,13.68,256509.75
Bulk Carrier,90382.79,10961.43,11.35,10917.88,71.11,5,13.51,LNG,1636.76,4462.57,0.0,79.55,835240.63
Container,110368.74,55478.8,17.97,1502.13,57.31,4,13.47,LNG,569.97,1553.99,0.0,27.7,290853.22
Bulk Carrier,47388.95,15783.01,15.17,10814.48,83.97,3,13.51,Hydrogen,1969.53,0.0,0.0,0.0,8272044.19
Tanker,101848.33,40350.79,13.15,11300.17,70.65,2,13.82,Ammonia,4714.03,0.0,0.0,87.68,2192025.14
Container,82449.24,52272.58,15.95,10784.65,38.46,3,11.64,Hydrogen,3367.32,0.0,0.0,0.0,14142757.55
Container,70292.38,46554.12,23.23,5245.92,55.71,2,13.04,Ammonia,1199.99,0.0,0.0,22.32,557997.52
Container,66566.72,22172.24,20.36,4813.28,75.11,2,14.0,Methanol,880.86,1183.22,0.0,14.02,262937.66
Tanker,167245.98,36232.0,14.91,3552.32,82.89,3,13.46,LNG,1439.25,3924.06,0.0,69.95,734448.97
Tanker,114026.63,16991.0,12.21,7068.11,89.76,5,14.88,LNG,1956.61,5334.62,0.0,95.09,998457.38
Container,85014.29,30211.61,17.94,1510.77,80.0,5,14.01,HFO,489.16,1522.02,39.33,98.32,167146.66
Bulk Carrier,48239.81,12023.84,12.4,4787.58,94.36,6,14.67,HFO,1125.55,3502.11,90.49,226.23,384599.12
Container,71813.63,47854.17,18.3,6717.62,94.33,4,14.81,Ammonia,3495.47,0.0,0.0,65.02,1625392.74
Bulk Carrier,71674.69,15193.25,13.15,3566.95,63.26,2,12.74,HFO,538.73,1676.26,43.31,108.29,184085.21
Bulk Carrier,59072.93,11021.42,14.87,1481.94,31.02,3,11.75,Methanol,103.65,139.23,0.0,1.65,30940.27
Bulk Carrier,40178.78,12234.89,13.3,7263.68,49.06,4,11.88,Ammonia,761.35,0.0,0.0,14.16,354027.22
Container,117451.42,30965.11,17.94,4953.68,94.18,2,14.46,LNG,1327.37,3619.01,0.0,64.51,677355.6
Tanker,114205.92,42288.43,16.93,6829.56,39.13,2,12.43,Ammonia,1692.92,0.0,0.0,31.49,787209.51
Bulk Carrier,56524.08,12690.27,11.03,1484.86,52.12,5,12.76,Methanol,266.89,358.5,0.0,4.25,79666.45
Container,134952.69,20002.1,15.25,3645.27,81.58,3,13.71,Ammonia,798.58,0.0,0.0,14.85,371338.42
Bulk Carrier,68275.17,22093.48,14.3,3406.2,92.9,4,13.93,Ammonia,1029.48,0.0,0.0,19.15,478709.49
Tanker,190670.27,44264.13,14.66,5134.69,40.97,3,12.35,Ammonia,1487.68,0.0,0.0,27.67,691770.29
Container,132153.68,52317.53,14.9,3670.26,69.45,5,12.96,Hydrogen,1970.74,0.0,0.0,0.0,8277128.03
Container,144915.4,52649.01,14.23,6795.95,60.08,5,12.69,Methanol,3995.59,5367.08,0.0,63.61,1192683.63
Tanker,150087.66,20661.4,12.55,4851.15,44.77,4,12.64,VLSFO,980.46,2918.43,20.1,180.89,482385.59
Bulk Carrier,66818.72,13047.58,13.47,4811.01,61.96,4,13.67,Hydrogen,649.5,0.0,0.0,0.0,2727900.26
Container,127870.3,43861.85,19.38,1451.94,38.6,5,11.38,HFO,375.77,1169.2,30.21,75.53,128400.75
Bulk Carrier,94888.08,12943.36,11.84,7185.33,61.68,3,13.09,Methanol,1202.05,1614.65,0.0,19.14,358810.59
Bulk Carrier,71751.08,12732.79,13.95,3595.64,83.42,5,14.23,Ammonia,556.7,0.0,0.0,10.35,258863.57
Tanker,192472.06,38423.88,12.96,3363.86,91.42,7,14.18,LNG,1901.97,5185.66,0.0,92.44,970577.48
Bulk Carrier,71955.44,15715.08,12.27,11344.08,79.82,4,13.74,Methanol,3075.63,4131.34,0.0,48.96,918076.19
Bulk Carrier,64761.28,23794.62,12.62,6795.5,34.62,4,11.47,Methanol,1415.47,1901.33,0.0,22.53,422517.06
Bulk Carrier,88370.97,22348.12,15.46,1539.29,66.17,4,13.78,Methanol,371.73,499.33,0.0,5.92,110962.21
Bulk Carrier,58907.46,22375.54,11.0,5117.37,76.52,2,13.22,Methanol,1841.35,2473.4,0.0,29.31,549644.04
Container,139009.32,25255.64,16.77,7058.38,31.69,3,11.75,Methanol,1052.38,1413.61,0.0,16.75,314136.28
Bulk Carrier,80786.04,21780.08,12.23,3630.74,94.2,3,14.64,Hydrogen,1231.19,0.0,0.0,0.0,5170992.77
Container,67609.22,57995.25,14.12,3534.53,59.72,7,13.15,Methanol,2645.32,3553.33,0.0,42.11,789628.16
Container,102000.68,34981.78,23.63,3449.38,92.91,4,14.04,Methanol,1193.5,1603.17,0.0,19.0,356260.73
Bulk Carrier,34333.83,10004.53,15.73,10965.04,33.16,3,11.96,HFO,652.59,2030.52,52.47,131.17,222989.53
Tanker,173705.42,43782.94,12.14,10786.33,42.9,4,12.68,VLSFO,4558.72,13569.48,93.45,841.08,2242889.36
Tanker,165106.45,41423.94,13.16,5010.82,43.37,3,12.3,Methanol,1866.5,2507.17,0.0,29.71,557149.9
Bulk Carrier,78467.99,13881.39,11.22,6712.67,61.71,6,13.63,Methanol,1654.01,2221.75,0.0,26.33,493723.01
Container,134578.52,26695.96,20.63,7093.49,37.45,3,11.3,VLSFO,887.29,2641.1,18.19,163.7,436546.09
Bulk Carrier,62345.0,10527.08,14.35,3561.49,67.14,3,12.84,Ammonia,386.89,0.0,0.0,7.2,179903.2
Container,122819.54,37577.04,21.47,3346.9,52.07,4,13.12,LNG,732.92,1998.29,0.0,35.62,374011.12
Bulk Carrier,58452.37,24955.6,12.06,3579.31,44.7,4,12.73,LNG,790.78,2156.03,0.0,38.43,403534.39
Tanker,125744.97,36049.01,12.95,5055.59,99.81,4,14.93,Ammonia,2767.63,0.0,0.0,51.48,1286948.47
Container,83312.28,41285.48,22.24,1551.15,34.8,1,11.62,HFO,255.87,796.13,20.57,51.43,87429.84
Bulk Carrier,64600.68,9171.21,13.77,3645.26,58.77,6,13.12,Ammonia,391.53,0.0,0.0,7.28,182063.14
Container,87144.91,40524.95,21.39,5208.92,52.3,3,12.28,Methanol,1300.23,1746.54,0.0,20.7,388119.12
Bulk Carrier,44862.86,17653.1,15.75,7340.21,49.68,4,12.96,VLSFO,990.26,2947.62,20.3,182.7,487209.34
Container,74543.06,38563.32,19.09,11005.75,59.25,4,13.39,LNG,2942.09,8021.49,0.0,142.99,1501348.93
Container,125732.69,43535.62,17.28,1511.15,55.44,1,12.26,Hydrogen,411.66,0.0,0.0,0.0,1728956.04
Bulk Carrier,83366.16,8321.87,14.68,3567.45,84.7,4,13.95,Hydrogen,384.61,0.0,0.0,0.0,1615369.24
Bulk Carrier,72980.05,20624.66,11.27,3596.51,68.04,4,13.2,HFO,971.65,3023.28,78.12,195.3,332014.24
Container,133827.34,49222.25,17.57,3364.67,74.97,5,13.32,VLSFO,1742.13,5185.63,35.71,321.42,857129.71
Bulk Carrier,91822.47,18023.46,13.01,10837.1,43.27,4,12.43,VLSFO,1785.29,5314.11,36.6,329.39,878364.97
Bulk Carrier,68313.45,20942.0,15.99,1494.39,77.2,3,13.2,LNG,299.22,815.82,0.0,14.54,152694.43
Bulk Carrier,51871.13,11971.33,14.07,5039.23,99.05,5,15.24,Ammonia,888.3,0.0,0.0,16.52,413059.23
Tanker,97193.29,36473.33,13.12,7326.98,37.69,2,11.44,HFO,2040.89,6350.18,164.09,410.22,697371.52
Container,109218.43,49486.24,21.14,6954.53,39.28,5,12.36,LNG,1694.34,4619.55,0.0,82.34,864621.93
Bulk Carrier,58345.6,10442.77,15.61,3376.44,46.17,4,11.75,Methanol,310.68,417.32,0.0,4.95,92737.68
Bulk Carrier,31887.21,22873.71,13.17,4769.98,44.07,5,12.12,VLSFO,968.69,2883.4,19.86,178.72,476595.07
Container,114939.33,43576.16,23.07,7119.74,94.64,2,15.15,Ammonia,2302.35,0.0,0.0,42.82,1070592.85
Container,139581.6,54900.53,21.48,4941.07,81.42,4,13.48,VLSFO,2252.34,6704.32,46.17,415.56,1108152.07
Tanker,101601.49,41810.45,12.74,11191.65,86.49,5,14.86,LNG,6446.45,17575.99,0.0,313.3,3289623.76
Tanker,149638.26,29424.1,16.18,3653.21,47.17,4,12.13,Hydrogen,789.84,0.0,0.0,0.0,3317321.03
Bulk Carrier,47410.56,11011.85,11.4,10561.53,49.92,3,11.93,VLSFO,1293.16,3849.21,26.51,238.59,636232.44
Tanker,118455.04,37788.02,13.67,6932.37,78.44,4,13.8,LNG,3124.9,8519.92,0.0,151.87,1594636.83
Bulk Carrier,49533.14,9546.16,11.56,1559.95,41.8,5,11.92,Ammonia,146.67,0.0,0.0,2.73,68199.55
Bulk Carrier,85479.95,12266.03,13.13,3653.0,85.56,3,13.58,VLSFO,602.92,1794.64,12.36,111.24,296634.86
Container,92180.76,24352.26,22.97,3652.33,48.52,5,12.38,Methanol,563.22,756.54,0.0,8.97,168119.74
Bulk Carrier,78547.99,11201.91,15.51,1510.91,64.25,5,13.77,Hydrogen,170.54,0.0,0.0,0.0,716266.63
Bulk Carrier,81079.2,10501.21,12.73,11481.82,69.33,4,13.84,Ammonia,1503.07,0.0,0.0,27.96,698926.22
Container,97793.44,53268.15,17.28,1441.73,50.61,3,12.6,LNG,487.3,1328.61,0.0,23.68,248669.51
Bulk Carrier,37979.75,16372.87,12.8,10817.27,68.85,6,13.92,Ammonia,2476.77,0.0,0.0,46.07,1151700.3
Tanker,143438.3,32557.34,14.56,4999.27,80.1,3,13.48,Ammonia,1667.23,0.0,0.0,31.01,775260.31
Container,53825.64,29920.52,23.11,11301.21,77.32,3,14.55,LNG,2171.55,5920.65,0.0,105.54,1108143.73
Bulk Carrier,91593.6,8360.85,13.17,1431.79,90.06,6,15.2,HFO,198.01,616.11,15.92,39.8,67660.15
Bulk Carrier,36540.75,22532.81,13.64,4889.04,73.08,4,13.57,VLSFO,1369.74,4077.17,28.08,252.72,673912.15
Bulk Carrier,95987.81,12417.96,11.64,6936.6,61.94,5,12.95,Hydrogen,1071.29,0.0,0.0,0.0,4499409.06
Tanker,119327.96,29925.28,12.96,1476.26,69.8,4,13.8,HFO,519.08,1615.12,41.73,104.34,177370.58
Container,147315.08,22792.4,19.14,10937.09,88.8,4,15.07,Ammonia,2373.57,0.0,0.0,44.15,1103710.85
Tanker,184960.51,40982.83,15.6,3611.51,99.11,4,15.12,HFO,2083.47,6482.68,167.51,418.78,711922.13
Container,96782.01,33225.67,21.36,3555.8,83.23,3,14.29,LNG,864.08,2355.87,0.0,41.99,440938.79
Bulk Carrier,87607.67,18987.58,12.04,4924.54,41.06,3,12.18,LNG,719.41,1961.45,0.0,34.96,367115.74
Tanker,104246.2,24192.37,12.85,5014.12,47.3,4,12.04,LNG,1048.79,2859.47,0.0,50.97,535195.74
Bulk Carrier,96232.54,23414.4,14.21,1517.21,30.46,2,11.39,Ammonia,197.47,0.0,0.0,3.67,91823.81
Tanker,195725.08,40730.22,15.46,11526.45,95.89,1,15.49,VLSFO,5471.08,16285.21,112.16,1009.41,2691770.85
Bulk Carrier,83906.29,20721.72,15.49,6724.38,64.42,5,13.22,HFO,1454.77,4526.48,116.96,292.41,497094.25
Container,57021.93,27573.73,17.42,1553.23,63.09,4,13.38,Hydrogen,352.51,0.0,0.0,0.0,1480551.78
Tanker,84253.41,43412.08,12.5,3594.96,76.9,1,14.17,HFO,1936.55,6025.55,155.7,389.25,661720.55
Container,101683.52,38211.54,22.11,7036.44,70.1,4,14.08,HFO,2024.93,6300.53,162.8,407.01,691918.15
Container,145678.14,38487.63,15.49,6885.65,89.81,1,14.07,HFO,2848.94,8864.43,229.06,572.64,973484.27
Container,149940.13,47852.23,22.34,3579.75,92.17,4,15.1,Ammonia,1422.65,0.0,0.0,26.46,661531.26
Tanker,112206.91,39673.11,12.72,3568.87,56.23,3,12.51,HFO,1547.82,4816.03,124.45,311.11,528891.74
Bulk Carrier,59092.54,21968.9,13.94,4905.76,63.53,5,12.55,Methanol,1389.46,1866.39,0.0,22.12,414752.78
Tanker,121303.79,38682.7,12.13,7252.48,74.44,5,13.45,LNG,3478.34,9483.54,0.0,169.05,1774995.0
Container,113996.17,29239.46,20.78,3638.62,49.85,2,11.91,VLSFO,571.93,1702.39,11.72,105.52,281387.51
Bulk Carrier,48425.14,13625.0,14.4,3587.22,36.68,3,12.42,Methanol,369.35,496.13,0.0,5.88,110250.43
Bulk Carrier,94539.65,18448.55,14.87,1524.67,80.2,3,13.34,Methanol,375.51,504.41,0.0,5.98,112091.04
Container,75485.7,41948.59,14.57,6932.8,91.9,5,14.34,Ammonia,4003.32,0.0,0.0,74.46,1861544.89
Tanker,118814.51,26717.38,16.82,7115.89,34.78,8,11.78,Hydrogen,1430.88,0.0,0.0,0.0,6009680.05
Container,112360.63,30230.79,18.01,4934.84,32.3,4,11.79,Ammonia,807.37,0.0,0.0,15.02,375427.89
Tanker,120938.64,30308.21,12.97,5190.53,76.25,4,13.63,Ammonia,2015.13,0.0,0.0,37.48,937037.06
Container,107019.86,20625.71,21.07,5242.88,82.66,3,14.33,LNG,785.28,2141.03,0.0,38.16,400727.8
Bulk Carrier,95059.62,8161.41,15.52,1457.29,36.69,3,11.65,Methanol,82.01,110.16,0.0,1.31,24479.17
Bulk Carrier,69715.24,9926.24,12.95,7040.25,53.75,5,13.12,VLSFO,763.96,2273.99,15.66,140.95,375866.66
Tanker,160974.57,40540.8,15.54,7333.87,98.38,6,15.51,Hydrogen,4040.26,0.0,0.0,0.0,16969104.39
Container,147264.9,37639.61,20.53,6804.49,99.63,4,14.38,Hydrogen,2440.24,0.0,0.0,0.0,10249024.61
Bulk Carrier,69739.93,22384.95,11.13,4899.08,62.54,3,12.57,HFO,1512.95,4707.51,121.64,304.1,516974.79
Tanker,170790.37,32573.93,12.81,4927.21,54.74,3,13.31,Methanol,1862.93,2502.38,0.0,29.66,556085.5
Container,112008.52,23508.91,15.48,10843.28,49.27,2,12.2,VLSFO,1792.98,5336.97,36.76,330.8,882143.84
Bulk Carrier,69990.2,12070.31,12.17,1429.7,51.47,3,12.48,Methanol,196.34,263.73,0.0,3.13,58606.9
Tanker,120007.85,22707.95,12.77,1571.94,91.49,8,14.06,Ammonia,634.62,0.0,0.0,11.8,295096.25
Container,149751.35,23702.97,21.17,1478.63,90.76,5,14.83,Hydrogen,332.15,0.0,0.0,0.0,1395047.91
Container,140713.25,43408.42,17.35,3388.55,37.96,7,11.85,HFO,1069.34,3327.22,85.97,214.94,365392.76
Container,74089.27,46488.13,21.32,6912.38,91.19,5,15.07,VLSFO,3195.56,9511.9,65.51,589.58,1572215.53
Container,120732.98,24573.6,23.78,3340.96,80.9,3,14.54,LNG,530.56,1446.55,0.0,25.79,270744.46
Tanker,194902.13,39968.87,13.18,3358.85,53.11,6,12.93,Ammonia,1410.82,0.0,0.0,26.24,656030.31
Tanker,84146.97,24987.26,12.35,10517.49,36.92,6,12.36,Methanol,2722.87,3657.49,0.0,43.35,812775.7
Tanker,93123.34,29273.69,13.41,1479.72,91.25,3,14.48,Methanol,691.82,929.29,0.0,11.01,206508.9
Bulk Carrier,48100.92,14793.65,12.96,1515.53,65.9,2,13.89,Ammonia,247.18,0.0,0.0,4.6,114938.31
Tanker,148381.15,32240.32,16.43,4888.75,45.46,3,12.14,HFO,1082.21,3367.27,87.01,217.52,369791.1
Tanker,81062.28,36989.32,12.3,10947.83,83.69,4,13.52,HFO,5666.44,17631.01,455.58,1138.95,1936222.02
Bulk Carrier,94716.76,8726.85,11.11,7195.14,51.84,4,12.36,Hydrogen,736.92,0.0,0.0,0.0,3095074.87
Bulk Carrier,81921.97,17353.6,15.61,4976.0,50.95,3,12.46,Hydrogen,648.4,0.0,0.0,0.0,2723268.74
Bulk Carrier,99864.63,11426.98,15.55,11015.05,39.83,3,11.57,VLSFO,838.13,2494.78,17.18,154.64,412360.62
Container,83012.67,38674.95,23.35,7228.21,30.72,5,11.75,LNG,1043.73,2845.69,0.0,50.73,532616.34
Tanker,183966.64,16045.39,15.93,1441.6,97.54,2,15.6,Methanol,306.97,412.34,0.0,4.89,91631.35
Container,53910.06,34360.19,23.0,1567.98,47.11,5,12.43,VLSFO,319.43,950.83,6.55,58.94,157161.69
Tanker,195183.93,28929.9,16.81,6961.16,91.37,5,14.27,HFO,2526.72,7861.85,203.15,507.87,863381.05
Bulk Carrier,37971.82,15952.65,14.35,1455.92,72.88,4,14.04,Ammonia,252.71,0.0,0.0,4.7,117509.99
Bulk Carrier,85216.19,22840.7,11.59,5208.62,86.69,3,15.0,Hydrogen,1867.87,0.0,0.0,0.0,7845059.22
Container,125966.64,49031.46,22.42,1568.58,97.89,1,14.82,Hydrogen,556.46,0.0,0.0,0.0,2337112.84
Container,80525.21,30202.23,22.73,1436.97,98.36,4,14.67,VLSFO,413.04,1229.45,8.47,76.21,203214.09
Bulk Carrier,73215.06,22609.02,11.35,6880.81,34.18,4,11.87,LNG,1236.88,3372.32,0.0,60.11,631182.17
Tanker,160736.34,20687.77,16.67,3361.75,35.02,2,11.45,Ammonia,352.68,0.0,0.0,6.56,163994.52
Bulk Carrier,45851.51,15028.67,12.61,3337.57,55.9,5,12.57,LNG,553.17,1508.21,0.0,26.88,282284.92
Tanker,96025.96,44592.87,12.75,7325.02,99.98,4,14.43,VLSFO,5337.31,15887.03,109.41,984.73,2625956.08
Bulk Carrier,46786.52,20948.07,12.35,5068.6,62.43,3,13.12,Ammonia,1134.31,0.0,0.0,21.1,527452.1
Container,149812.43,46448.76,21.26,3494.72,68.48,4,12.98,VLSFO,1161.83,3458.3,23.82,214.36,571619.48
Container,53552.57,23427.07,17.73,3379.67,57.18,5,12.8,HFO,681.8,2121.4,54.82,137.04,232970.22
Container,97202.98,25223.51,16.79,1425.26,45.11,4,12.23,VLSFO,256.24,762.71,5.25,47.28,126067.85
Container,114390.13,51566.28,17.95,5239.13,60.68,4,12.56,VLSFO,2105.35,6266.79,43.16,388.44,1035833.0
Container,51297.46,36590.72,18.57,3430.22,60.08,4,12.98,Methanol,1056.41,1419.02,0.0,16.82,315337.58
Bulk Carrier,78929.33,18061.01,11.92,3441.01,79.51,4,13.57,HFO,872.84,2715.81,70.18,175.44,298248.06
Tanker,97290.39,22108.33,14.05,3598.36,35.96,2,11.74,Ammonia,491.15,0.0,0.0,9.14,228384.14
Bulk Carrier,30658.91,24893.75,13.95,1527.22,74.5,5,13.4,LNG,406.39,1108.01,0.0,19.75,207381.09
Tanker,175737.56,40969.04,14.82,11497.5,84.36,3,13.54,VLSFO,5581.35,16613.45,114.42,1029.76,2746025.24
Bulk Carrier,56469.26,24447.1,12.51,1572.66,93.54,7,14.56,Ammonia,723.05,0.0,0.0,13.45,336216.39
Tanker,126785.03,38080.71,13.03,1516.76,36.52,5,11.61,VLSFO,493.79,1469.82,10.12,91.1,242944.93
Tanker,82075.85,18569.02,14.16,3528.06,93.85,6,15.36,Ammonia,981.42,0.0,0.0,18.25,456360.29
Container,81655.97,21660.07,19.36,3498.24,36.84,2,11.62,Hydrogen,345.66,0.0,0.0,0.0,1451776.1
Bulk Carrier,75553.33,15525.13,11.21,4994.14,81.3,2,14.22,LNG,1044.36,2847.4,0.0,50.76,532936.73
Container,54626.29,35018.02,17.4,3475.42,74.59,4,13.35,VLSFO,1151.39,3427.22,23.6,212.43,566482.79
Container,98306.92,20000.9,22.73,3503.6,87.96,3,13.84,Methanol,600.16,806.16,0.0,9.55,179146.31
Bulk Carrier,62929.24,16265.71,13.97,11400.94,75.06,3,13.19,Hydrogen,2064.36,0.0,0.0,0.0,8670312.63
Container,135331.8,48226.97,14.01,3622.8,96.72,3,14.54,Ammonia,2231.94,0.0,0.0,41.51,1037853.83
Bulk Carrier,54883.01,24607.5,15.28,3394.87,83.19,4,14.24,VLSFO,1034.86,3080.37,21.21,190.93,509152.4
Container,69021.55,27981.15,22.33,3625.29,95.42,3,15.32,HFO,869.96,2706.85,69.94,174.86,297264.34
Tanker,162343.21,26421.57,14.98,5211.56,70.0,2,12.93,VLSFO,1389.05,4134.63,28.48,256.28,683410.18
Container,128230.26,24122.08,15.2,3497.04,73.33,2,13.16,HFO,809.45,2518.58,65.08,162.7,276588.59
Container,139937.27,29476.78,20.6,6725.49,37.8,4,11.91,VLSFO,1015.8,3023.62,20.82,187.41,499772.16
Tanker,164540.99,40508.24,15.58,4915.05,59.72,5,13.06,LNG,1796.57,4898.26,0.0,87.31,916787.24
Container,101838.88,59575.13,18.99,1570.15,98.89,4,15.2,Ammonia,956.74,0.0,0.0,17.8,444886.29
Tanker,159404.01,20811.18,14.91,4937.94,93.54,4,15.35,LNG,1167.59,3183.39,0.0,56.74,595821.71
Container,109896.63,42223.81,19.62,3482.12,38.18,3,11.54,LNG,721.35,1966.73,0.0,35.06,368103.75
Tanker,131462.29,28086.42,15.81,7250.02,39.07,3,11.84,LNG,1133.5,3090.43,0.0,55.09,578423.64
Tanker,189637.15,24545.99,13.47,11538.78,47.0,5,11.96,LNG,2289.65,6242.64,0.0,111.28,1168408.73
Bulk Carrier,83212.93,22430.6,14.46,3362.54,97.29,3,14.44,Hydrogen,899.26,0.0,0.0,0.0,3776881.95
Tanker,155015.29,29473.0,15.33,10867.15,82.99,2,14.09,VLSFO,3658.47,10889.8,75.0,674.99,1799966.63
Bulk Carrier,85701.09,20407.69,11.53,3609.97,59.76,4,13.37,Ammonia,907.39,0.0,0.0,16.88,421937.54
Bulk Carrier,89164.49,14107.35,12.94,7190.83,33.33,3,11.83,VLSFO,716.91,2133.96,14.7,132.27,352721.31
Tanker,141179.92,19073.22,12.03,6820.55,50.16,2,12.35,VLSFO,1268.43,3775.61,26.0,234.03,624066.97
Bulk Carrier,52257.82,16509.21,13.65,3423.72,83.77,3,14.85,Hydrogen,677.77,0.0,0.0,0.0,2846635.94
Tanker,148923.61,36175.83,12.05,5017.59,91.81,3,15.04,VLSFO,2687.69,8000.17,55.1,495.88,1322341.53
Tanker,111503.48,26934.7,13.19,11267.59,55.21,3,13.15,LNG,2458.83,6703.9,0.0,119.5,1254740.45
Tanker,172890.19,38277.99,12.56,3349.29,53.44,5,12.34,Methanol,1493.36,2005.96,0.0,23.77,445768.7
Bulk Carrier,31401.58,19272.32,15.05,10998.84,68.7,2,13.75,HFO,1958.52,6093.9,157.47,393.66,669227.09
Container,135871.18,21054.79,19.11,4821.32,50.14,5,12.54,VLSFO,737.41,2194.97,15.12,136.05,362805.46
Tanker,140495.57,23626.14,12.24,3598.75,56.83,4,13.46,Methanol,1109.67,1490.56,0.0,17.67,331236.13
Tanker,83026.57,25512.1,16.41,1525.6,50.26,4,12.07,Hydrogen,291.99,0.0,0.0,0.0,1226357.82
Bulk Carrier,82922.1,16423.62,14.4,6861.05,52.35,3,12.33,Methanol,1097.11,1473.69,0.0,17.47,327486.88
Tanker,112903.12,31414.43,14.6,10955.66,90.44,4,14.65,Hydrogen,4356.96,0.0,0.0,0.0,18299211.67
Bulk Carrier,55871.04,15898.56,11.29,3419.48,36.68,4,11.95,Ammonia,476.95,0.0,0.0,8.87,221782.03
Bulk Carrier,90928.92,13362.14,15.68,5068.09,44.91,4,11.99,Methanol,588.59,790.62,0.0,9.37,175693.94
Bulk Carrier,95380.56,15531.44,15.32,10546.66,53.65,5,13.16,Methanol,1618.41,2173.93,0.0,25.77,483096.12
Tanker,92768.64,27435.45,15.39,10779.39,97.71,3,14.92,VLSFO,3436.1,10227.91,70.44,633.96,1690563.46
Bulk Carrier,93077.68,12540.71,14.35,5249.17,89.86,6,14.02,Methanol,1034.18,1389.16,0.0,16.46,308701.83
Container,53351.2,49208.22,22.36,11319.04,83.85,6,14.78,Ammonia,5084.28,0.0,0.0,94.57,2364191.29
Bulk Carrier,76678.68,15026.58,12.27,1570.65,74.41,2,13.26,Methanol,323.61,434.7,0.0,5.15,96598.99
Tanker,136901.92,35716.22,16.76,7024.08,36.04,3,11.85,Methanol,1586.29,2130.79,0.0,25.25,473508.98
Tanker,86761.54,41387.73,13.12,7043.02,69.37,3,13.56,HFO,3426.77,10662.34,275.51,688.78,1170928.46
Bulk Carrier,44117.45,19546.62,11.11,7034.4,37.77,4,11.91,Hydrogen,1291.28,0.0,0.0,0.0,5423394.03
Bulk Carrier,52352.73,22792.85,15.56,1507.65,39.71,3,12.48,Methanol,243.71,327.36,0.0,3.88,72746.56
Bulk Carrier,88656.52,19795.56,15.32,11083.91,51.4,4,12.53,Methanol,1981.14,2661.17,0.0,31.54,591371.23
Container,119809.0,40021.74,22.98,3397.43,74.14,3,13.56,Methanol,1006.87,1352.48,0.0,16.03,300551.78
Container,135140.7,28270.03,21.28,6974.34,63.69,3,12.68,Methanol,1496.74,2010.5,0.0,23.83,446778.03
Tanker,95097.11,41049.52,14.08,7197.47,76.93,4,13.85,VLSFO,3716.2,11061.63,76.18,685.64,1828368.37
Tanker,152755.52,16062.88,14.61,7140.61,52.98,3,12.51,Ammonia,936.89,0.0,0.0,17.43,435652.34
Tanker,82292.8,30341.1,14.05,1471.26,91.56,5,14.35,Hydrogen,604.97,0.0,0.0,0.0,2540862.69
Tanker,137122.69,29790.51,13.26,1556.06,82.1,4,13.68,Methanol,674.32,905.79,0.0,10.74,201285.86
Tanker,168472.75,38240.55,13.71,7143.61,72.22,4,13.0,LNG,2841.44,7747.06,0.0,138.09,1449984.41
Bulk Carrier,92835.26,15342.28,12.54,6921.3,72.12,3,13.16,Hydrogen,1252.67,0.0,0.0,0.0,5261201.17
Tanker,92534.14,27485.47,15.29,11516.25,95.45,5,14.81,Methanol,5212.03,7001.06,0.0,82.98,1555790.74
Container,70318.54,37452.3,19.31,3529.46,66.34,6,13.95,HFO,1239.69,3857.26,99.67,249.18,423600.52
Container,78592.68,25190.14,16.33,6673.1,96.82,3,15.46,VLSFO,1923.04,5724.11,39.42,354.8,946134.1
Container,109141.81,39062.34,18.88,1566.44,52.49,2,12.58,HFO,407.65,1268.38,32.77,81.94,139292.55
Bulk Carrier,80479.44,16245.42,14.99,10843.24,47.1,5,11.82,Methanol,1722.0,2313.07,0.0,27.41,514015.95
Container,103668.99,40088.54,23.65,7043.34,77.22,5,13.93,Methanol,2379.25,3195.92,0.0,37.88,710204.86
Bulk Carrier,61983.99,14582.7,15.68,3622.97,80.74,3,14.38,VLSFO,579.6,1725.23,11.88,106.94,285161.35
Bulk Carrier,60435.01,22906.6,13.8,11320.29,31.19,4,11.4,Methanol,1941.33,2607.7,0.0,30.91,579488.09
Bulk Carrier,34805.34,16683.48,13.49,4868.18,56.19,3,13.05,Hydrogen,798.97,0.0,0.0,0.0,3355654.4
Tanker,108249.46,24943.74,16.17,3348.49,55.17,3,12.82,LNG,569.84,1553.65,0.0,27.69,290789.23
Container,132089.27,54577.4,22.13,3332.18,55.01,3,13.1,HFO,989.36,3078.37,79.54,198.86,338064.4
Container,112101.11,44658.05,22.51,4939.64,50.73,4,12.83,Hydrogen,1177.63,0.0,0.0,0.0,4946052.19
Bulk Carrier,61520.66,10307.74,11.05,3652.39,43.99,5,12.21,Ammonia,394.55,0.0,0.0,7.34,183467.06
Container,53988.27,37027.78,23.06,4774.72,41.93,3,11.97,Ammonia,757.32,0.0,0.0,14.09,352154.46
Tanker,170657.23,33225.16,16.54,11336.57,82.23,5,13.48,HFO,4344.08,13516.51,349.26,873.16,1484370.93
Container,141546.68,52073.28,19.47,4811.74,67.28,4,13.11,Ammonia,1817.37,0.0,0.0,33.8,845076.62
Container,81183.57,28724.82,14.81,3524.44,80.14,4,13.48,Hydrogen,1121.3,0.0,0.0,0.0,4709460.91
Container,82106.43,22474.61,18.84,10738.78,70.23,4,13.13,VLSFO,2046.34,6091.15,41.95,377.55,1006801.11
Container,90947.21,32916.74,16.39,1540.74,30.6,3,11.56,VLSFO,261.84,779.39,5.37,48.31,128825.15
Tanker,96820.13,20957.89,13.3,10798.26,60.09,4,13.46,HFO,2527.04,7862.83,203.17,507.93,863489.26
Bulk Carrier,74646.74,16365.54,13.88,1497.27,32.15,3,11.21,HFO,157.97,491.51,12.7,31.75,53977.53
Tanker,169560.31,31952.37,13.24,4837.59,47.75,4,12.2,Ammonia,1286.77,0.0,0.0,23.93,598346.77
Bulk Carrier,56065.93,9143.34,12.85,6997.91,44.77,5,12.09,LNG,546.96,1491.28,0.0,26.58,279116.07
Bulk Carrier,78236.87,20987.58,11.09,10571.02,91.12,3,15.25,LNG,3147.28,8580.93,0.0,152.96,1606056.54
Bulk Carrier,42619.96,17300.85,13.53,6966.83,66.25,3,13.23,Methanol,1501.95,2017.49,0.0,23.91,448330.78
Container,86072.02,32431.99,16.71,5118.26,76.02,4,14.31,Methanol,1824.25,2450.42,0.0,29.04,544537.57
Container,126357.45,34204.59,15.06,1568.13,38.18,3,11.53,LNG,317.75,866.32,0.0,15.44,162146.19
Bulk Carrier,56181.26,10635.3,15.58,3350.7,39.6,4,12.23,LNG,213.67,582.57,0.0,10.38,109036.62
Bulk Carrier,63277.44,10108.36,13.82,1523.8,40.71,5,12.25,HFO,132.74,413.02,10.67,26.68,45357.36
Container,83801.86,31983.9,16.08,3667.37,72.79,3,14.11,Methanol,1219.21,1637.7,0.0,19.41,363933.3
Tanker,176115.26,27292.71,16.68,4830.94,87.48,4,14.84,Hydrogen,1322.77,0.0,0.0,0.0,5555632.58
Tanker,145596.65,23982.56,14.54,1439.63,30.98,3,12.08,Ammonia,191.5,0.0,0.0,3.56,89045.55
Container,112140.27,30999.16,16.14,6772.17,96.97,3,14.7,Hydrogen,2368.73,0.0,0.0,0.0,9948682.11
Bulk Carrier,52347.54,21502.1,12.86,7055.34,43.77,4,12.0,VLSFO,1389.85,4137.02,28.49,256.43,683804.44
Tanker,95545.48,17695.6,13.33,6970.9,39.72,3,12.15,LNG,820.45,2236.92,0.0,39.87,418674.74
Bulk Carrier,65193.39,21046.05,14.43,7137.18,59.5,3,13.54,VLSFO,1381.32,4111.65,28.32,254.85,679611.13
Bulk Carrier,63611.04,20438.08,15.15,5110.58,32.27,5,11.63,Ammonia,623.41,0.0,0.0,11.6,289884.25
Tanker,130813.03,25325.74,15.93,3452.51,95.28,5,14.13,VLSFO,1197.48,3564.41,24.55,220.93,589158.75
Tanker,195814.11,28380.33,13.34,1497.34,36.66,4,11.31,Methanol,358.65,481.75,0.0,5.71,107055.64
Bulk Carrier,30788.16,12938.96,12.67,7095.19,65.48,3,13.81,VLSFO,1047.51,3118.02,21.47,193.27,515374.65
Container,104950.32,53488.06,16.96,3655.98,30.84,3,11.6,Ammonia,907.24,0.0,0.0,16.87,421865.62
Tanker,189407.06,32751.12,13.06,1499.89,64.34,1,12.8,VLSFO,519.2,1545.45,10.64,95.79,255445.83
Bulk Carrier,68796.78,8697.17,12.57,7007.39,49.9,3,11.88,HFO,559.18,1739.87,44.96,112.39,191070.78
Tanker,89879.35,42300.56,14.12,6840.53,38.89,2,12.24,Ammonia,1936.74,0.0,0.0,36.02,900583.27
Container,79378.71,37997.86,22.99,1444.24,41.24,5,12.66,Methanol,320.6,430.64,0.0,5.1,95698.08
Bulk Carrier,58632.79,8881.88,14.17,1429.9,48.38,3,11.84,Ammonia,98.5,0.0,0.0,1.83,45802.57
Bulk Carrier,32858.18,15401.02,11.89,7259.97,57.63,4,13.13,VLSFO,1304.81,3883.9,26.75,240.74,641966.2
Container,120242.26,45484.54,15.82,3499.87,36.65,3,11.82,HFO,1015.21,3158.8,81.62,204.06,346896.43
Bulk Carrier,35913.57,21208.56,15.45,6754.38,87.43,5,14.31,LNG,1633.23,4452.93,0.0,79.37,833435.83
Container,53359.23,37597.88,22.45,6800.95,89.41,3,15.18,VLSFO,2109.47,6279.05,43.24,389.2,1037859.67
Tanker,116217.18,19038.72,15.8,1566.28,37.57,4,11.81,VLSFO,215.15,640.4,4.41,39.69,105851.47
Container,63717.34,44890.95,22.55,7042.36,61.64,4,13.53,Methanol,2317.26,3112.67,0.0,36.89,691703.56
Bulk Carrier,67000.03,19404.76,13.35,1475.07,44.54,3,12.54,Ammonia,230.92,0.0,0.0,4.3,107380.03
Tanker,132089.83,16906.83,16.5,4874.49,41.65,1,11.83,VLSFO,506.45,1507.51,10.38,93.44,249175.54
Container,127331.96,53488.02,21.44,7031.43,62.43,4,12.92,HFO,2479.41,7714.65,199.34,498.36,847215.92
Bulk Carrier,36193.54,22564.12,14.9,6769.76,84.4,7,14.8,Ammonia,2311.32,0.0,0.0,42.99,1074765.26
Bulk Carrier,70644.16,12810.23,15.55,3429.16,48.07,3,11.82,Hydrogen,313.88,0.0,0.0,0.0,1318312.57
Container,86961.79,31571.32,22.08,3326.76,40.28,4,11.68,Hydrogen,476.04,0.0,0.0,0.0,1999362.32
Bulk Carrier,61775.33,14257.26,14.44,10869.27,71.38,1,14.17,Hydrogen,1468.6,0.0,0.0,0.0,6168119.14
Container,136903.8,24453.48,18.04,7230.46,89.78,2,14.58,Hydrogen,1584.71,0.0,0.0,0.0,6655799.84
Container,72037.44,57457.98,20.49,3455.05,78.29,4,14.08,Methanol,1949.61,2618.81,0.0,31.04,581957.61
Container,51667.35,52266.9,22.9,1525.44,34.35,4,11.16,Methanol,379.9,510.3,0.0,6.05,113399.33
Container,66859.71,40786.49,22.93,10965.71,76.64,3,13.5,LNG,2857.14,7789.89,0.0,138.86,1458000.56
Tanker,192553.09,44800.15,15.53,1542.67,55.46,2,12.71,Methanol,591.14,794.05,0.0,9.41,176454.74
Container,127732.76,50456.16,14.39,10884.67,49.99,3,12.88,LNG,4090.57,11152.77,0.0,198.8,2087417.36
Tanker,122053.35,44105.78,13.28,6735.66,49.06,1,11.93,Methanol,2781.18,3735.81,0.0,44.28,830180.8
Tanker,94471.83,27054.15,15.36,3485.45,92.34,1,15.22,HFO,1064.72,3312.87,85.6,214.01,363816.09
Tanker,102071.7,17715.79,12.49,11368.82,81.69,4,13.44,LNG,2431.21,6628.6,0.0,118.16,1240646.99
Bulk Carrier,83225.57,19078.38,13.46,3427.16,47.96,3,12.64,LNG,516.95,1409.44,0.0,25.12,263798.04
Container,121990.29,56997.51,16.5,1541.88,77.27,3,14.5,LNG,814.41,2220.46,0.0,39.58,415594.65
Tanker,190764.37,37040.36,12.08,7152.47,46.74,5,11.81,Hydrogen,2787.46,0.0,0.0,0.0,11707323.57
Container,133874.03,37450.6,23.11,1450.65,55.44,4,12.51,Hydrogen,293.46,0.0,0.0,0.0,1232522.57
Bulk Carrier,66560.93,22474.46,11.2,4845.4,46.57,7,12.65,Hydrogen,1338.51,0.0,0.0,0.0,5621725.41
Bulk Carrier,58891.32,11495.14,13.48,1435.16,69.32,4,12.92,Methanol,205.36,275.85,0.0,3.27,61301.04
Bulk Carrier,46883.71,22152.04,11.28,7297.36,53.05,5,12.17,Methanol,2419.76,3250.34,0.0,38.52,722298.54
Container,112601.73,22564.33,19.04,3456.44,98.29,3,14.82,Methanol,849.45,1141.03,0.0,13.52,253561.53
Bulk Carrier,37952.75,8301.94,13.36,11137.11,41.32,2,11.85,HFO,718.9,2236.85,57.8,144.5,245649.04
Tanker,163540.64,22771.46,16.57,3660.41,69.89,4,13.46,Methanol,895.66,1203.1,0.0,14.26,267355.38
Container,102666.32,26159.22,23.51,3535.51,32.99,4,11.27,LNG,313.18,853.88,0.0,15.22,159816.3
Container,100676.89,32012.07,17.69,1510.45,91.26,5,14.34,VLSFO,575.18,1712.09,11.79,106.12,282990.35
Tanker,90614.02,19698.51,12.38,4754.0,33.74,5,12.24,LNG,682.84,1861.73,0.0,33.19,348451.5
Tanker,164707.12,27179.24,15.47,1467.23,70.33,3,13.6,LNG,367.0,1000.6,0.0,17.84,187278.0
Bulk Carrier,96357.34,12898.02,11.78,5062.91,59.25,4,12.46,VLSFO,805.77,2398.45,16.52,148.66,396437.58
Container,53439.81,21628.85,16.86,3400.92,75.36,3,14.28,Methanol,778.29,1045.43,0.0,12.39,232318.71
Container,52511.5,45616.72,17.57,10612.27,60.99,5,12.96,Ammonia,3878.31,0.0,0.0,72.14,1803415.23
Container,51937.99,44863.41,18.74,3435.89,79.68,3,13.34,LNG,1283.24,3498.7,0.0,62.37,654837.22
Tanker,136926.92,35310.98,16.46,3639.81,76.05,3,13.34,Hydrogen,1304.75,0.0,0.0,0.0,5479944.38
Bulk Carrier,61179.9,17140.48,12.76,11440.33,52.92,5,12.09,VLSFO,2315.97,6893.7,47.48,427.3,1139455.07
Tanker,130393.32,31030.68,14.94,11250.51,60.7,5,13.52,LNG,3387.1,9234.81,0.0,164.61,1728439.52
Bulk Carrier,81944.31,12891.93,12.49,3531.1,51.93,5,13.13,LNG,438.61,1195.85,0.0,21.32,223821.42
Container,120468.86,20841.45,20.38,3425.99,84.26,4,14.69,Ammonia,602.4,0.0,0.0,11.2,280117.57
Bulk Carrier,65065.22,11044.9,15.47,3536.68,32.72,6,11.97,VLSFO,273.63,814.48,5.61,50.48,134624.46
Container,61245.04,48413.44,22.71,3330.09,40.37,2,11.56,Methanol,842.78,1132.06,0.0,13.42,251569.83
Tanker,181859.07,21825.55,14.92,5006.05,50.92,3,12.3,Ammonia,833.45,0.0,0.0,15.5,387552.55
Tanker,178506.48,34983.23,15.5,3440.2,30.32,4,11.56,Ammonia,652.2,0.0,0.0,12.13,303271.78
Bulk Carrier,81645.87,14088.62,14.19,7138.4,73.81,3,13.09,LNG,984.45,2684.05,0.0,47.84,502362.63
Container,54690.46,31204.14,15.78,4834.82,50.51,3,12.17,LNG,956.92,2609.0,0.0,46.51,488315.76
Bulk Carrier,68876.74,17113.23,15.48,3392.67,79.52,3,14.67,LNG,568.19,1549.15,0.0,27.61,289948.61
Bulk Carrier,53721.22,14598.2,15.95,5057.73,89.19,4,15.04,LNG,752.95,2052.89,0.0,36.59,384231.09
Tanker,137009.12,35834.3,15.98,5227.51,32.44,7,11.65,Ammonia,1253.77,0.0,0.0,23.32,583003.57
Container,74463.74,31858.15,16.94,5048.71,74.54,4,13.96,Hydrogen,1535.99,0.0,0.0,0.0,6451167.43
Tanker,196893.47,39213.38,12.05,1484.79,58.94,2,13.19,Hydrogen,593.79,0.0,0.0,0.0,2493903.35
Container,84874.32,24648.99,17.13,11003.56,69.8,3,13.51,Hydrogen,2488.01,0.0,0.0,0.0,10449661.23
Container,87477.41,27168.07,18.25,6987.21,96.22,4,15.27,Ammonia,2044.79,0.0,0.0,38.03,950828.33
Container,83378.56,53371.97,15.39,1521.32,56.23,4,12.68,VLSFO,719.91,2142.9,14.76,132.82,354197.86
Bulk Carrier,44740.38,19713.04,14.19,10775.28,51.87,4,13.03,VLSFO,1982.0,5899.63,40.63,365.68,975144.91
Bulk Carrier,65521.63,9586.27,14.04,1542.92,96.9,5,14.67,Ammonia,217.46,0.0,0.0,4.04,101119.32
Bulk Carrier,55208.72,11831.44,14.13,6773.58,54.06,4,13.12,VLSFO,729.69,2172.01,14.96,134.63,359009.39
Tanker,82458.38,44195.99,12.59,3541.02,58.43,3,13.41,Ammonia,1515.04,0.0,0.0,28.18,704495.82
Tanker,87639.4,23152.77,13.54,7171.52,76.88,7,13.45,HFO,2512.26,7816.84,201.99,504.96,858438.0
Container,129860.18,23042.91,15.16,1499.59,32.75,4,11.07,LNG,184.77,503.76,0.0,8.98,94286.65
Tanker,171188.92,20418.69,12.91,3637.85,87.74,4,13.92,VLSFO,1048.84,3121.98,21.5,193.51,516030.19
Tanker,106589.47,17984.14,15.26,11385.15,97.64,5,14.9,Methanol,3410.9,4581.69,0.0,54.3,1018152.75
Container,88127.99,23653.15,22.05,11439.11,60.37,4,12.46,Ammonia,1765.94,0.0,0.0,32.85,821164.13
Bulk Carrier,74277.78,22592.54,15.0,4823.26,75.32,3,13.24,HFO,1172.28,3647.52,94.25,235.63,400567.93
Tanker,139808.65,23415.29,12.15,10757.84,86.46,3,14.72,Ammonia,3607.41,0.0,0.0,67.1,1677444.26
Container,70168.35,31296.92,18.3,1493.2,44.44,3,11.9,VLSFO,295.9,880.79,6.07,54.59,145584.9
Container,143811.56,52867.59,17.18,10822.88,50.13,4,12.68,Ammonia,4113.58,0.0,0.0,76.51,1912814.22
Tanker,80010.68,29854.06,14.92,4821.28,60.12,4,13.04,HFO,1431.89,4455.29,115.12,287.81,489276.35
Bulk Carrier,70936.6,10114.31,15.39,6740.89,80.42,7,14.33,HFO,976.14,3037.25,78.48,196.2,333548.14
Bulk Carrier,60862.97,11233.95,13.82,3607.75,65.94,3,13.72,VLSFO,418.62,1246.08,8.58,77.24,205963.29
Tanker,175613.17,36439.95,13.36,6959.16,84.07,2,14.83,Ammonia,3242.75,0.0,0.0,60.32,1507880.09
Container,128356.05,32431.11,23.86,7262.56,65.66,4,13.16,VLSFO,1467.94,4369.47,30.09,270.84,722227.01
Tanker,128864.08,27319.2,13.58,10751.48,53.36,4,13.24,Hydrogen,2769.8,0.0,0.0,0.0,11633176.05
Container,95131.96,25877.38,16.29,1480.98,68.99,4,13.22,VLSFO,362.37,1078.63,7.43,66.86,178286.4
Bulk Carrier,38534.23,20148.62,13.95,4860.41,90.89,3,14.52,HFO,1286.34,4002.42,103.42,258.55,439541.72
Bulk Carrier,34851.06,11906.41,11.94,10981.58,64.56,4,13.48,Hydrogen,1511.58,0.0,0.0,0.0,6348624.71
Tanker,173587.06,37705.38,16.91,11214.82,95.63,2,14.43,VLSFO,4226.14,12579.54,86.64,779.72,2079262.92
Bulk Carrier,88114.28,21666.55,12.19,4842.47,84.82,4,14.49,VLSFO,1673.7,4981.95,34.31,308.8,823462.17
Tanker,197733.36,21243.36,16.41,6791.39,62.99,3,13.75,Methanol,1370.18,1840.49,0.0,21.81,408998.58
Tanker,122842.65,22338.1,14.08,3594.33,46.68,6,11.73,HFO,762.74,2373.25,61.32,153.31,260628.49
Tanker,103696.49,17746.1,15.05,3329.32,94.3,3,15.37,HFO,755.29,2350.07,60.73,151.81,258083.15
Tanker,116750.69,31520.93,13.92,10914.95,79.67,5,13.64,LNG,4115.1,11219.64,0.0,199.99,2099933.02
Container,133889.19,40477.76,16.56,1537.46,56.66,4,12.34,Ammonia,531.92,0.0,0.0,9.89,247344.89
Container,68940.68,22774.38,14.2,1460.82,60.85,3,12.56,HFO,301.39,937.76,24.23,60.58,102984.39
Bulk Carrier,68562.95,20294.98,11.31,6779.26,75.04,5,13.51,Hydrogen,2153.61,0.0,0.0,0.0,9045145.23
Container,148368.27,26501.9,23.19,5028.56,87.15,8,14.73,LNG,1184.62,3229.83,0.0,57.57,604513.1
Container,53331.03,28680.49,22.13,3611.96,83.44,3,14.3,HFO,852.71,2653.18,68.56,171.39,291370.04
Tanker,132446.45,38224.54,14.81,1447.69,70.45,5,13.31,VLSFO,685.92,2041.72,14.06,126.55,337474.97
Bulk Carrier,69739.6,20411.81,15.57,6870.76,39.58,3,12.44,Ammonia,842.18,0.0,0.0,15.66,391614.39
Tanker,149375.39,21762.37,12.65,10946.43,83.39,5,14.79,Ammonia,3320.31,0.0,0.0,61.76,1543944.47
Container,83902.01,56628.28,22.01,1461.66,74.31,4,14.37,LNG,561.18,1530.02,0.0,27.27,286367.72
Tanker,92413.87,18051.54,15.19,11057.8,50.38,4,12.11,VLSFO,1749.35,5207.11,35.86,322.75,860678.77
Container,50304.8,32925.12,22.47,11271.75,32.79,3,11.63,Hydrogen,1510.8,0.0,0.0,0.0,6345349.87
Container,88839.78,57923.73,22.02,1441.85,88.14,3,14.99,VLSFO,717.87,2136.81,14.72,132.45,353190.92
Container,109867.86,55671.74,21.48,11153.65,52.22,3,13.18,VLSFO,3838.38,11425.32,78.69,708.18,1888482.42
Tanker,166048.47,30172.8,16.28,4896.23,50.47,4,12.14,Ammonia,1108.14,0.0,0.0,20.61,515286.47
Container,136238.54,29637.21,22.14,4913.53,80.96,5,13.84,VLSFO,1333.19,3968.38,27.33,245.97,655930.54
Bulk Carrier,87102.28,12253.03,15.51,3398.73,31.13,6,11.18,Hydrogen,276.24,0.0,0.0,0.0,1160211.32
Tanker,191950.79,26555.31,15.95,10975.23,58.01,5,12.48,Methanol,2900.61,3896.24,0.0,46.18,865831.14
Tanker,139234.68,19117.86,14.78,1485.08,39.24,5,12.03,Hydrogen,204.19,0.0,0.0,0.0,857597.41
Tanker,138932.21,37746.12,14.56,6696.99,77.91,4,14.57,LNG,2861.95,7803.0,0.0,139.09,1460455.36
Tanker,112991.77,20262.61,12.77,5173.31,69.76,3,13.32,LNG,1149.61,3134.36,0.0,55.87,586644.16
Container,106434.14,32088.45,22.41,10729.05,80.75,4,14.53,HFO,2737.94,8519.05,220.13,550.33,935555.1
Tanker,158785.44,27039.21,13.24,5139.89,58.06,4,13.45,LNG,1275.67,3478.05,0.0,62.0,650972.53
Container,90236.8,21350.25,18.28,1447.83,38.89,5,12.31,Ammonia,188.61,0.0,0.0,3.51,87705.87
Bulk Carrier,62635.18,12205.79,12.78,1499.28,82.67,2,13.71,Methanol,257.01,345.23,0.0,4.09,76718.88
Tanker,97917.49,25305.44,12.69,1536.09,46.06,4,12.31,HFO,385.29,1198.83,30.98,77.44,131654.22
Bulk Carrier,90710.48,19429.39,15.83,3576.05,87.0,4,14.65,Methanol,949.52,1275.45,0.0,15.12,283433.05
Bulk Carrier,73629.03,9488.85,13.66,11226.82,54.47,5,12.36,HFO,1158.81,3605.61,93.17,232.92,395964.87
Container,89111.1,42563.06,18.79,3628.16,57.67,6,13.19,LNG,1116.8,3044.92,0.0,54.28,569903.88
Bulk Carrier,85213.34,20244.81,15.64,1447.47,75.56,5,14.33,Hydrogen,336.53,0.0,0.0,0.0,1413410.05
Tanker,141377.81,32219.78,16.99,3534.0,48.08,6,12.21,Ammonia,888.83,0.0,0.0,16.53,413305.85
Tanker,149876.33,18717.58,16.97,3637.08,83.21,3,13.7,Ammonia,622.65,0.0,0.0,11.58,289532.11
Tanker,165666.83,23951.1,16.57,4995.78,64.06,4,12.96,Ammonia,1027.81,0.0,0.0,19.12,477930.81
Tanker,152810.81,44278.54,13.87,1459.51,75.25,4,13.44,LNG,712.59,1942.84,0.0,34.63,363633.36
Container,102086.19,24734.88,16.93,3376.47,60.07,4,12.79,Hydrogen,690.79,0.0,0.0,0.0,2901325.64
Bulk Carrier,31678.69,13428.65,13.73,1429.41,86.65,3,14.55,LNG,215.77,588.29,0.0,10.49,110107.74
Tanker,87148.22,29927.26,15.05,3501.95,69.79,5,13.91,LNG,1028.56,2804.32,0.0,49.99,524872.04
Container,124609.29,40585.22,21.06,11003.12,49.37,3,12.38,Methanol,2857.16,3837.89,0.0,45.49,852863.56
Bulk Carrier,52046.08,12127.17,13.33,7041.06,95.47,1,14.48,HFO,1235.68,3844.8,99.35,248.37,422232.23
Container,78604.5,20933.91,23.49,1433.42,45.25,5,11.98,Hydrogen,154.57,0.0,0.0,0.0,649186.63
Bulk Carrier,36853.53,15623.65,15.69,3416.22,58.51,5,13.38,LNG,422.2,1151.1,0.0,20.52,215446.32
Tanker,162500.63,43610.09,16.01,4821.39,70.23,3,13.35,Methanol,2403.7,3228.77,0.0,38.27,717505.43
Container,109671.71,28473.94,16.47,1483.83,48.56,3,12.7,Methanol,313.88,421.62,0.0,5.0,93692.67
Container,132450.28,46190.77,22.07,10845.49,34.02,6,11.74,Methanol,2674.95,3593.12,0.0,42.59,798471.29
Tanker,84764.8,23690.69,12.66,1451.57,77.02,4,13.37,Hydrogen,447.23,0.0,0.0,0.0,1878350.21
Bulk Carrier,87097.96,16055.04,15.79,1538.04,55.06,4,12.54,Hydrogen,203.98,0.0,0.0,0.0,856734.76
Tanker,168681.82,35992.55,13.78,1447.87,49.29,4,12.7,LNG,443.29,1208.62,0.0,21.54,226212.74
Container,114211.43,23910.19,21.64,3583.32,42.72,5,12.27,Methanol,506.35,680.15,0.0,8.06,151145.23
Container,134036.93,22838.46,14.94,1456.67,55.77,1,12.42,Ammonia,245.47,0.0,0.0,4.57,114143.9
Bulk Carrier,96663.42,15951.51,13.21,11449.5,31.59,3,12.07,Methanol,1398.66,1878.75,0.0,22.27,417499.22
Bulk Carrier,88275.95,18944.03,13.92,1446.95,34.81,5,11.79,Methanol,218.44,293.42,0.0,3.48,65205.4
Container,56078.37,38513.05,20.23,11500.44,93.09,3,14.69,LNG,3646.42,9941.82,0.0,177.22,1860768.94
Container,109183.25,37882.4,17.31,1430.35,89.82,4,15.1,VLSFO,613.48,1826.08,12.58,113.19,301830.91
Tanker,155428.11,26023.95,16.38,1545.1,52.68,5,12.81,Ammonia,345.46,0.0,0.0,6.43,160636.73
Container,117236.61,20071.85,20.95,5030.27,42.54,4,12.06,Methanol,616.99,828.78,0.0,9.82,184172.63
Container,107439.9,28888.43,15.14,6886.64,95.26,5,15.39,Hydrogen,2610.86,0.0,0.0,0.0,10965613.79
Bulk Carrier,60808.48,12519.83,15.38,5042.41,50.26,3,11.95,HFO,483.84,1505.45,38.9,97.25,165327.11
Bulk Carrier,92022.45,17714.69,12.01,3613.91,31.3,4,11.83,Ammonia,452.41,0.0,0.0,8.41,210371.3
Tanker,112239.82,37057.24,13.87,11407.29,97.47,4,14.36,VLSFO,6434.37,19152.53,131.9,1187.14,3165708.05
Container,94865.81,33911.51,14.11,6949.62,80.25,4,14.61,Hydrogen,2790.25,0.0,0.0,0.0,11719041.62
Container,86981.77,26424.5,23.61,10751.05,38.12,2,12.27,LNG,1002.38,2732.95,0.0,48.72,511514.22
Bulk Carrier,33273.47,11190.32,12.17,7056.21,32.39,5,11.49,LNG,578.47,1577.18,0.0,28.11,295194.97
Bulk Carrier,48649.98,17588.99,13.7,7301.08,82.31,7,13.76,HFO,1989.86,6191.41,159.98,399.96,679934.79
Container,58922.72,44279.69,14.66,10910.09,50.26,4,12.37,LNG,3757.34,10244.25,0.0,182.61,1917372.52
Bulk Carrier,61309.9,14905.6,13.02,4829.34,51.66,3,12.03,VLSFO,635.17,1890.64,13.02,117.19,312502.92
Container,142093.01,41546.51,22.54,7198.12,39.51,6,12.11,Methanol,1813.71,2436.26,0.0,28.87,541391.02
Bulk Carrier,50667.93,23017.56,14.61,5163.87,71.18,2,14.1,VLSFO,1238.31,3685.94,25.39,228.47,609246.07
Bulk Carrier,58058.02,12346.76,11.74,1495.99,39.03,3,11.44,Methanol,181.03,243.17,0.0,2.88,54038.35
Container,138270.88,33291.66,20.38,1474.29,55.15,4,12.22,Ammonia,292.7,0.0,0.0,5.44,136104.02
Tanker,190932.96,15159.82,16.01,10758.87,80.72,5,13.72,Methanol,2067.15,2776.7,0.0,32.91,617044.31
Container,96530.44,51784.08,17.64,3523.53,37.08,3,12.34,Hydrogen,901.55,0.0,0.0,0.0,3786509.65
Container,85314.08,50333.8,20.76,7139.15,66.64,3,13.85,LNG,2260.29,6162.6,0.0,109.85,1153427.1
Container,106098.78,36949.84,17.33,11246.33,47.67,3,12.31,Hydrogen,2724.17,0.0,0.0,0.0,11441504.72
Container,86421.6,27558.31,21.2,1489.5,69.66,4,13.33,VLSFO,323.74,963.64,6.64,59.73,159279.94
Bulk Carrier,84114.6,13168.98,12.26,3599.43,77.67,4,14.04,Hydrogen,662.68,0.0,0.0,0.0,2783257.42
Container,97791.81,54823.47,21.71,4971.92,78.48,7,13.82,LNG,2305.84,6286.78,0.0,112.06,1176670.41
Bulk Carrier,64233.05,24102.34,13.47,11296.45,72.79,4,14.26,VLSFO,3282.89,9771.86,67.3,605.69,1615183.28
Bulk Carrier,97338.14,14896.92,15.2,1553.73,61.59,2,13.57,HFO,206.18,641.52,16.58,41.44,70451.12
Bulk Carrier,45016.25,22261.07,11.16,6859.78,87.83,4,13.71,Methanol,2836.43,3810.04,0.0,45.16,846674.65
Bulk Carrier,75536.58,8162.68,14.24,11085.07,85.39,5,14.57,LNG,1163.96,3173.48,0.0,56.57,593966.59
Tanker,84285.57,24820.3,16.01,1519.7,59.63,4,13.33,LNG,304.55,830.35,0.0,14.8,155413.14
Tanker,87387.8,27892.46,14.3,1487.98,46.89,1,12.78,HFO,333.35,1037.22,26.8,67.0,113906.45
Container,123936.46,46519.23,20.19,5046.26,51.48,4,12.06,Methanol,1692.29,2273.16,0.0,26.94,505147.68
Bulk Carrier,55992.81,22508.55,13.35,4757.06,79.53,5,14.39,LNG,1284.07,3500.96,0.0,62.41,655259.05
Container,88148.57,29041.52,18.55,5067.86,48.53,4,12.32,HFO,1006.5,3131.69,80.92,202.31,343919.83
Container,83434.19,56573.95,19.24,1445.64,38.04,1,12.33,LNG,361.34,985.18,0.0,17.56,184391.06
Container,147388.74,53788.2,16.15,1449.92,36.71,2,12.36,Ammonia,403.44,0.0,0.0,7.5,187601.56
Container,78393.95,49348.82,20.1,10683.98,82.17,3,13.98,Ammonia,4531.89,0.0,0.0,84.29,2107330.29
Tanker,160638.91,18988.91,13.56,4904.48,50.43,5,12.72,VLSFO,984.61,2930.78,20.18,181.66,484426.33
Tanker,134611.59,19823.73,16.97,10939.84,57.36,5,12.53,LNG,1610.43,4390.78,0.0,78.27,821804.44
Tanker,153760.72,32707.46,16.49,11467.95,72.87,5,13.52,Ammonia,3859.61,0.0,0.0,71.79,1794717.25
Bulk Carrier,44016.92,13402.47,11.25,3420.38,56.76,2,12.77,Ammonia,502.52,0.0,0.0,9.35,233672.73
Bulk Carrier,47398.85,12030.25,13.3,5092.82,50.63,2,12.41,Hydrogen,509.24,0.0,0.0,0.0,2138792.8
Bulk Carrier,32195.77,12037.98,14.81,4753.09,59.94,4,13.13,LNG,489.06,1333.41,0.0,23.77,249568.36
Tanker,190789.43,34651.4,16.48,3626.77,32.64,7,11.24,HFO,777.8,2420.1,62.53,156.34,265773.38
Container,54536.08,59090.02,19.96,1521.38,91.16,2,14.83,Ammonia,787.53,0.0,0.0,14.65,366199.23
Container,114257.8,27375.62,14.75,6720.43,82.03,3,13.77,VLSFO,2135.07,6355.26,43.77,393.92,1050455.78
Bulk Carrier,44087.94,9619.85,14.73,7062.02,77.34,4,14.08,Methanol,952.91,1279.99,0.0,15.17,284442.49
Container,67447.63,33505.69,14.55,4835.35,54.52,4,12.21,Hydrogen,1521.53,0.0,0.0,0.0,6390428.27
Container,68336.04,41785.46,17.94,3618.12,68.54,1,12.98,Hydrogen,1041.86,0.0,0.0,0.0,4375825.97
Tanker,167162.49,33967.26,12.71,10732.37,41.73,8,11.87,Hydrogen,3663.75,0.0,0.0,0.0,15387744.01
Container,79501.15,45973.11,21.88,11533.39,70.25,1,14.08,Methanol,3825.31,5138.35,0.0,60.9,1141855.9
Tanker,178616.24,41939.29,12.29,1497.27,86.72,3,13.86,VLSFO,881.36,2623.46,18.07,162.61,433629.88
Bulk Carrier,77826.75,21893.65,11.41,4826.75,56.49,3,12.4,Hydrogen,1194.9,0.0,0.0,0.0,5018585.27
Container,139308.54,36483.32,23.78,4891.62,30.17,7,11.19,Hydrogen,735.56,0.0,0.0,0.0,3089332.55
Tanker,143739.02,42702.98,13.58,11475.55,77.03,4,13.98,Methanol,6491.68,8719.95,0.0,103.35,1937765.57
Container,109941.45,52443.89,22.49,1478.61,74.18,5,13.37,LNG,547.16,1491.81,0.0,26.59,279215.72
Tanker,101342.5,23556.1,16.34,1568.01,77.96,4,13.6,VLSFO,366.61,1091.24,7.52,67.64,180370.91
Container,89377.84,27111.69,16.63,7029.76,49.3,5,12.38,HFO,1468.63,4569.62,118.08,295.2,501832.2
Tanker,127154.48,29915.13,14.51,3624.39,60.85,5,12.91,LNG,1006.65,2744.59,0.0,48.92,513692.76
Container,55463.06,21672.75,19.84,10798.25,61.94,5,12.46,Hydrogen,1712.51,0.0,0.0,0.0,7192524.26
Tanker,187937.97,21444.42,13.94,4822.41,42.4,3,12.38,LNG,764.76,2085.08,0.0,37.17,390254.77
Tanker,98853.19,18236.28,13.47,1426.03,57.34,4,12.5,LNG,239.95,654.21,0.0,11.66,122446.57
Container,126500.09,30275.8,23.43,3666.21,66.18,4,12.88,HFO,737.13,2293.57,59.27,148.16,251877.82
Container,118946.55,43901.48,21.71,5070.07,77.58,2,13.79,HFO,1674.76,5210.98,134.65,336.63,572265.46
Container,144458.68,52482.13,15.64,6681.79,57.67,2,13.05,Ammonia,2611.13,0.0,0.0,48.57,1214175.73
Tanker,89709.5,17546.31,14.09,10958.82,49.26,6,12.98,HFO,1888.76,5876.83,151.86,379.64,645387.89
Container,105155.31,24752.81,14.88,6671.79,57.15,3,13.48,Hydrogen,1371.35,0.0,0.0,0.0,5759688.65
Tanker,125770.89,23387.92,16.48,7275.18,94.13,3,14.13,HFO,1951.45,6071.9,156.9,392.24,666810.54
Bulk Carrier,40096.16,12770.4,12.4,1444.59,60.04,5,12.79,Hydrogen,225.41,0.0,0.0,0.0,946736.41
Bulk Carrier,59353.49,19327.67,12.84,11006.97,62.12,3,12.85,Hydrogen,2106.3,0.0,0.0,0.0,8846476.68
Container,106090.9,21278.11,16.33,1428.96,60.1,4,12.39,LNG,252.31,687.91,0.0,12.26,128752.45
Container,113893.81,21303.01,14.62,10575.76,91.29,6,13.96,HFO,3332.63,10369.41,267.94,669.86,1138759.76
Bulk Carrier,91428.65,20430.1,14.44,6953.56,75.68,3,14.47,Ammonia,1492.39,0.0,0.0,27.76,693959.92
Container,121898.56,48479.61,18.69,11044.19,67.91,3,13.38,LNG,3757.33,10244.2,0.0,182.61,1917363.99
Bulk Carrier,81572.58,15902.31,14.93,11228.89,77.76,5,13.81,VLSFO,2247.89,6691.07,46.08,414.74,1105962.03
Tanker,179275.05,24998.12,12.8,3340.43,90.66,4,14.67,Hydrogen,1243.12,0.0,0.0,0.0,5221094.14
Container,110549.1,22986.92,20.98,3512.22,33.23,3,12.22,Methanol,374.59,503.17,0.0,5.96,111815.66
Tanker,188376.29,25936.85,15.79,7073.53,90.79,4,14.33,LNG,1968.86,5368.01,0.0,95.69,1004708.45
Bulk Carrier,41733.83,16605.59,13.43,3389.93,88.71,4,15.0,Ammonia,742.04,0.0,0.0,13.8,345046.37
Container,57322.43,51225.72,23.53,1476.1,57.46,5,13.34,HFO,496.32,1544.3,39.9,99.76,169593.68
Bulk Carrier,79415.61,19498.49,15.98,5158.24,39.62,3,11.74,VLSFO,650.53,1936.38,13.34,120.02,320063.18
Container,86913.01,39409.7,15.91,7132.52,70.36,7,13.02,VLSFO,3201.37,9529.2,65.63,590.65,1575074.15
Container,136520.13,47071.6,16.4,11174.95,58.09,4,13.21,HFO,4566.59,14208.86,367.15,917.89,1560404.55
Container,52234.38,34558.99,23.27,5065.48,34.23,5,12.26,HFO,720.21,2240.91,57.9,144.76,246094.4
Bulk Carrier,47589.31,17409.55,13.57,3469.17,67.64,3,12.8,Ammonia,638.62,0.0,0.0,11.88,296959.86
Bulk Carrier,96656.17,12363.11,14.45,4918.03,89.85,5,15.14,Hydrogen,821.13,0.0,0.0,0.0,3448742.99
Bulk Carrier,57179.36,21132.43,11.94,11450.68,37.59,4,11.86,Ammonia,2082.27,0.0,0.0,38.73,968255.94
Tanker,140666.5,37762.5,15.19,3351.97,31.86,6,11.38,Methanol,936.96,1258.57,0.0,14.92,279682.41
Tanker,102100.84,15392.28,12.35,6937.25,32.77,1,11.43,LNG,649.67,1771.29,0.0,31.57,331524.46
Tanker,94371.1,37099.61,15.8,5213.31,77.09,4,14.05,VLSFO,2219.43,6606.36,45.5,409.49,1091960.05
Bulk Carrier,96946.67,14159.63,11.29,11419.86,92.92,4,15.34,Ammonia,2678.57,0.0,0.0,49.82,1245532.97
Tanker,111020.9,41333.55,12.12,10864.35,84.47,4,13.51,HFO,6637.63,20652.86,533.67,1334.16,2268079.4
Bulk Carrier,92034.24,24558.71,13.03,3632.14,64.51,4,13.23,Hydrogen,1001.56,0.0,0.0,0.0,4206561.68
Bulk Carrier,33486.78,21224.55,14.79,1427.76,57.77,5,12.67,VLSFO,316.83,943.07,6.49,58.45,155879.6
Bulk Carrier,87548.34,16845.43,11.12,4974.67,79.2,5,13.75,Methanol,1510.49,2028.96,0.0,24.05,450880.46
Tanker,133447.91,28588.38,12.02,1524.63,83.56,4,14.35,HFO,623.33,1939.47,50.12,125.29,212990.51
Container,69462.95,35282.32,23.94,6973.42,37.47,3,11.74,VLSFO,1033.23,3075.52,21.18,190.63,508350.89
Bulk Carrier,94305.14,13856.44,14.83,1570.51,68.94,3,13.69,HFO,223.18,694.43,17.94,44.86,76261.98
Container,60018.4,31536.52,23.97,10735.95,75.25,4,13.57,HFO,2506.45,7798.78,201.52,503.8,856455.58
Container,63309.68,30178.84,22.82,3425.76,31.97,4,11.64,LNG,385.88,1052.1,0.0,18.75,196916.9
Bulk Carrier,41925.95,15163.76,13.54,4891.14,62.36,3,13.26,HFO,710.49,2210.68,57.12,142.81,242775.18
Container,90189.38,44989.54,18.8,4823.79,74.23,6,13.57,LNG,1864.52,5083.54,0.0,90.62,951464.4
Tanker,120134.01,29912.03,13.53,1572.15,71.28,6,12.94,HFO,617.33,1920.81,49.63,124.08,210941.39
Tanker,175008.16,36091.22,16.01,7329.17,35.91,5,12.29,HFO,1743.86,5425.97,140.21,350.51,595875.35
Bulk Carrier,31543.52,11472.73,11.35,7251.74,55.66,8,13.11,Hydrogen,1186.63,0.0,0.0,0.0,4983853.94
Tanker,91286.66,37315.51,13.5,3327.63,86.83,5,14.13,Ammonia,1699.89,0.0,0.0,31.62,790449.31
Container,51864.48,51764.04,17.74,7019.73,72.43,4,14.04,LNG,3140.46,8562.35,0.0,152.63,1602578.6
Tanker,148206.74,41039.31,13.7,5128.67,54.97,3,12.83,Methanol,2261.82,3038.19,0.0,36.01,675152.72
Bulk Carrier,57094.09,15511.32,14.24,7342.59,42.76,4,12.56,Methanol,1058.74,1422.16,0.0,16.86,316035.01
Bulk Carrier,71286.24,23111.38,12.57,10782.53,73.48,5,13.55,HFO,3409.08,10607.27,274.09,685.22,1164881.28
Container,52327.35,32810.37,23.98,1451.04,64.88,4,13.7,Ammonia,295.94,0.0,0.0,5.5,137611.91
Bulk Carrier,85441.97,16126.89,12.46,5111.45,93.13,4,14.52,HFO,1336.21,4157.58,107.43,268.58,456581.27
Bulk Carrier,36187.57,15151.62,13.57,11293.08,75.71,4,13.37,VLSFO,2366.71,7044.76,48.52,436.66,1164422.77
Tanker,151275.41,36304.5,16.95,7057.87,49.13,3,13.05,Methanol,2193.41,2946.3,0.0,34.92,654733.47
Container,135102.52,55689.1,18.77,1520.3,79.91,4,14.52,LNG,719.06,1960.48,0.0,34.95,366935.05
Container,71204.67,33171.94,21.06,6796.83,33.62,2,11.72,VLSFO,941.23,2801.67,19.3,173.66,463085.71
Tanker,109285.43,16219.1,15.83,11000.05,47.16,3,12.11,Ammonia,1345.82,0.0,0.0,25.03,625804.93
Container,53780.3,20307.7,19.29,7333.81,70.05,3,13.98,Hydrogen,1099.78,0.0,0.0,0.0,4619072.24
Bulk Carrier,85564.98,13177.27,13.58,4873.05,88.65,4,15.15,VLSFO,889.7,2648.28,18.24,164.15,437732.07
Bulk Carrier,77158.17,15140.86,12.98,11172.21,77.44,4,13.59,LNG,2064.67,5629.23,0.0,100.34,1053598.62
Container,110094.64,31070.95,23.54,6944.18,49.29,8,12.46,VLSFO,1511.14,4498.07,30.98,278.81,743482.92
Bulk Carrier,66507.08,9567.79,13.71,6794.61,65.48,5,12.74,Ammonia,704.61,0.0,0.0,13.11,327643.79
Container,92631.9,43702.47,17.0,1474.26,77.89,3,14.02,Ammonia,547.75,0.0,0.0,10.19,254704.61
Tanker,125467.83,36543.75,13.87,3464.46,37.87,7,11.78,Ammonia,1020.35,0.0,0.0,18.98,474460.73
Container,65842.34,44559.35,18.69,1504.48,78.27,3,14.23,Ammonia,594.04,0.0,0.0,11.05,276230.88
Tanker,163049.93,41555.93,13.6,6664.89,57.77,4,12.32,HFO,2883.73,8972.66,231.85,579.63,985369.27
Bulk Carrier,54098.28,9940.67,13.67,4976.93,94.93,4,14.72,HFO,726.16,2259.43,58.38,145.96,248128.23
Container,135485.66,24018.6,17.93,1539.19,40.53,4,11.73,HFO,229.46,713.98,18.45,46.12,78408.12
Container,79792.24,40919.08,17.3,10482.65,40.84,5,12.14,HFO,3078.39,9578.35,247.5,618.76,1051886.32
Tanker,180199.92,41221.67,14.69,4862.69,31.21,2,11.75,LNG,1039.34,2833.71,0.0,50.51,530373.7
Tanker,188215.28,22104.44,16.07,1451.24,74.62,3,14.29,LNG,289.09,788.2,0.0,14.05,147524.15
Bulk Carrier,92741.93,18501.59,14.1,6793.42,66.65,5,13.86,Ammonia,1327.71,0.0,0.0,24.7,617385.32
Tanker,159939.43,18028.27,13.85,5223.89,37.85,5,12.27,LNG,648.73,1768.73,0.0,31.53,331046.38
Tanker,107520.1,29402.95,15.33,6781.41,97.57,5,15.14,Hydrogen,2600.89,0.0,0.0,0.0,10923739.39
Bulk Carrier,71084.06,13511.59,13.09,6672.57,41.35,4,12.43,Ammonia,742.38,0.0,0.0,13.81,345208.21
Tanker,150683.58,36108.89,14.2,6726.76,99.09,3,14.26,VLSFO,3647.09,10855.93,74.77,672.89,1794369.36
Tanker,149467.03,31419.58,15.81,11351.58,50.73,5,12.37,LNG,2911.08,7936.95,0.0,141.48,1485525.67
Container,120151.69,45355.69,18.84,10710.81,51.96,8,12.61,HFO,4456.35,13865.83,358.29,895.73,1522733.24
Bulk Carrier,72954.25,16065.15,14.76,3335.84,43.6,4,12.01,Hydrogen,363.82,0.0,0.0,0.0,1528032.36
Tanker,99686.81,24031.08,13.86,11267.89,88.48,4,14.4,Hydrogen,3531.95,0.0,0.0,0.0,14834202.16
Container,85703.33,53864.17,14.72,4959.42,95.1,2,14.66,LNG,2769.73,7551.54,0.0,134.61,1413390.73
Bulk Carrier,93274.95,15128.53,11.8,4779.41,44.63,4,12.13,Ammonia,665.54,0.0,0.0,12.38,309475.0
Tanker,198208.07,18337.3,13.67,5151.56,97.4,1,14.47,HFO,1278.66,3978.51,102.8,257.01,436916.79
Container,134384.35,34121.12,22.16,4896.81,96.7,3,14.73,Ammonia,1371.41,0.0,0.0,25.51,637706.94
Bulk Carrier,66626.74,17277.89,14.9,4785.36,34.6,4,11.38,VLSFO,586.77,1746.59,12.03,108.26,288692.53
Tanker,171901.97,37097.99,15.64,1549.03,83.71,4,14.58,HFO,662.61,2061.71,53.27,133.19,226415.06
Bulk Carrier,95150.31,8385.23,11.42,10590.78,60.74,5,12.81,Methanol,1325.59,1780.6,0.0,21.1,395689.07
Tanker,90451.07,24506.21,13.88,3557.0,32.18,5,11.81,HFO,624.01,1941.6,50.17,125.43,213225.07
Container,68474.75,39715.62,19.57,4855.5,97.81,4,14.73,Methanol,2331.27,3131.48,0.0,37.11,695884.2
Bulk Carrier,45651.31,24588.27,14.08,3525.7,46.21,5,12.03,Hydrogen,699.28,0.0,0.0,0.0,2936971.49
Container,134662.14,24041.32,17.93,11534.83,32.14,5,11.87,Hydrogen,1430.1,0.0,0.0,0.0,6006430.31
Tanker,189297.98,28415.94,16.38,10568.03,62.78,5,12.9,Ammonia,2794.35,0.0,0.0,51.97,1299372.51
Bulk Carrier,99331.74,17007.98,13.04,7065.07,56.98,3,13.16,VLSFO,1240.2,3691.59,25.42,228.82,610180.6
Tanker,181791.78,38015.47,13.36,7326.28,38.97,4,11.56,HFO,2335.89,7268.09,187.81,469.51,798174.74
Container,146240.5,34305.1,15.01,5171.39,40.91,1,12.06,Ammonia,1041.9,0.0,0.0,19.38,484485.44
Bulk Carrier,43853.25,9919.89,13.12,3518.84,40.39,5,12.32,HFO,319.64,994.55,25.7,64.25,109221.11
Container,59435.75,37503.44,21.27,1568.4,61.96,2,13.21,Methanol,387.18,520.08,0.0,6.16,115572.26
Tanker,106891.36,33335.17,12.47,1450.79,79.47,4,14.05,Hydrogen,652.15,0.0,0.0,0.0,2739015.68
Container,123313.58,43521.35,17.35,3564.18,53.54,2,12.85,LNG,931.14,2538.73,0.0,45.25,475162.94
Container,97223.16,57637.48,22.79,10708.91,86.57,2,14.54,Methanol,5020.65,6743.99,0.0,79.93,1498663.72
Container,56961.09,55955.48,20.7,3661.86,61.36,7,12.59,Ammonia,1623.65,0.0,0.0,30.2,754996.85
Bulk Carrier,58710.48,18179.98,16.0,6796.14,88.69,4,14.02,Methanol,1732.51,2327.19,0.0,27.58,517153.76
Bulk Carrier,76829.51,20155.43,15.06,4904.31,95.55,8,14.44,LNG,1535.67,4186.93,0.0,74.63,783650.92
Tanker,151275.33,44756.28,13.7,4841.5,54.28,3,12.55,Methanol,2278.67,3060.82,0.0,36.28,680183.3
Tanker,185436.74,17912.48,16.91,3387.66,80.91,4,14.27,VLSFO,663.34,1974.49,13.6,122.39,326361.86
Bulk Carrier,78433.2,21967.14,13.31,6671.78,61.25,5,13.33,HFO,1652.59,5142.0,132.87,332.17,564689.5
Tanker,145596.45,27784.92,12.98,11180.71,50.64,2,12.49,Ammonia,2860.19,0.0,0.0,53.2,1329987.41
Tanker,105876.44,44669.42,16.13,5040.05,64.86,5,12.9,HFO,2456.13,7642.21,197.47,493.68,839260.55
Container,68908.13,53903.38,22.58,3523.86,45.06,3,12.29,HFO,881.24,2741.95,70.85,177.13,301118.46
Container,113128.64,44861.95,17.22,3450.21,30.13,5,11.37,Hydrogen,781.06,0.0,0.0,0.0,3280448.29
Tanker,103530.28,22020.39,12.74,1443.02,44.06,3,11.75,Hydrogen,276.63,0.0,0.0,0.0,1161859.55
Tanker,116826.09,18385.17,15.84,10543.85,94.28,4,15.42,Methanol,2834.66,3807.65,0.0,45.13,846145.12
Bulk Carrier,32674.91,23182.45,13.73,1447.73,50.91,6,12.09,VLSFO,356.15,1060.12,7.3,65.71,175226.17
Container,122268.71,50660.01,22.89,1529.73,30.95,5,11.45,Ammonia,320.48,0.0,0.0,5.96,149025.08
Tanker,110558.71,39232.94,15.09,11008.42,64.12,3,13.51,Hydrogen,4057.2,0.0,0.0,0.0,17040237.44
Container,85342.68,52690.17,20.09,1457.62,67.26,1,13.19,HFO,504.28,1569.05,40.54,101.36,172311.24
Container,141341.13,32217.03,23.06,3420.72,75.08,3,13.55,VLSFO,759.04,2259.36,15.56,140.04,373447.62
Tanker,102096.2,18646.8,16.66,1514.05,32.84,3,11.29,Methanol,177.8,238.83,0.0,2.83,53072.83
Tanker,169319.61,38249.81,13.65,1570.42,97.77,6,14.86,Methanol,1067.08,1433.36,0.0,16.99,318524.55
Tanker,126946.89,17191.17,13.89,10891.94,73.08,3,14.28,VLSFO,2133.48,6350.52,43.74,393.63,1049673.48
Tanker,136342.94,32393.4,12.78,6911.43,53.92,3,12.9,VLSFO,2371.08,7057.76,48.61,437.46,1166571.4
Container,83961.63,26460.19,20.3,1468.88,96.83,3,14.99,VLSFO,379.15,1128.57,7.77,69.95,186540.65
Container,85632.35,45887.11,18.41,1476.99,72.93,5,14.28,Hydrogen,602.7,0.0,0.0,0.0,2531341.64
Bulk Carrier,69610.77,20999.99,13.09,1496.77,91.12,3,14.44,LNG,392.19,1069.28,0.0,19.06,200132.52
Tanker,153612.43,26972.56,13.37,6731.76,70.49,6,13.77,LNG,2098.83,5722.39,0.0,102.0,1071035.48
Bulk Carrier,87288.85,18728.71,11.16,1523.57,57.07,4,12.88,Ammonia,334.91,0.0,0.0,6.23,155732.54
Bulk Carrier,37053.68,13141.98,11.96,1539.37,78.9,3,13.78,Ammonia,267.6,0.0,0.0,4.98,124434.98
Tanker,137062.98,42828.97,12.56,4855.31,60.09,2,13.48,VLSFO,2109.63,6279.52,43.25,389.23,1037938.0
Container,69669.19,23700.37,20.69,1523.8,38.1,2,12.23,VLSFO,167.02,497.15,3.42,30.81,82173.15
Tanker,185139.9,43749.96,12.68,1519.79,69.66,5,13.78,VLSFO,867.43,2582.0,17.78,160.04,426777.64
Bulk Carrier,55546.46,12667.73,14.11,1469.01,91.89,3,15.16,Hydrogen,247.71,0.0,0.0,0.0,1040376.04
Container,59504.07,46529.86,15.78,1561.74,69.73,4,14.07,Hydrogen,717.68,0.0,0.0,0.0,3014257.76
Container,79873.39,49016.57,17.76,11217.44,44.06,3,12.22,Hydrogen,3280.49,0.0,0.0,0.0,13778053.51
Container,80070.58,52709.63,15.38,1533.55,93.8,4,14.95,Methanol,1186.48,1593.74,0.0,18.89,354165.2
Bulk Carrier,95717.17,13783.28,12.86,1459.38,38.93,4,12.18,VLSFO,166.83,496.59,3.42,30.78,82081.12
Container,64393.73,39090.36,22.83,11501.22,71.75,3,13.96,Methanol,3388.92,4552.17,0.0,53.95,1011593.16
Tanker,181850.9,21581.72,12.13,11361.95,75.78,4,14.39,Ammonia,3422.05,0.0,0.0,63.65,1591251.48
Bulk Carrier,56517.42,17941.04,12.88,5017.12,94.76,3,15.43,LNG,1155.08,3149.27,0.0,56.14,589435.1
Bulk Carrier,35040.8,9640.39,15.25,1550.58,37.99,4,11.4,Hydrogen,106.57,0.0,0.0,0.0,447598.48
Bulk Carrier,74121.77,20645.26,12.93,3377.96,91.39,3,13.9,HFO,990.2,3080.98,79.61,199.03,338350.5
Tanker,141675.86,39168.87,12.38,6832.68,91.96,5,15.06,LNG,3743.82,10207.38,0.0,181.95,1910471.87
Bulk Carrier,65127.81,13306.78,12.54,4773.95,88.2,4,14.61,LNG,857.65,2338.34,0.0,41.68,437657.34
Bulk Carrier,50077.04,18552.18,15.19,4913.17,38.14,3,11.67,HFO,606.52,1887.18,48.76,121.91,207248.66
Tanker,197700.01,34823.9,12.06,5010.16,76.12,4,13.28,Methanol,2916.37,3917.41,0.0,46.43,870536.48
Tanker,128986.94,26166.13,14.09,5062.43,54.44,5,13.02,LNG,1165.05,3176.45,0.0,56.62,594522.5
Container,99607.48,30783.52,19.31,3654.73,85.87,5,14.5,VLSFO,1170.28,3483.45,23.99,215.92,575776.95
Bulk Carrier,40576.31,12586.73,13.44,5033.19,79.64,4,13.8,Ammonia,761.61,0.0,0.0,14.17,354149.43
Container,128063.14,47034.82,16.81,1483.26,77.09,5,13.35,VLSFO,805.72,2398.3,16.52,148.65,396412.52
Container,62508.32,44253.81,18.63,7076.34,38.2,4,11.41,VLSFO,1704.57,5073.83,34.94,314.49,838649.86
Tanker,188718.57,31517.94,12.95,3394.94,32.38,3,11.41,Ammonia,727.58,0.0,0.0,13.53,338324.49
Container,118270.16,49149.15,22.85,4809.36,60.46,5,13.49,Hydrogen,1548.21,0.0,0.0,0.0,6502492.26
Container,55750.41,52239.66,22.08,5138.49,77.81,3,14.52,HFO,2026.81,6306.39,162.96,407.39,692562.65
Tanker,156519.83,37161.79,16.86,11248.52,83.44,3,13.64,HFO,4296.29,13367.82,345.42,863.55,1468042.71
Container,133388.8,49580.08,16.27,11024.27,33.24,5,11.8,Ammonia,3223.24,0.0,0.0,59.95,1498807.49
Tanker,95648.77,18201.97,15.23,3337.73,30.04,2,11.78,HFO,324.54,1009.79,26.09,65.23,110893.88
Container,132695.2,42452.69,22.1,11435.81,53.62,3,12.05,HFO,2823.09,8783.98,226.98,567.44,964648.54
Bulk Carrier,37304.84,24965.06,14.58,4875.74,52.09,8,12.35,Ammonia,1396.83,0.0,0.0,25.98,649527.78
Container,71353.39,45368.22,17.82,3559.15,45.76,3,12.82,LNG,1004.0,2737.37,0.0,48.79,512342.82
Bulk Carrier,34043.18,16954.71,14.36,3422.78,88.87,5,13.73,VLSFO,840.33,2501.33,17.23,155.04,413443.1
Tanker,197143.47,19109.95,14.09,6748.91,89.5,5,13.9,LNG,1750.99,4774.01,0.0,85.1,893531.0
Bulk Carrier,97155.93,16641.73,14.93,7014.3,66.76,4,13.17,Ammonia,1179.44,0.0,0.0,21.94,548440.16
Tanker,85903.38,40175.83,13.12,5026.03,60.64,5,13.61,VLSFO,2488.36,7406.85,51.01,459.1,1224273.49
Tanker,141792.27,29645.11,16.31,7245.86,82.71,5,14.18,HFO,2360.76,7345.46,189.81,474.51,806671.43
Bulk Carrier,47878.36,21061.5,14.87,6828.0,86.99,3,13.72,Methanol,1901.57,2554.28,0.0,30.27,567618.69
Container,113940.45,42668.88,20.78,10660.08,62.61,5,12.92,Methanol,3805.79,5112.13,0.0,60.59,1136029.36
Bulk Carrier,92755.23,14035.44,14.26,3328.89,99.88,3,14.36,Ammonia,640.95,0.0,0.0,11.92,298039.75
Container,65948.19,31372.07,22.25,11282.19,95.88,3,14.75,Ammonia,3044.06,0.0,0.0,56.62,1415487.03
Container,84323.4,34153.85,23.92,4808.04,62.14,4,12.83,Methanol,1160.35,1558.65,0.0,18.47,346365.8
Container,138084.69,55282.53,22.93,4989.26,65.91,4,13.48,Hydrogen,1684.49,0.0,0.0,0.0,7074863.98
Container,95745.46,31225.58,14.34,11064.61,62.22,4,13.46,VLSFO,3579.5,10654.75,73.38,660.42,1761115.31
Container,120250.08,46759.36,16.78,5228.72,76.6,5,13.47,Hydrogen,2472.65,0.0,0.0,0.0,10385132.77
Bulk Carrier,40921.87,13141.62,12.06,3581.07,54.99,5,13.24,Ammonia,526.75,0.0,0.0,9.8,244940.88
Container,58651.67,57650.84,17.64,10907.24,93.84,7,14.62,VLSFO,8447.06,25143.51,173.16,1558.48,4155952.09
Tanker,122155.66,20067.77,16.58,7249.72,86.56,4,14.69,Hydrogen,1595.9,0.0,0.0,0.0,6702762.1
Container,146319.16,23799.08,18.21,3382.01,45.33,4,12.02,HFO,545.28,1696.63,43.84,109.6,186322.5
Tanker,111555.99,43166.46,13.98,7021.13,78.19,4,14.02,Hydrogen,3636.07,0.0,0.0,0.0,15271506.34
Bulk Carrier,33029.86,16972.15,12.94,6978.03,96.89,4,14.35,HFO,1965.07,6114.28,157.99,394.98,671464.66
Bulk Carrier,51597.69,16264.34,13.95,5095.8,69.33,5,12.91,Hydrogen,976.99,0.0,0.0,0.0,4103353.34
Tanker,142928.67,38078.29,16.52,10634.86,63.47,4,12.79,LNG,3468.58,9456.94,0.0,168.57,1770015.0
Bulk Carrier,32576.3,24772.42,15.09,3477.08,95.52,4,14.44,VLSFO,1151.91,3428.78,23.61,212.53,566740.4
Container,70300.49,33653.58,23.11,11508.67,68.13,5,13.22,Hydrogen,2621.79,0.0,0.0,0.0,11011535.64
Container,65508.43,44594.11,15.98,10508.51,88.72,3,13.74,LNG,4908.92,13383.98,0.0,238.57,2505022.69
Tanker,165755.74,43824.08,15.14,6688.96,95.97,5,15.45,VLSFO,3885.57,11565.78,79.65,716.89,1911698.49
Tanker,108768.68,39536.23,15.87,3492.58,39.35,3,12.28,Hydrogen,866.11,0.0,0.0,0.0,3637646.26
Bulk Carrier,36500.55,17168.99,11.72,6742.33,59.92,2,13.38,HFO,1343.32,4179.71,108.0,270.01,459012.4
Tanker,178169.65,30272.07,13.27,3545.4,98.16,4,14.17,HFO,1660.84,5167.68,133.53,333.83,567510.44
Tanker,132577.53,17137.21,14.66,1523.33,30.12,4,11.83,Hydrogen,140.78,0.0,0.0,0.0,591277.33
Container,143039.39,56343.17,22.95,1486.57,40.35,3,12.38,Hydrogen,366.27,0.0,0.0,0.0,1538349.24
Container,55388.26,35669.36,17.52,3622.96,40.83,4,11.71,Ammonia,762.43,0.0,0.0,14.18,354531.37
Container,93715.38,49864.74,17.53,1455.73,87.63,3,13.91,Methanol,845.28,1135.42,0.0,13.46,252316.15
Bulk Carrier,59320.42,9577.58,13.81,11087.24,49.21,1,12.99,LNG,731.94,1995.6,0.0,35.57,373508.09
Container,111708.08,39112.29,15.49,11151.67,70.16,1,13.49,HFO,3984.37,12397.27,320.34,800.86,1361457.8
Tanker,103848.16,19439.27,12.91,1553.53,44.65,4,12.22,VLSFO,278.41,828.72,5.71,51.37,136977.73
Bulk Carrier,67900.53,21697.19,12.98,7215.41,58.61,8,12.43,VLSFO,2086.38,6210.31,42.77,384.94,1026497.13
Container,112583.61,35957.79,21.15,10571.53,48.56,4,12.62,Hydrogen,2196.8,0.0,0.0,0.0,9226544.84
Bulk Carrier,63341.04,23360.14,13.54,1473.06,30.53,3,11.62,Hydrogen,206.72,0.0,0.0,0.0,868217.28
Tanker,104192.43,40707.24,15.79,1566.67,51.75,5,12.88,HFO,587.31,1827.39,47.22,118.05,200682.35
Bulk Carrier,75262.15,14429.18,13.12,5158.59,40.39,5,11.57,LNG,616.13,1679.85,0.0,29.94,314409.5
Tanker,125714.42,20880.27,13.89,5031.54,32.16,3,11.05,Hydrogen,599.71,0.0,0.0,0.0,2518782.01
Tanker,159998.68,23842.76,12.1,7087.31,55.2,4,12.54,Hydrogen,1851.38,0.0,0.0,0.0,7775789.24
Bulk Carrier,55172.24,9344.71,11.34,10741.74,61.09,7,13.02,Methanol,1769.84,2377.34,0.0,28.18,528297.32
Tanker,181049.1,15803.1,14.33,1503.6,81.07,6,13.71,LNG,300.59,819.54,0.0,14.61,153389.76
Tanker,99134.79,29069.21,13.3,1442.33,42.57,5,11.73,HFO,404.36,1258.16,32.51,81.28,138169.57
Container,149601.78,20277.38,17.7,10789.69,91.26,5,14.06,HFO,2452.58,7631.16,197.19,492.97,838046.92
Bulk Carrier,41560.07,11657.95,15.77,3361.93,49.73,3,12.16,Hydrogen,275.2,0.0,0.0,0.0,1155839.78
Tanker,186456.38,41131.16,16.8,4878.9,52.05,2,12.09,LNG,1273.49,3472.12,0.0,61.89,649862.94
Tanker,150237.89,24953.46,14.72,11353.95,63.73,5,12.7,Ammonia,2958.59,0.0,0.0,55.03,1375744.27
Tanker,138956.45,34347.35,12.56,1556.14,33.39,3,11.85,Ammonia,395.24,0.0,0.0,7.35,183788.68
Container,97680.87,58072.09,16.26,6879.46,35.66,3,12.33,HFO,2343.79,7292.67,188.44,471.1,800874.36
Container,76508.66,22173.15,20.22,1428.32,77.24,3,13.8,Hydrogen,239.17,0.0,0.0,0.0,1004514.09
Bulk Carrier,54839.39,23270.39,15.04,7322.64,45.32,4,12.6,Methanol,1395.27,1874.19,0.0,22.21,416487.77
Container,143501.06,52493.97,20.58,1513.46,63.79,3,13.33,VLSFO,544.04,1619.4,11.15,100.38,267668.91
Bulk Carrier,82589.14,16059.61,14.53,10515.76,55.22,5,12.91,VLSFO,1718.92,5116.53,35.24,317.14,845708.24
Bulk Carrier,48220.97,13959.63,15.11,6735.11,78.45,3,14.19,LNG,963.0,2625.58,0.0,46.8,491418.75
Tanker,189541.41,26253.18,16.32,5118.1,36.22,3,11.77,LNG,692.1,1886.97,0.0,33.64,353176.74
Bulk Carrier,99695.07,9808.13,12.23,11009.97,91.16,5,14.34,VLSFO,1658.65,4937.13,34.0,306.02,816054.13
Bulk Carrier,44504.23,19763.05,14.69,3511.87,48.91,5,12.17,LNG,540.3,1473.12,0.0,26.26,275717.1
Tanker,84679.78,44014.14,16.94,1548.59,65.85,3,13.56,HFO,642.06,1997.75,51.62,129.05,219391.28
Container,130984.82,56784.94,20.82,5143.53,78.94,4,13.96,Methanol,2757.26,3703.69,0.0,43.9,823043.29
Container,129009.35,49941.74,20.7,5213.65,39.9,4,12.45,HFO,1496.23,4655.48,120.3,300.74,511260.75
Tanker,171633.05,29466.63,14.89,11099.14,95.65,4,14.69,Ammonia,4102.18,0.0,0.0,76.3,1907511.81
Bulk Carrier,95522.7,10296.97,15.71,4924.03,33.38,3,12.22,Methanol,329.92,443.17,0.0,5.25,98482.48
Container,91001.15,24127.86,22.62,11402.17,91.56,4,14.71,LNG,2043.42,5571.29,0.0,99.31,1042755.46
Tanker,186349.86,26008.15,14.15,3441.15,82.61,3,14.3,Methanol,1235.31,1659.34,0.0,19.67,368741.36
Bulk Carrier,87885.84,24127.72,12.95,1441.35,73.63,4,13.03,Ammonia,423.78,0.0,0.0,7.88,197058.54
Tanker,118431.41,23222.67,17.0,6902.42,76.83,3,13.57,LNG,1482.54,4042.09,0.0,72.05,756541.17
Bulk Carrier,52403.96,15821.81,14.24,11311.4,78.48,4,13.76,LNG,1936.29,5279.2,0.0,94.1,988086.41
Bulk Carrier,41075.59,13882.52,13.04,6672.87,32.6,5,11.64,Hydrogen,677.38,0.0,0.0,0.0,2845004.94
Tanker,113886.85,19160.86,12.33,11354.08,99.79,6,15.01,HFO,4162.94,12952.92,334.7,836.75,1422478.0
Tanker,105077.67,43823.91,13.55,3571.5,49.32,8,12.59,Methanol,2145.67,2882.17,0.0,34.16,640483.32
Tanker,168676.66,42567.49,13.07,1566.18,59.69,4,13.18,VLSFO,712.54,2120.95,14.61,131.46,350570.36
Bulk Carrier,33766.09,10669.23,12.55,11547.55,89.9,5,14.92,HFO,2005.98,6241.55,161.28,403.2,685441.78
Container,86890.82,53697.84,16.78,4838.03,69.56,3,13.23,VLSFO,2375.13,7069.82,48.69,438.21,1168565.55
Tanker,105112.2,25651.06,12.47,10864.4,79.58,6,13.31,Ammonia,3891.97,0.0,0.0,72.39,1809765.03
Bulk Carrier,92535.22,17565.9,14.64,1563.6,47.54,4,11.95,Hydrogen,219.16,0.0,0.0,0.0,920460.97
Bulk Carrier,97815.38,21959.31,11.32,11099.64,44.54,4,12.75,HFO,2458.69,7650.15,197.68,494.2,840133.18
Container,90841.4,45059.32,20.55,5059.61,86.67,3,14.23,Methanol,2156.78,2897.1,0.0,34.34,643800.26
Tanker,118797.64,41069.43,16.19,6698.63,69.18,5,13.36,VLSFO,2831.38,8427.88,58.04,522.39,1393037.93
Container,116398.28,56219.78,17.99,7124.03,96.38,3,15.31,Hydrogen,4084.23,0.0,0.0,0.0,17153770.04
Container,87013.04,38107.01,15.36,5071.98,84.25,4,13.66,HFO,2288.39,7120.27,183.99,459.97,781941.89
Container,122187.25,46231.93,17.98,1429.95,65.95,4,13.5,VLSFO,620.13,1845.89,12.71,114.41,305106.07
Tanker,95405.19,18904.18,14.29,3648.14,52.75,5,12.53,Ammonia,665.72,0.0,0.0,12.38,309560.3
Tanker,198567.28,18037.82,15.46,3443.76,60.23,3,13.33,Ammonia,529.62,0.0,0.0,9.85,246275.05
Container,91737.73,47726.09,19.68,11025.11,39.76,7,11.63,VLSFO,3264.57,9717.33,66.92,602.31,1606169.45
Tanker,165579.47,44112.11,15.01,5192.05,51.83,1,12.41,HFO,1809.0,5628.65,145.44,363.61,618133.75
Bulk Carrier,80261.68,8869.67,12.76,3432.4,32.48,5,11.1,LNG,218.02,594.43,0.0,10.6,111256.77
Container,88961.6,20394.9,14.27,6798.43,55.15,3,13.23,Hydrogen,1139.16,0.0,0.0,0.0,4784457.8
Tanker,196806.97,24203.71,14.12,1452.89,55.46,6,12.71,LNG,345.84,942.91,0.0,16.81,176481.29
Container,114199.94,43297.95,14.22,5232.29,71.55,3,13.64,VLSFO,2549.28,7588.18,52.26,470.34,1254244.14
Tanker,106349.59,28451.69,13.02,4784.99,87.09,4,14.89,Ammonia,1941.14,0.0,0.0,36.11,902630.83
Container,83992.53,29699.24,19.86,6967.67,30.52,1,10.97,Ammonia,780.35,0.0,0.0,14.51,362861.64
Bulk Carrier,33735.94,13541.06,15.43,3628.09,92.42,4,14.08,HFO,636.67,1980.98,51.19,127.97,217549.23
Tanker,180369.61,44669.52,12.8,6876.94,52.05,4,12.25,VLSFO,3093.98,9209.55,63.43,570.84,1522239.08
Container,59116.16,52171.76,18.91,3620.12,36.07,3,12.05,Hydrogen,850.25,0.0,0.0,0.0,3571059.83
Bulk Carrier,77115.98,12099.91,11.23,3408.73,33.66,4,11.68,Methanol,393.88,529.08,0.0,6.27,117573.7
Tanker,180762.7,32747.68,12.21,6993.8,41.2,1,12.48,VLSFO,1730.88,5152.12,35.48,319.35,851590.78
Tanker,116956.29,15550.53,12.18,11006.4,83.85,4,14.58,Ammonia,2427.02,0.0,0.0,45.14,1128565.95
Bulk Carrier,89613.13,23646.9,14.38,1438.19,97.51,4,15.51,HFO,510.17,1587.4,41.02,102.55,174326.76
Container,116732.9,52481.79,18.09,1520.43,76.26,3,14.17,HFO,711.63,2214.23,57.22,143.04,243164.96
Tanker,163652.91,34777.55,12.23,11476.5,54.12,3,13.17,Ammonia,4020.2,0.0,0.0,74.78,1869393.57
Tanker,128237.94,15212.04,15.69,10513.17,90.69,3,14.38,HFO,1812.83,5640.6,145.75,364.38,619445.54
Bulk Carrier,79845.51,15092.23,14.11,5199.42,52.63,5,12.19,Hydrogen,745.66,0.0,0.0,0.0,3131772.23
Bulk Carrier,38669.8,10879.42,12.56,10704.62,98.13,5,15.3,Hydrogen,1752.0,0.0,0.0,0.0,7358395.53
Tanker,103795.74,17319.98,15.46,6884.83,87.98,2,14.27,Ammonia,1273.82,0.0,0.0,23.69,592324.39
Bulk Carrier,41656.91,18914.37,15.5,4778.97,77.3,3,13.99,VLSFO,1054.36,3138.41,21.61,194.53,518745.52
Container,137099.08,59084.3,19.74,6943.54,31.58,4,11.72,Ammonia,1742.98,0.0,0.0,32.42,810486.21
Container,52284.77,44542.84,19.51,7300.68,31.26,4,11.73,VLSFO,1526.63,4544.16,31.3,281.66,751100.84
Tanker,141186.1,21688.79,15.59,7009.16,39.77,4,11.86,Hydrogen,1034.02,0.0,0.0,0.0,4342903.9
Container,87081.55,27263.67,23.01,1470.61,47.69,6,12.45,Methanol,277.63,372.93,0.0,4.42,82873.21
Bulk Carrier,72652.91,18035.92,14.39,3626.46,69.59,4,13.94,LNG,686.18,1870.85,0.0,33.35,350158.47
Tanker,137824.25,31027.79,12.27,3564.2,58.03,3,12.86,LNG,1114.87,3039.65,0.0,54.18,568919.32
Tanker,86713.46,33354.97,15.92,7079.84,36.07,5,12.3,VLSFO,1619.06,4819.29,33.19,298.72,796577.65
Tanker,103558.52,25502.78,16.78,10905.89,36.99,3,11.83,Methanol,1799.02,2416.54,0.0,28.64,537008.8
Tanker,113524.64,40871.84,12.51,4851.33,85.09,4,14.6,Ammonia,2876.57,0.0,0.0,53.5,1337605.38
Bulk Carrier,88427.5,13233.39,14.03,1482.61,31.45,4,11.15,Hydrogen,117.84,0.0,0.0,0.0,494926.57
Container,108202.08,28925.27,17.0,6965.11,36.19,5,12.13,Hydrogen,1220.61,0.0,0.0,0.0,5126582.69
Bulk Carrier,69128.21,18860.04,14.91,5045.11,33.33,2,12.15,Hydrogen,563.18,0.0,0.0,0.0,2365367.4
Container,87523.12,34151.48,18.66,5112.85,80.0,3,13.95,HFO,1627.97,5065.41,130.89,327.22,556278.99
Bulk Carrier,33719.2,24520.25,14.43,1532.71,79.18,4,14.39,VLSFO,476.19,1417.43,9.76,87.86,234286.72
Container,144195.02,45090.85,15.14,3385.34,44.19,4,12.53,LNG,1027.66,2801.88,0.0,49.94,524415.51
Container,89295.47,35739.2,21.35,4881.23,96.13,1,15.37,LNG,1291.61,3521.52,0.0,62.77,659107.49
Container,96364.63,56415.38,15.71,1506.24,74.35,4,13.19,HFO,960.68,2989.15,77.24,193.1,328265.62
Bulk Carrier,63789.8,21018.38,12.93,11254.0,35.93,5,11.24,Hydrogen,1859.38,0.0,0.0,0.0,7809396.83
Bulk Carrier,64562.21,10184.5,13.66,4764.3,69.7,5,13.25,Ammonia,532.73,0.0,0.0,9.91,247720.5
Tanker,121047.2,43837.01,12.19,10472.41,76.61,3,13.68,Methanol,7265.11,9758.86,0.0,115.66,2168634.9
Bulk Carrier,68523.24,15114.29,14.21,3537.86,89.39,5,15.13,HFO,746.18,2321.74,59.99,149.98,254971.0
Tanker,121528.48,17580.09,13.67,1540.79,93.76,6,14.44,HFO,478.03,1487.37,38.43,96.08,163342.15
Bulk Carrier,83014.81,24717.38,11.62,10961.6,63.21,2,12.92,Ammonia,3210.18,0.0,0.0,59.71,1492732.27
Tanker,174795.13,37831.68,14.76,1564.07,54.91,7,12.45,Hydrogen,596.22,0.0,0.0,0.0,2504129.46
Bulk Carrier,59269.38,11946.16,14.35,11073.56,53.22,1,12.91,HFO,1169.04,3637.44,93.99,234.98,399460.59
Container,113906.05,28745.42,18.49,11135.16,40.61,3,11.44,Methanol,1896.12,2546.96,0.0,30.19,565991.4
Container,94661.27,25984.77,16.88,5128.55,41.23,4,12.21,Methanol,951.19,1277.68,0.0,15.14,283929.41
Tanker,179656.82,26311.77,13.99,4932.83,71.06,5,13.13,LNG,1468.08,4002.65,0.0,71.35,749159.22
Container,131408.58,46283.14,17.55,7004.51,46.34,3,11.98,Methanol,2365.88,3177.97,0.0,37.66,706214.98
Tanker,188397.81,21256.13,14.08,7254.93,81.7,5,13.62,HFO,1977.66,6153.46,159.0,397.51,675767.54
Container,59553.57,49019.81,15.54,6824.54,35.24,4,12.24,Hydrogen,1976.94,0.0,0.0,0.0,8303159.56
Tanker,123409.3,40183.85,15.92,3364.29,40.58,2,12.34,VLSFO,890.22,2649.82,18.25,164.25,437986.76
Tanker,172218.79,18666.23,13.77,5227.28,46.87,4,12.15,LNG,791.84,2158.91,0.0,38.48,404073.88
Container,137250.63,56315.1,22.75,11500.36,89.01,8,13.9,HFO,6536.87,20339.34,525.56,1313.91,2233648.01
Bulk Carrier,50275.07,17370.49,11.23,3351.72,79.72,5,14.4,Methanol,1140.27,1531.67,0.0,18.15,340371.67
Container,114345.38,51037.16,19.75,11420.55,55.71,4,12.64,VLSFO,3931.36,11702.07,80.59,725.34,1934227.1
Bulk Carrier,66239.74,16715.42,13.02,7138.08,47.33,5,12.19,Hydrogen,1187.93,0.0,0.0,0.0,4989290.8
Container,57952.83,35324.98,18.39,11349.29,47.67,3,12.77,LNG,2313.81,6308.5,0.0,112.45,1180735.89
Tanker,85202.77,27921.71,15.36,5040.94,90.28,4,14.79,HFO,1825.95,5681.4,146.81,367.02,623925.98
Bulk Carrier,89645.38,20360.45,15.87,1478.9,76.78,4,14.28,Ammonia,306.93,0.0,0.0,5.71,142723.26
Tanker,197202.32,16722.47,13.14,7070.47,49.0,2,12.43,Hydrogen,1018.35,0.0,0.0,0.0,4277069.68
Container,103229.78,33999.32,16.01,4956.93,91.53,4,14.89,Hydrogen,1970.05,0.0,0.0,0.0,8274230.24
Bulk Carrier,77674.59,10944.75,12.07,3439.59,87.28,4,14.7,Methanol,674.61,906.17,0.0,10.74,201370.57
Tanker,194664.84,39618.36,16.85,11332.03,34.24,3,12.25,LNG,2274.26,6200.67,0.0,110.53,1160552.9
Tanker,186676.83,28124.77,15.86,6675.99,33.21,3,11.72,Hydrogen,1001.15,0.0,0.0,0.0,4204841.67
Bulk Carrier,31890.67,17124.31,15.29,4838.14,79.34,2,14.15,Ammonia,863.62,0.0,0.0,16.06,401581.72
Tanker,199098.88,23952.88,16.89,4944.37,68.32,4,13.83,VLSFO,1202.09,3578.14,24.64,221.79,591428.32
Bulk Carrier,30349.63,22244.54,15.11,11223.07,74.65,4,13.54,VLSFO,2877.03,8563.78,58.98,530.81,1415500.28
Bulk Carrier,35781.37,20576.69,12.06,3346.51,80.94,3,13.72,Methanol,1098.33,1475.33,0.0,17.49,327851.64
Bulk Carrier,74525.46,13044.8,15.01,5099.08,92.1,3,14.39,Hydrogen,775.0,0.0,0.0,0.0,3254987.8
Container,85566.48,52033.71,21.27,3435.09,54.82,3,12.45,Hydrogen,1000.04,0.0,0.0,0.0,4200160.65
Container,58619.44,49935.86,21.86,6695.29,54.13,4,13.06,VLSFO,2068.18,6156.13,42.4,381.58,1017542.87
Bulk Carrier,86729.54,23697.72,11.16,5007.0,79.9,3,13.65,Hydrogen,1638.39,0.0,0.0,0.0,6881244.46
Container,127556.56,56325.83,23.83,3562.91,51.94,3,12.32,LNG,901.81,2458.76,0.0,43.83,460196.0
Bulk Carrier,80995.02,17111.48,15.69,1554.64,32.43,5,12.18,LNG,153.96,419.77,0.0,7.48,78567.16
Tanker,151186.66,31195.55,15.09,1513.22,34.14,5,11.98,Ammonia,279.73,0.0,0.0,5.2,130072.5
Tanker,180994.64,19354.67,14.2,5234.36,48.29,3,12.67,Hydrogen,793.72,0.0,0.0,0.0,3333623.05
Container,124721.61,50250.93,17.97,10473.34,59.87,3,12.71,Hydrogen,3921.38,0.0,0.0,0.0,16469786.56
Tanker,141305.25,40789.2,14.09,10766.62,40.51,4,11.67,HFO,3172.22,9870.3,255.05,637.62,1083947.45
Container,149691.04,44288.45,21.71,1560.08,80.62,5,14.04,Methanol,717.39,963.64,0.0,11.42,214141.66
Tanker,88065.05,40684.07,15.07,3411.42,84.41,1,14.43,HFO,1580.77,4918.52,127.09,317.73,540148.01
Bulk Carrier,59424.04,19247.33,13.71,5137.89,84.8,3,13.81,VLSFO,1217.51,3624.05,24.96,224.63,599017.29
Container,143336.23,45609.14,16.76,5233.67,60.08,7,12.75,LNG,2089.11,5695.88,0.0,101.53,1066074.0
Bulk Carrier,84847.79,16500.66,12.37,3385.01,98.32,3,14.41,LNG,743.7,2027.67,0.0,36.14,379510.11
Container,76573.87,21402.55,19.16,1492.02,75.26,5,13.52,VLSFO,308.79,919.16,6.33,56.97,151926.68
Tanker,116528.11,19011.38,15.32,3385.73,35.3,3,12.2,Hydrogen,406.42,0.0,0.0,0.0,1706967.25
Bulk Carrier,90682.34,17778.16,15.84,7206.47,54.54,3,12.52,Methanol,1159.9,1558.04,0.0,18.47,346231.52
Bulk Carrier,53934.29,14734.03,13.23,1431.64,31.61,5,11.74,VLSFO,158.35,471.34,3.25,29.22,77907.5
Bulk Carrier,62371.02,14120.45,14.1,4880.1,45.63,8,12.33,VLSFO,691.82,2059.28,14.18,127.64,340376.64
Container,76256.87,40728.98,16.66,11116.67,76.18,3,14.11,VLSFO,4511.83,13429.9,92.49,832.43,2219818.94
Tanker,191722.68,21264.46,14.77,3367.81,34.23,1,11.21,Ammonia,389.45,0.0,0.0,7.24,181094.59
Bulk Carrier,46011.72,9279.04,14.82,4848.84,30.11,6,11.59,VLSFO,309.11,920.08,6.34,57.03,152079.94
Bulk Carrier,33492.83,16556.06,14.91,6917.47,77.9,4,13.82,HFO,1256.83,3910.61,101.05,252.62,429459.29
Tanker,133879.92,41049.28,16.97,10515.86,70.39,7,13.58,VLSFO,4836.5,14396.32,99.15,892.33,2379556.93
Tanker,163616.26,22641.71,16.26,3639.98,37.66,3,12.34,VLSFO,524.1,1560.05,10.74,96.7,257859.25
Container,120620.8,25777.35,17.43,4769.33,31.78,2,11.38,VLSFO,616.31,1834.52,12.63,113.71,303226.92
Container,92993.17,50086.69,20.48,7031.23,60.02,4,13.55,Hydrogen,2326.03,0.0,0.0,0.0,9769330.72
Container,130722.96,28279.95,20.58,6686.85,30.92,6,11.57,VLSFO,910.69,2710.76,18.67,168.02,448059.21
Container,52516.65,48411.99,17.52,10581.36,70.82,8,13.67,LNG,5427.88,14798.89,0.0,263.79,2769846.22
Container,52675.12,33144.05,20.12,3590.39,85.51,4,14.15,Methanol,1180.05,1585.11,0.0,18.79,352246.08
Tanker,126465.5,20796.44,12.26,1454.65,65.58,1,13.42,HFO,331.33,1030.94,26.64,66.6,113216.89
Tanker,165816.34,29801.43,12.89,1460.2,64.91,4,12.75,HFO,543.33,1690.57,43.68,109.21,185656.68
Bulk Carrier,46441.37,16125.7,12.77,10572.81,53.22,4,12.19,Ammonia,1690.9,0.0,0.0,31.45,786270.15
Container,111129.01,38625.94,18.66,1554.94,64.22,5,13.71,LNG,436.78,1190.85,0.0,21.23,222887.13
Container,59945.95,43719.53,18.82,4965.2,84.65,4,13.69,Ammonia,2082.18,0.0,0.0,38.73,968214.01
Bulk Carrier,85630.21,19766.38,14.68,3598.23,91.35,6,14.88,LNG,970.07,2644.85,0.0,47.15,495026.25
Tanker,145257.32,19725.51,12.34,11407.12,71.08,4,13.88,VLSFO,3180.86,9468.15,65.21,586.87,1564983.63
Bulk Carrier,43710.76,24915.25,11.25,1480.65,92.16,1,13.91,Ammonia,532.57,0.0,0.0,9.91,247645.38
Bulk Carrier,52981.85,19256.78,12.52,11185.42,70.9,3,13.46,VLSFO,2755.1,8200.83,56.48,508.32,1355509.39
Bulk Carrier,56309.39,22038.73,13.35,3437.3,38.88,4,11.48,HFO,579.13,1801.95,46.56,116.4,197888.45
Tanker,90063.02,32831.03,12.68,7031.92,98.58,5,15.14,VLSFO,3837.63,11423.08,78.67,708.04,1888112.17
Tanker,175537.71,23802.41,13.49,5186.42,49.74,2,12.81,VLSFO,1018.83,3032.65,20.89,187.97,501264.8
Tanker,160696.0,18461.91,15.89,5231.4,64.65,2,13.44,VLSFO,846.54,2519.82,17.35,156.19,416498.48
Container,98162.07,44805.69,15.55,7270.6,69.7,3,13.23,Hydrogen,3039.29,0.0,0.0,0.0,12765022.33
Container,72585.83,21792.56,21.48,6943.72,58.6,6,13.06,VLSFO,1202.58,3579.6,24.65,221.88,591669.18
Bulk Carrier,49653.39,21530.13,11.98,1442.57,41.25,6,12.25,Methanol,358.66,481.77,0.0,5.71,107060.68
Bulk Carrier,68689.1,21346.04,13.98,3569.61,76.07,1,13.15,Methanol,923.62,1240.66,0.0,14.7,275701.8
Tanker,134129.04,17187.96,13.09,10776.75,87.0,4,14.78,VLSFO,2517.6,7493.88,51.61,464.5,1238657.69
Container,123312.42,31651.51,17.67,11158.62,77.89,3,14.27,VLSFO,3432.03,10215.79,70.36,633.21,1688560.57
Bulk Carrier,34385.31,14279.2,15.35,11384.28,66.98,4,13.55,HFO,1703.98,5301.91,137.0,342.5,582251.5
Container,78188.38,41908.0,14.65,1494.92,63.89,3,12.54,Ammonia,574.49,0.0,0.0,10.69,267138.45
Bulk Carrier,54843.01,16934.43,14.77,1441.46,99.58,5,15.51,Hydrogen,335.5,0.0,0.0,0.0,1409079.97
Bulk Carrier,95572.95,11135.3,13.15,6998.14,52.42,5,12.68,HFO,810.0,2520.31,65.12,162.81,276777.77
Tanker,169909.1,18045.86,13.56,1511.37,91.49,7,14.34,HFO,470.86,1465.06,37.86,94.64,160891.27
Tanker,162066.71,32315.56,14.34,5059.88,68.8,3,13.27,HFO,1806.3,5620.28,145.23,363.07,617214.03
Tanker,137583.18,24935.82,13.04,1541.68,60.24,3,13.07,HFO,375.55,1168.52,30.19,75.49,128325.97
Tanker,122034.52,23585.16,14.32,1497.32,38.9,5,11.45,VLSFO,271.02,806.71,5.56,50.0,133340.64
Bulk Carrier,68602.22,12902.03,11.6,1574.25,83.47,3,13.66,Methanol,351.43,472.06,0.0,5.59,104903.23
Bulk Carrier,76463.47,20893.59,12.95,6797.68,85.65,4,14.5,Ammonia,1951.13,0.0,0.0,36.29,907276.88
Tanker,125687.6,33814.84,13.62,6932.45,67.46,3,13.98,Methanol,2889.5,3881.33,0.0,46.0,862516.83
Bulk Carrier,95410.38,16288.36,15.67,4829.26,69.21,3,13.24,LNG,704.19,1919.94,0.0,34.22,359347.54
Container,95347.18,37134.4,16.62,1488.8,92.29,6,15.07,Hydrogen,739.98,0.0,0.0,0.0,3107897.79
Tanker,100867.99,34598.29,13.72,3482.56,42.87,4,11.92,Hydrogen,939.52,0.0,0.0,0.0,3946004.06
Container,50831.76,33079.59,23.24,1472.13,94.29,3,15.07,HFO,397.87,1237.95,31.99,79.97,135950.86
Bulk Carrier,82945.64,22399.83,14.53,11530.04,76.59,3,13.83,HFO,3035.89,9446.11,244.09,610.21,1037363.58
Bulk Carrier,75987.05,19787.91,14.86,7195.56,72.37,5,14.09,HFO,1762.84,5485.04,141.73,354.33,602362.66
Tanker,80557.17,16749.02,15.57,3575.3,86.28,6,14.99,Hydrogen,759.53,0.0,0.0,0.0,3190012.12
Container,101174.55,20121.06,17.72,5159.06,76.36,5,13.65,LNG,973.42,2654.0,0.0,47.31,496737.64
Container,67998.86,26214.23,20.55,7160.91,98.57,5,15.39,LNG,1916.87,5226.28,0.0,93.16,978180.87
Container,95384.52,54516.98,16.25,6971.69,68.42,3,13.51,Ammonia,3544.92,0.0,0.0,65.94,1648390.05
Container,146692.59,53141.14,23.21,11138.74,84.53,4,14.37,LNG,4319.79,11777.73,0.0,209.94,2204387.06
Tanker,96942.41,43321.32,13.6,6651.71,87.17,4,14.58,Methanol,4475.28,6011.42,0.0,71.25,1335872.19
Bulk Carrier,68595.96,9355.27,14.22,11523.73,97.74,7,15.61,VLSFO,1811.06,5390.79,37.13,334.14,891040.37
Container,57664.01,49756.9,19.73,1553.13,67.1,2,12.89,Hydrogen,509.41,0.0,0.0,0.0,2139538.09
Container,103765.16,53504.23,17.1,5060.05,96.33,7,14.58,HFO,3624.99,11279.08,291.45,728.62,1238658.64
Container,87099.87,54625.19,20.19,5025.97,53.38,8,13.11,Ammonia,2098.56,0.0,0.0,39.03,975830.25
Tanker,122153.21,38708.66,14.22,7102.47,32.98,3,11.86,Hydrogen,1659.82,0.0,0.0,0.0,6971237.92
Tanker,87559.36,40014.8,15.17,10921.37,86.86,2,14.55,VLSFO,5380.55,16015.75,110.3,992.71,2647231.29
Tanker,154429.89,41095.52,13.24,3636.56,53.14,4,12.46,Ammonia,1507.39,0.0,0.0,28.04,700936.84
Container,62559.46,34844.24,21.8,10949.82,53.79,3,12.45,Hydrogen,2246.17,0.0,0.0,0.0,9433905.22
Bulk Carrier,91987.66,14947.38,15.18,7259.55,64.11,3,12.6,Ammonia,938.13,0.0,0.0,17.45,436231.61
Bulk Carrier,67319.1,16493.53,13.55,3372.61,85.93,6,13.64,Methanol,999.96,1343.19,0.0,15.92,298486.87
Bulk Carrier,96731.62,12433.42,13.96,1523.57,40.69,4,11.53,Methanol,160.14,215.11,0.0,2.55,47802.02
Bulk Carrier,74823.62,18373.97,13.99,5201.18,73.32,3,14.08,VLSFO,1042.07,3101.83,21.36,192.26,512699.44
Tanker,95017.68,39137.57,14.1,10899.2,30.88,3,12.02,LNG,2240.29,6108.05,0.0,108.88,1143218.02
Bulk Carrier,77485.6,13036.99,11.72,11311.69,54.68,4,13.13,LNG,1574.91,4293.94,0.0,76.54,803678.24
Container,55410.25,58436.03,18.1,4936.84,94.2,5,14.6,HFO,3357.56,10446.97,269.95,674.87,1147277.41
Tanker,146896.69,22279.19,14.63,1514.09,43.29,4,12.03,VLSFO,255.72,761.17,5.24,47.18,125813.23
Container,77669.26,35908.79,16.24,5152.84,95.24,7,15.35,LNG,2341.73,6384.64,0.0,113.81,1194986.11
Container,65343.38,48955.88,22.89,1532.2,36.2,5,11.47,Methanol,402.54,540.71,0.0,6.41,120158.72
Tanker,86066.81,19152.28,14.15,3672.16,64.9,4,12.66,LNG,710.38,1936.83,0.0,34.52,362508.08
Bulk Carrier,50384.9,24133.32,13.07,7299.91,97.57,3,14.44,Ammonia,2455.71,0.0,0.0,45.68,1141903.78
Container,68913.3,48771.4,16.0,6951.49,91.09,3,14.06,LNG,3553.2,9687.67,0.0,172.69,1813199.65
Container,149821.58,30939.43,16.81,5237.94,50.9,7,12.47,VLSFO,1561.96,4649.34,32.02,288.18,768486.22
Container,140622.2,26031.59,19.0,1471.08,92.32,3,14.66,LNG,359.32,979.68,0.0,17.46,183361.68
Container,144058.34,48372.24,21.07,11139.77,34.46,3,12.19,Ammonia,2330.26,0.0,0.0,43.34,1083572.36
Tanker,151955.09,39607.67,12.79,1558.67,66.81,3,13.36,Hydrogen,700.64,0.0,0.0,0.0,2942700.94
Tanker,100864.76,15988.26,16.78,1460.86,49.23,3,12.51,Methanol,201.15,270.19,0.0,3.2,60041.88
Tanker,96822.55,20367.85,16.87,11363.74,47.32,5,12.19,Methanol,2056.47,2762.36,0.0,32.74,613856.7
Container,99285.91,35590.68,16.35,5238.58,42.58,4,12.51,LNG,1193.18,3253.17,0.0,57.99,608881.38
Container,61814.9,23469.45,18.71,6848.48,97.79,5,14.43,VLSFO,2024.17,6025.13,41.5,373.46,995889.75
Tanker,131287.7,40683.66,16.08,11200.88,68.76,4,13.46,Methanol,4724.32,6345.94,0.0,75.21,1410208.57
Tanker,112346.75,39846.91,13.65,3556.14,75.6,3,13.31,Methanol,1896.35,2547.28,0.0,30.19,566061.95
Bulk Carrier,49711.77,16830.59,13.48,4764.18,96.91,4,15.53,Methanol,1443.8,1939.38,0.0,22.99,430972.85
Container,137549.64,52734.08,15.5,3488.45,55.12,8,13.03,Ammonia,1907.52,0.0,0.0,35.48,886998.94
Bulk Carrier,44604.4,24226.6,12.87,4853.84,97.53,5,15.31,HFO,1932.44,6012.75,155.37,388.42,660315.33
Bulk Carrier,40119.01,11671.05,14.74,1574.38,38.89,3,11.87,VLSFO,134.52,400.4,2.76,24.82,66181.95
Bulk Carrier,40596.55,22541.6,14.49,6867.5,60.67,1,13.24,LNG,1227.2,3345.92,0.0,59.64,626242.53
Tanker,173607.22,20711.38,15.43,3656.92,52.5,3,13.08,Hydrogen,607.2,0.0,0.0,0.0,2550239.17
Tanker,158530.52,37509.14,14.05,3655.32,60.77,4,12.89,LNG,1319.98,3598.87,0.0,64.15,673584.81
Tanker,88600.65,42104.35,13.62,7068.82,62.13,3,12.61,LNG,2946.37,8033.15,0.0,143.19,1503531.52
Tanker,186510.32,16659.76,15.71,3533.79,30.6,2,11.62,LNG,275.28,750.54,0.0,13.38,140475.31
Container,77212.31,22108.18,18.12,7293.06,43.68,4,12.01,Hydrogen,953.09,0.0,0.0,0.0,4002981.86
Bulk Carrier,47532.83,10597.93,11.77,10569.06,55.19,3,12.9,Hydrogen,1181.85,0.0,0.0,0.0,4963767.29
Container,105837.79,39153.02,22.75,7198.81,89.36,3,14.91,Hydrogen,2035.59,0.0,0.0,0.0,8549462.6
Container,50970.66,30836.85,14.84,1542.08,67.35,4,13.42,LNG,466.35,1271.5,0.0,22.66,237980.89
Container,148295.36,36771.81,23.55,3327.5,90.44,5,14.04,LNG,978.35,2667.44,0.0,47.55,499252.85
Container,77920.48,22830.78,16.73,1498.01,71.57,5,13.31,Methanol,399.77,536.99,0.0,6.36,119331.16
Tanker,127192.17,35672.2,13.12,11031.65,49.23,4,12.19,Hydrogen,3651.16,0.0,0.0,0.0,15334866.54
Tanker,99586.39,26325.12,14.19,4750.81,73.62,4,13.59,Hydrogen,1413.79,0.0,0.0,0.0,5937910.96
Container,91859.79,57468.96,21.53,4912.47,99.62,7,14.65,Methanol,3662.12,4919.14,0.0,58.3,1093142.94
Container,123663.87,23707.29,14.4,5115.17,85.23,2,14.06,HFO,1495.59,4653.48,120.25,300.61,511041.56
Tanker,138657.2,44073.36,13.15,1536.92,77.04,3,13.91,VLSFO,807.07,2402.34,16.55,148.91,397080.57
Bulk Carrier,97743.59,20069.07,15.59,11246.42,30.8,4,11.32,Hydrogen,1333.03,0.0,0.0,0.0,5598746.1
Bulk Carrier,67783.0,8242.87,13.14,3426.19,89.42,4,14.94,HFO,412.25,1282.7,33.14,82.86,140864.77
Container,113494.56,37114.29,15.49,10848.37,63.08,5,13.56,LNG,3557.62,9699.71,0.0,172.9,1815453.38
Bulk Carrier,53082.34,20291.86,15.37,4961.52,65.42,3,13.84,Ammonia,962.73,0.0,0.0,17.91,447669.11
Container,65459.69,22527.73,23.92,10910.77,51.68,4,13.19,VLSFO,1391.05,4140.61,28.52,256.65,684397.73
Container,142218.09,58287.76,16.83,10793.37,41.83,5,11.95,LNG,4106.71,11196.78,0.0,199.59,2095653.78
Bulk Carrier,56434.19,15751.74,12.74,3458.34,86.45,5,14.8,Methanol,906.09,1217.11,0.0,14.42,270468.04
Tanker,164941.4,17213.58,13.65,10886.22,80.38,3,13.86,VLSFO,2383.21,7093.85,48.86,439.7,1172537.43
Container,148337.15,26560.2,15.33,3661.66,98.48,4,15.14,Hydrogen,1228.21,0.0,0.0,0.0,5158482.57
Tanker,108329.01,26463.59,15.57,1439.5,36.81,3,11.52,Ammonia,222.55,0.0,0.0,4.14,103483.83
Bulk Carrier,99779.44,14561.56,15.33,10506.64,89.08,4,14.86,Hydrogen,1844.45,0.0,0.0,0.0,7746701.79
Container,130014.41,21710.97,17.34,4870.89,95.12,3,14.05,Hydrogen,1139.61,0.0,0.0,0.0,4786382.63
Bulk Carrier,60408.03,8337.33,13.9,3385.78,47.04,3,12.97,VLSFO,254.81,758.48,5.22,47.01,125368.95
Tanker,198416.54,28589.34,16.14,6752.05,68.11,5,13.85,Methanol,2201.08,2956.6,0.0,35.04,657022.12
Bulk Carrier,50502.65,13266.23,15.79,6848.63,49.04,4,12.77,Methanol,772.45,1037.6,0.0,12.3,230577.63
Tanker,160209.36,16597.52,14.64,6720.08,37.84,4,12.17,Ammonia,771.28,0.0,0.0,14.35,358646.11
Bulk Carrier,91629.63,10883.02,12.19,5042.4,41.77,1,12.4,Methanol,476.24,639.7,0.0,7.58,142156.64
Bulk Carrier,45376.24,17150.47,14.28,3469.37,39.6,2,12.27,Methanol,479.92,644.65,0.0,7.64,143256.26
Container,117473.55,51268.91,21.83,6661.07,55.65,3,12.83,Methanol,2108.88,2832.76,0.0,33.57,629501.78
Container,135617.82,21449.19,16.89,7028.33,57.28,2,12.82,VLSFO,1138.45,3388.71,23.34,210.04,560117.32
Bulk Carrier,31145.55,10968.08,12.35,3592.56,37.72,4,11.87,LNG,315.77,860.94,0.0,15.35,161137.83
Bulk Carrier,50979.41,16753.03,13.32,3518.51,68.4,1,13.89,LNG,554.79,1512.61,0.0,26.96,283108.24
Tanker,154168.22,16665.07,14.34,5062.92,41.06,4,11.68,Hydrogen,609.21,0.0,0.0,0.0,2558666.19
Tanker,123312.31,30026.1,14.59,6708.24,51.72,3,12.98,Methanol,1890.14,2538.93,0.0,30.09,564206.58
Tanker,159174.08,16350.06,14.61,5071.66,48.17,8,12.32,LNG,805.88,2197.2,0.0,39.17,411241.2
Container,90219.84,45895.88,19.55,1560.51,31.15,5,11.44,Ammonia,355.38,0.0,0.0,6.61,165250.47
Tanker,107036.7,42572.08,16.49,6795.43,56.12,5,12.33,Ammonia,2312.62,0.0,0.0,43.01,1075366.13
Bulk Carrier,51617.98,20473.52,14.56,3384.09,45.11,3,11.96,HFO,529.4,1647.22,42.56,106.41,180895.75
Container,86004.16,21285.06,19.07,3583.95,42.98,5,11.69,Ammonia,420.57,0.0,0.0,7.82,195566.53
Container,116946.06,56667.76,20.85,3513.54,79.03,5,13.43,Methanol,1980.58,2660.42,0.0,31.53,591203.76
Container,103772.84,43293.79,16.25,3349.85,52.19,1,12.51,LNG,906.13,2470.54,0.0,44.04,462399.68
Bulk Carrier,35702.42,15767.49,12.73,10574.12,81.12,4,14.51,Methanol,2758.74,3705.68,0.0,43.92,823484.21
Container,75675.85,22881.3,22.81,1542.16,61.53,5,13.38,VLSFO,227.5,677.17,4.66,41.97,111928.81
Tanker,156777.58,41905.49,12.08,11443.76,66.82,3,13.56,Hydrogen,5167.84,0.0,0.0,0.0,21704909.94
Bulk Carrier,91220.24,24914.08,14.26,5217.33,81.64,3,13.49,Hydrogen,1394.58,0.0,0.0,0.0,5857254.85
Bulk Carrier,77021.94,15668.49,15.73,4889.55,52.29,4,12.88,Hydrogen,604.86,0.0,0.0,0.0,2540423.06
Bulk Carrier,99677.24,15215.8,13.59,11385.73,72.6,3,13.6,Ammonia,1901.53,0.0,0.0,35.37,884209.39
Container,115675.48,46041.04,21.53,1437.23,93.33,4,14.83,Hydrogen,526.9,0.0,0.0,0.0,2212990.2
Tanker,168530.73,18846.71,14.1,6717.85,96.45,4,15.54,Hydrogen,1669.99,0.0,0.0,0.0,7013972.4
Tanker,153572.84,25624.1,14.94,6833.04,50.5,4,13.08,Ammonia,1485.13,0.0,0.0,27.62,690586.79
Tanker,155514.56,20302.87,12.77,3587.13,87.46,3,14.56,Hydrogen,959.92,0.0,0.0,0.0,4031643.57
Container,121676.13,51903.36,20.61,7211.61,81.05,6,14.16,Ammonia,3273.39,0.0,0.0,60.89,1522125.63
Container,140379.36,26424.54,17.43,1548.22,37.25,5,12.22,Methanol,311.53,418.46,0.0,4.96,92990.23
Bulk Carrier,86032.45,12528.71,14.97,1428.71,73.38,5,13.09,Ammonia,196.97,0.0,0.0,3.66,91591.85
Container,82628.12,28156.29,16.75,5216.65,36.9,3,11.8,HFO,849.82,2644.21,68.33,170.81,290384.49
Container,128422.99,51122.61,20.54,1508.54,77.26,4,13.88,Hydrogen,592.29,0.0,0.0,0.0,2487601.72
Tanker,161595.74,38071.66,13.42,1438.32,64.54,3,13.1,LNG,546.03,1488.73,0.0,26.54,278639.15
Tanker,159876.02,20276.07,15.35,3356.51,92.01,3,14.04,Methanol,962.8,1293.29,0.0,15.33,287396.93
Tanker,193727.28,40337.28,15.92,7342.17,55.34,5,12.77,Methanol,2994.96,4022.97,0.0,47.68,893994.14
Tanker,106536.34,22411.17,14.0,3553.13,95.02,4,14.73,HFO,1163.26,3619.46,93.53,233.82,397486.09
Container,137599.22,21861.73,14.16,3587.44,80.91,5,13.49,Ammonia,964.68,0.0,0.0,17.94,448576.64
Bulk Carrier,47151.19,11287.15,12.97,7287.24,85.0,3,14.65,Hydrogen,1005.94,0.0,0.0,0.0,4224939.59
Tanker,164683.8,33088.76,16.93,6909.4,55.35,3,13.32,VLSFO,1712.79,5098.28,35.11,316.01,842690.76
Container,85198.71,42709.49,21.74,11339.57,79.61,5,14.51,Methanol,4787.96,6431.42,0.0,76.22,1429204.67
Tanker,110388.49,15480.37,14.59,6830.63,80.45,4,14.65,Ammonia,1168.96,0.0,0.0,21.74,543565.62
Container,140380.26,41072.49,22.76,4751.02,60.11,5,13.64,LNG,1159.07,3160.16,0.0,56.33,591473.94
Tanker,152901.92,30713.86,12.73,11274.57,78.28,6,13.66,Ammonia,5040.19,0.0,0.0,93.75,2343688.93
Bulk Carrier,60697.55,9078.47,13.84,5031.17,64.53,4,12.67,VLSFO,505.18,1503.72,10.36,93.21,248549.35
Container,112194.2,51870.23,22.0,3662.67,75.24,5,14.32,Methanol,1778.61,2389.11,0.0,28.32,530913.96
Tanker,107684.12,30921.29,14.64,3636.95,90.16,3,14.89,Ammonia,1270.18,0.0,0.0,23.63,590633.71
Tanker,133785.78,35434.49,13.95,1497.52,47.65,3,12.62,Methanol,502.57,675.07,0.0,8.0,150015.7
Container,65022.3,29218.21,22.56,3609.75,71.51,3,13.02,LNG,664.99,1813.06,0.0,32.32,339342.95
Tanker,94212.86,35862.87,13.44,1428.61,69.31,2,13.36,Methanol,655.63,880.68,0.0,10.44,195706.43
Tanker,116151.65,15727.9,15.92,7228.59,73.53,4,14.17,Methanol,1287.14,1728.95,0.0,20.49,384211.75
Bulk Carrier,32335.01,10779.68,13.65,1460.06,70.66,3,13.74,LNG,155.98,425.28,0.0,7.58,79597.48
Container,72356.73,58642.96,22.97,10623.23,48.85,5,12.82,Ammonia,3398.51,0.0,0.0,63.21,1580307.41
Bulk Carrier,79658.8,13065.97,15.13,10690.41,87.07,6,13.73,VLSFO,2095.88,6238.6,42.97,386.69,1031172.78
Tanker,188469.32,29511.21,16.92,3639.63,52.84,5,12.54,Ammonia,829.63,0.0,0.0,15.43,385779.83
Container,125215.55,31259.99,21.65,10594.37,90.93,4,14.8,Hydrogen,2847.59,0.0,0.0,0.0,11959882.01
Container,120439.95,57014.43,21.36,4794.01,71.25,5,13.19,Ammonia,1924.56,0.0,0.0,35.8,894919.67
Container,79022.94,47126.72,18.55,10534.58,46.0,5,12.33,VLSFO,3180.6,9467.39,65.2,586.82,1564857.21
Bulk Carrier,51936.3,8209.94,14.68,1443.37,70.9,5,13.06,Hydrogen,122.96,0.0,0.0,0.0,516447.37
Tanker,130134.13,22727.38,15.58,5079.72,52.32,3,12.44,VLSFO,908.21,2703.37,18.62,167.56,446838.62
Container,88089.89,38829.62,22.42,3474.57,89.22,3,14.49,Ammonia,980.28,0.0,0.0,18.23,455828.9
Container,142827.27,28509.21,14.14,3401.84,65.29,5,13.49,VLSFO,1068.43,3180.28,21.9,197.12,525665.31
Tanker,166661.84,38708.28,14.93,10528.04,63.12,4,13.33,LNG,3621.89,9874.93,0.0,176.02,1848248.05
Container,84332.55,51529.42,19.28,6834.8,75.06,4,13.56,VLSFO,3073.81,9149.49,63.01,567.12,1512312.54
Bulk Carrier,78377.38,13774.53,14.96,1480.17,51.36,4,12.52,Ammonia,168.97,0.0,0.0,3.14,78569.27
Bulk Carrier,50271.97,21638.65,12.06,5021.35,85.42,2,13.58,Hydrogen,1513.27,0.0,0.0,0.0,6355733.47
Container,110113.55,45507.38,21.32,3558.03,73.75,3,13.17,Methanol,1437.16,1930.46,0.0,22.88,428991.07
Container,146491.33,35230.65,23.68,3624.85,82.04,4,13.95,Ammonia,980.74,0.0,0.0,18.24,456042.21
Tanker,120224.38,25504.55,13.0,1512.86,71.52,3,14.21,LNG,418.98,1142.34,0.0,20.36,213806.52
Bulk Carrier,30355.37,18883.36,14.02,1518.78,66.16,1,12.73,Methanol,324.72,436.18,0.0,5.17,96929.65
Bulk Carrier,58131.53,18336.59,13.64,6974.3,49.7,1,12.52,LNG,918.82,2505.13,0.0,44.65,468874.56
Tanker,120443.21,42834.41,13.08,1561.35,60.25,5,13.09,VLSFO,772.75,2300.15,15.84,142.57,380190.73
Container,130105.65,37035.33,16.74,3484.7,73.5,4,14.29,LNG,1137.56,3101.52,0.0,55.29,580498.37
Container,128380.64,23609.37,15.38,7316.26,53.88,4,12.89,VLSFO,1562.83,4651.92,32.04,288.34,768912.3
Tanker,158206.04,18860.67,14.44,1572.07,89.48,4,15.05,Ammonia,401.14,0.0,0.0,7.46,186531.16
Tanker,135914.06,34194.91,15.5,6871.24,48.2,5,12.29,Ammonia,2071.2,0.0,0.0,38.52,963107.99
Tanker,129663.4,28237.17,14.45,3555.49,60.3,4,13.17,LNG,981.15,2675.06,0.0,47.68,500679.35
Bulk Carrier,35890.73,24052.67,11.02,10989.72,96.24,5,14.39,Methanol,5585.13,7502.22,0.0,88.92,1667160.29
Container,107912.2,24509.4,15.28,1516.77,92.15,3,14.95,HFO,436.63,1358.56,35.1,87.76,149195.66
Tanker,141090.31,23933.18,12.17,3578.43,57.0,2,12.53,Ammonia,811.96,0.0,0.0,15.1,377562.73
Container,131735.75,51608.87,21.91,10502.12,58.78,5,13.47,HFO,3893.89,12115.76,313.07,782.67,1330542.3
Tanker,190574.27,34199.79,14.91,5096.28,63.69,4,13.18,HFO,1770.61,5509.23,142.36,355.89,605018.92
Container,122821.04,52966.88,20.25,6895.2,84.55,5,13.99,Hydrogen,3547.07,0.0,0.0,0.0,14897693.79
Container,70170.51,49697.11,17.82,3416.93,81.24,4,13.55,Ammonia,1528.68,0.0,0.0,28.43,710835.31
Tanker,173511.37,28947.4,15.77,1566.22,61.69,5,12.6,VLSFO,424.15,1262.53,8.7,78.26,208682.0
Container,145203.61,44440.18,14.68,7179.2,79.57,4,13.41,Hydrogen,3457.32,0.0,0.0,0.0,14520743.6
Container,112046.12,21183.01,18.51,3458.79,86.6,3,14.94,Hydrogen,669.13,0.0,0.0,0.0,2810329.49
Tanker,118589.46,39957.1,12.48,7175.81,58.93,3,12.93,Ammonia,3023.46,0.0,0.0,56.24,1405910.35
Bulk Carrier,88649.24,8265.58,11.61,7089.45,68.09,5,13.34,Ammonia,774.5,0.0,0.0,14.41,360142.34
Tanker,121775.93,19817.01,14.82,1565.89,79.32,3,13.99,VLSFO,341.52,1016.57,7.0,63.01,168028.65
Tanker,88999.98,36143.29,16.99,3397.88,65.57,5,13.07,HFO,1155.58,3595.55,92.91,232.27,394860.59
Bulk Carrier,51950.81,14014.61,12.41,11215.7,86.11,2,13.61,LNG,1857.15,5063.45,0.0,90.26,947705.28
Tanker,115820.34,42547.0,13.7,1440.7,61.97,3,13.11,LNG,532.55,1451.98,0.0,25.88,271760.61
Bulk Carrier,96188.25,14017.07,15.86,10944.29,94.0,3,14.11,LNG,1589.92,4334.86,0.0,77.27,811337.29
Bulk Carrier,54800.18,16809.96,14.67,11405.34,47.16,6,11.93,HFO,1749.76,5444.36,140.68,351.7,597894.48
Bulk Carrier,84111.15,16953.19,11.32,5237.1,92.99,2,15.2,Ammonia,1428.44,0.0,0.0,26.57,664223.22
Container,149142.57,53727.8,23.56,6993.03,93.16,4,14.93,Methanol,3487.43,4684.5,0.0,55.52,1040999.24
Tanker,169593.86,37838.51,13.18,3344.32,34.63,3,11.94,LNG,837.66,2283.84,0.0,40.71,427456.99
Bulk Carrier,80910.48,24930.34,12.72,1513.08,85.3,7,14.14,Hydrogen,590.07,0.0,0.0,0.0,2478273.87
Bulk Carrier,55884.31,21032.78,12.42,11090.12,93.48,3,14.78,LNG,3196.74,8715.77,0.0,155.36,1631294.56
Tanker,130875.62,28898.68,12.36,4859.62,38.25,4,11.85,VLSFO,1225.18,3646.87,25.12,226.05,602787.78
Bulk Carrier,46693.61,22953.96,13.3,3505.7,41.13,5,12.55,Hydrogen,707.22,0.0,0.0,0.0,2970306.18
Container,143417.3,38393.96,16.66,3658.03,92.07,2,14.72,VLSFO,1560.87,4646.09,32.0,287.98,767949.51
Container,98448.46,32537.03,14.05,7132.06,92.22,4,15.12,Ammonia,3053.08,0.0,0.0,56.79,1419683.47
Tanker,110317.87,35365.27,13.0,3445.61,40.08,5,11.65,HFO,1127.78,3509.05,90.67,226.68,385361.15
Tanker,167560.55,38776.16,14.84,10511.48,85.27,3,14.94,HFO,5051.45,15717.5,406.14,1015.34,1726081.66
Bulk Carrier,39893.59,16349.98,11.06,10732.84,43.54,4,12.11,Ammonia,1688.38,0.0,0.0,31.4,785094.65
Bulk Carrier,99645.17,16022.21,12.2,3390.33,95.15,3,15.05,Ammonia,775.91,0.0,0.0,14.43,360797.44
Container,94634.61,22807.04,16.77,3365.39,61.65,5,13.21,Methanol,793.38,1065.71,0.0,12.63,236825.42
Tanker,86278.17,39539.18,16.99,6815.45,48.13,4,12.09,Ammonia,1977.48,0.0,0.0,36.78,919529.12
Tanker,158359.54,22960.07,12.06,1442.84,90.66,3,13.99,Methanol,552.62,742.3,0.0,8.8,164956.4
Bulk Carrier,31804.88,14012.9,15.68,11304.37,91.27,3,13.89,Ammonia,1790.04,0.0,0.0,33.29,832368.5
Bulk Carrier,87819.49,17602.11,15.01,3360.83,71.14,2,13.34,VLSFO,575.2,1712.13,11.79,106.12,282997.32
Container,95010.4,33508.7,15.86,3594.38,85.3,5,14.24,Hydrogen,1491.86,0.0,0.0,0.0,6265817.53
Bulk Carrier,87987.79,21708.34,11.44,3391.29,41.23,5,11.95,Ammonia,722.75,0.0,0.0,13.44,336076.6
Bulk Carrier,95466.43,16674.14,11.6,10596.3,38.45,6,12.01,Hydrogen,1697.21,0.0,0.0,0.0,7128291.76
Container,97007.3,26322.73,18.97,6748.08,63.25,4,12.6,HFO,1370.32,4263.73,110.17,275.43,468239.42
Bulk Carrier,61097.04,22083.98,12.67,10789.98,97.35,4,15.06,Methanol,4164.93,5594.55,0.0,66.31,1243233.1
Tanker,138086.63,34475.49,15.67,5028.0,93.94,2,14.04,VLSFO,1850.2,5507.31,37.93,341.36,910299.96
Container,132229.06,52521.68,23.72,3451.91,85.4,4,13.66,Methanol,1556.85,2091.24,0.0,24.79,464719.5
Bulk Carrier,42280.53,24707.18,14.09,6759.43,57.95,3,12.88,Ammonia,1558.55,0.0,0.0,28.99,724725.43
Tanker,143230.83,36632.26,14.12,5062.98,77.95,3,13.89,VLSFO,2056.81,6122.29,42.16,379.48,1011949.09
Container,60532.96,52528.45,14.16,7083.38,31.61,3,11.96,HFO,2333.4,7260.33,187.61,469.01,797322.67
Container,121667.92,37902.34,21.65,3386.3,86.39,4,14.29,Ammonia,1064.1,0.0,0.0,19.79,494807.15
Bulk Carrier,45505.15,22283.66,12.23,3628.82,56.68,1,13.01,Ammonia,754.27,0.0,0.0,14.03,350733.49
Bulk Carrier,30548.7,21448.42,12.46,4799.82,56.06,3,12.34,LNG,1025.4,2795.72,0.0,49.83,523263.3
Tanker,164033.61,22052.16,13.11,6706.43,91.66,4,14.97,Methanol,2604.93,3499.07,0.0,41.47,777571.0
Bulk Carrier,97962.82,23875.89,12.12,5153.97,33.78,2,11.74,HFO,922.19,2869.36,74.14,185.36,315111.11
Container,107340.87,38797.71,23.56,3544.29,38.81,4,11.94,Hydrogen,618.73,0.0,0.0,0.0,2598665.9
Container,101324.48,48222.48,15.51,1500.3,92.7,4,15.02,LNG,812.15,2214.3,0.0,39.47,414440.31
Bulk Carrier,83051.49,21620.79,15.19,4830.26,47.92,4,12.04,LNG,760.78,2074.25,0.0,36.97,388227.91
Bulk Carrier,75014.66,10082.78,12.16,1486.19,34.89,5,12.22,HFO,124.03,385.93,9.97,24.93,42382.38
Bulk Carrier,44228.9,20297.48,13.36,1432.35,94.03,3,14.75,Methanol,453.78,609.54,0.0,7.22,135454.25
Container,135391.28,26188.1,19.69,1504.87,34.75,4,11.26,VLSFO,190.94,568.36,3.91,35.23,93943.45
Container,112906.34,45285.0,18.85,5193.47,30.23,4,11.63,LNG,1039.89,2835.22,0.0,50.54,530655.69
Container,67654.81,52974.1,20.39,5142.78,35.53,1,11.52,HFO,1165.96,3627.85,93.74,234.36,398407.62
Tanker,84986.29,16937.5,13.69,3589.1,50.54,8,13.01,VLSFO,738.72,2198.86,15.14,136.29,363448.67
Container,65629.44,20841.1,22.0,1492.64,30.52,4,11.6,Hydrogen,122.46,0.0,0.0,0.0,514330.26
Container,111507.03,53752.46,23.71,7066.75,49.98,1,12.99,Ammonia,1668.5,0.0,0.0,31.03,775850.9
Tanker,133217.06,27979.56,14.99,10570.17,86.46,2,14.53,LNG,2987.4,8145.04,0.0,145.19,1524471.84
Container,128657.79,46114.64,15.44,4841.37,75.77,5,13.82,LNG,2386.53,6506.77,0.0,115.99,1217844.29
Bulk Carrier,74833.94,16168.05,14.0,4898.79,95.43,3,15.19,VLSFO,1064.12,3167.46,21.81,196.33,523547.42
Tanker,158530.64,33351.23,14.76,3372.55,58.8,5,13.03,Hydrogen,1075.41,0.0,0.0,0.0,4516703.2
Bulk Carrier,35526.67,20405.54,15.46,3372.62,91.84,4,15.32,LNG,781.94,2131.94,0.0,38.0,399025.28
Tanker,122615.04,39823.69,12.27,10544.8,78.4,4,13.65,LNG,5298.9,14447.24,0.0,257.53,2704029.17
Bulk Carrier,82014.9,16870.56,14.42,3365.77,95.47,3,14.92,HFO,752.38,2341.01,60.49,151.23,257087.27
Bulk Carrier,69494.94,12214.03,11.91,6790.95,75.03,6,13.12,Hydrogen,1226.52,0.0,0.0,0.0,5151400.53
Bulk Carrier,65168.95,11220.7,13.17,3356.27,68.41,4,13.58,VLSFO,460.66,1371.19,9.44,84.99,226642.75
Bulk Carrier,86673.88,19883.08,11.24,10971.84,43.71,5,11.83,VLSFO,2338.05,6959.43,47.93,431.37,1150318.73
Container,120182.08,23996.07,21.8,3329.46,95.55,5,14.73,LNG,708.09,1930.59,0.0,34.41,361339.93
Bulk Carrier,92953.17,24984.76,12.39,11303.36,84.74,4,13.77,Ammonia,3871.6,0.0,0.0,72.01,1800294.21
Tanker,172793.39,42312.41,14.82,1543.37,85.36,5,14.44,LNG,818.67,2232.07,0.0,39.79,417766.77
Bulk Carrier,34671.49,12024.36,14.11,7301.71,94.36,4,14.56,Methanol,1328.95,1785.11,0.0,21.16,396691.42
Tanker,155080.15,24387.04,16.07,3500.27,56.36,5,12.58,VLSFO,740.23,2203.37,15.17,136.57,364193.15
Bulk Carrier,52642.12,8285.11,14.66,5235.18,62.58,3,12.81,Methanol,495.63,665.76,0.0,7.89,147946.4
Tanker,129928.46,21424.93,14.92,11122.45,49.2,4,12.25,Methanol,2284.36,3068.47,0.0,36.37,681882.73
Tanker,131393.84,38102.86,12.35,11126.99,63.35,5,12.77,HFO,5155.98,16042.74,414.54,1036.35,1761799.54
Bulk Carrier,59438.3,8541.9,15.6,3619.83,76.98,6,13.67,Ammonia,349.11,0.0,0.0,6.49,162336.46
Bulk Carrier,96574.7,12892.93,14.36,4848.3,53.55,3,12.47,Hydrogen,494.84,0.0,0.0,0.0,2078313.67
Bulk Carrier,85614.61,15194.69,13.54,1523.32,92.74,4,14.05,Ammonia,322.5,0.0,0.0,6.0,149960.42
Bulk Carrier,48924.66,24324.26,11.55,1427.06,79.21,3,14.22,LNG,428.25,1167.61,0.0,20.81,218537.14
Bulk Carrier,78764.88,17785.82,13.75,5158.1,63.39,3,12.54,Methanol,983.68,1321.33,0.0,15.66,293629.57
Tanker,192224.69,22202.96,16.37,4827.67,32.87,5,11.86,VLSFO,710.65,2115.31,14.57,131.11,349638.24
Tanker,185556.68,23781.1,15.38,4951.53,89.77,2,14.41,Hydrogen,1208.91,0.0,0.0,0.0,5077437.72
Container,111053.18,41661.8,19.94,10882.35,60.9,2,12.67,HFO,3067.46,9544.35,246.62,616.56,1048152.31
Tanker,87915.23,17706.08,15.51,5224.13,65.01,5,13.32,Ammonia,888.94,0.0,0.0,16.53,413357.27
Container,119184.54,59297.04,18.67,6890.0,62.07,8,13.7,HFO,4325.59,13458.99,347.78,869.44,1478054.43
Bulk Carrier,80305.36,18682.54,15.93,5170.21,89.34,3,14.95,VLSFO,1184.43,3525.56,24.28,218.53,582737.43
Tanker,136363.49,43472.63,12.37,1571.89,99.46,3,14.64,Ammonia,983.63,0.0,0.0,18.3,457390.1
Bulk Carrier,79321.95,11399.81,15.55,5093.43,63.0,4,13.38,Ammonia,536.62,0.0,0.0,9.98,249528.37
Bulk Carrier,49506.23,23213.16,14.38,10997.35,74.76,5,13.68,Methanol,3524.71,4734.56,0.0,56.11,1052125.3
Tanker,130411.93,29542.66,12.91,10656.72,35.01,4,12.09,Ammonia,2303.2,0.0,0.0,42.84,1070990.15
Container,130708.53,56623.06,15.76,11136.38,62.73,3,13.53,Hydrogen,5445.96,0.0,0.0,0.0,22873024.04
Container,144441.23,39360.11,21.34,10596.06,67.71,4,12.91,Methanol,3543.66,4760.02,0.0,56.42,1057782.44
Bulk Carrier,47112.2,14620.11,13.48,3325.76,98.49,3,15.25,LNG,613.29,1672.1,0.0,29.81,312959.54
Tanker,126171.34,23448.45,16.31,4800.35,90.73,3,13.96,LNG,1139.3,3106.26,0.0,55.37,581386.45
Bulk Carrier,74407.31,14444.34,11.19,4750.66,61.74,1,13.41,HFO,830.74,2584.83,66.79,166.98,283864.2
Container,149014.24,31439.16,22.66,5179.17,42.85,5,12.38,Hydrogen,866.42,0.0,0.0,0.0,3638982.8
Container,133605.79,36382.71,18.81,5193.29,81.04,4,13.54,HFO,1782.58,5546.46,143.32,358.3,609107.77
Tanker,144861.67,25713.46,12.76,5077.26,89.6,3,14.22,Ammonia,1788.95,0.0,0.0,33.27,831863.8
Container,90656.32,23406.79,23.07,6656.0,33.58,3,11.91,Ammonia,538.35,0.0,0.0,10.01,250333.52
Bulk Carrier,79207.22,23285.31,11.56,1552.28,75.21,4,13.5,VLSFO,539.03,1604.46,11.05,99.45,265200.58
Container,104953.19,44449.92,14.41,5077.28,83.89,5,13.91,Methanol,3239.49,4351.44,0.0,51.57,966987.25
Tanker,94235.16,29952.36,12.02,3559.46,75.2,4,14.35,HFO,1548.05,4816.74,124.46,311.16,528970.33
Container,137102.39,27433.79,20.02,1508.13,81.47,4,14.17,Hydrogen,323.98,0.0,0.0,0.0,1360712.84
Bulk Carrier,95803.53,20583.1,14.44,3499.12,84.58,5,13.53,Methanol,1142.71,1534.95,0.0,18.19,341099.85
Bulk Carrier,66137.97,24480.41,12.6,7259.8,70.85,3,13.06,HFO,2183.39,6793.58,175.54,438.86,746065.29
Bulk Carrier,87847.39,18149.05,12.26,1497.66,42.21,4,11.85,HFO,238.6,742.41,19.18,47.96,81531.21
Tanker,170227.43,18565.38,13.26,6975.63,49.27,4,12.89,LNG,1150.27,3136.18,0.0,55.9,586985.31
Bulk Carrier,31030.1,11133.37,11.96,3533.73,47.53,1,12.5,HFO,385.94,1200.84,31.03,77.57,131875.07
Bulk Carrier,69732.85,10136.77,11.75,1507.21,82.05,5,14.31,HFO,262.01,815.23,21.07,52.66,89528.26
Bulk Carrier,40510.23,10566.64,12.87,7049.38,38.44,3,11.41,LNG,556.7,1517.83,0.0,27.06,284086.12
Bulk Carrier,73214.68,18380.69,13.14,1569.94,44.54,3,11.74,LNG,222.71,607.2,0.0,10.82,113646.8
Container,84570.47,25397.91,20.71,10927.61,57.4,6,12.23,HFO,2121.46,6600.87,170.57,426.41,724901.83
Tanker,157899.82,29339.34,16.42,5084.1,45.44,5,12.26,VLSFO,1155.66,3439.93,23.69,213.22,568582.68
Tanker,122506.63,40420.21,12.14,3449.01,50.94,5,13.0,LNG,1286.19,3506.73,0.0,62.51,656340.37
Tanker,170466.92,25199.53,14.93,7325.54,80.43,5,13.58,HFO,2399.14,7464.86,192.89,482.23,819784.7
Bulk Carrier,67627.49,18781.06,12.68,3497.0,37.15,8,11.69,Hydrogen,619.2,0.0,0.0,0.0,2600624.31
Tanker,194645.51,19889.64,16.6,6829.3,84.26,2,14.09,Ammonia,1261.99,0.0,0.0,23.47,586827.5
Bulk Carrier,55468.62,16337.9,14.22,5011.43,54.47,4,12.5,VLSFO,758.51,2257.77,15.55,139.94,373184.62
Tanker,121841.68,28293.75,15.45,10802.71,64.35,5,13.78,Methanol,3662.43,4919.56,0.0,58.31,1093235.73
Bulk Carrier,59574.41,23377.35,13.97,11495.42,61.16,5,12.61,LNG,2542.0,6930.67,0.0,123.54,1297184.92
Tanker,198421.02,44861.3,16.92,6738.36,60.82,5,12.69,Methanol,2965.19,3982.99,0.0,47.21,885109.67
Bulk Carrier,92439.52,23090.6,12.22,11250.31,89.9,3,14.87,VLSFO,3738.84,11129.03,76.65,689.82,1839509.48
Bulk Carrier,44865.14,19884.76,13.73,1530.25,51.39,3,12.62,LNG,240.54,655.82,0.0,11.69,122747.17
Container,148721.09,47888.55,15.4,7070.11,97.16,2,14.2,VLSFO,3788.32,11276.3,77.66,698.94,1863851.92
Container,87418.14,41395.16,16.58,5177.98,83.41,5,14.06,Hydrogen,2320.94,0.0,0.0,0.0,9747966.87
Container,134554.25,24809.3,18.27,3440.78,34.3,4,11.81,LNG,423.51,1154.69,0.0,20.58,216117.82
Container,133008.85,52218.12,15.32,3659.66,67.92,4,12.96,VLSFO,1977.04,5884.86,40.53,364.76,972703.88
Tanker,107732.88,22849.94,15.93,6743.48,74.75,2,13.48,Ammonia,1465.51,0.0,0.0,27.26,681460.25
Tanker,192829.46,38275.19,12.82,1442.18,91.76,1,14.19,HFO,711.74,2214.55,57.22,143.06,243200.18
Container,54483.79,43186.34,16.88,11336.47,63.11,3,12.71,HFO,4294.72,13362.94,345.3,863.24,1467505.96
Tanker,84747.26,31376.45,16.78,6768.93,43.35,4,11.77,LNG,1242.61,3387.93,0.0,60.39,634103.93
Bulk Carrier,67110.81,12382.26,14.4,5198.32,32.86,3,12.07,LNG,363.2,990.24,0.0,17.65,185339.55
Tanker,129599.1,38261.24,14.53,6818.79,54.58,5,12.74,VLSFO,2538.75,7556.85,52.04,468.4,1249065.62
Bulk Carrier,49648.52,21231.19,14.58,4988.81,31.31,4,11.75,VLSFO,646.85,1925.4,13.26,119.34,318248.1
Bulk Carrier,41608.35,9037.29,13.91,4885.79,33.89,5,11.54,Methanol,374.45,502.97,0.0,5.96,111771.91
Container,71373.37,36529.83,21.41,7089.44,47.97,4,12.73,Ammonia,1536.81,0.0,0.0,28.58,714615.66
Tanker,123165.23,23693.21,16.73,1510.66,85.38,4,13.9,VLSFO,427.18,1271.55,8.76,78.82,210173.67
Bulk Carrier,34412.85,18226.17,15.17,10847.48,84.4,5,13.85,HFO,2524.51,7854.97,202.97,507.43,862626.26
Tanker,149911.37,23774.56,16.82,10815.43,79.42,5,13.33,VLSFO,2803.14,8343.83,57.46,517.18,1379144.66
Tanker,126597.3,16555.79,14.03,1478.92,46.48,3,11.81,Hydrogen,194.18,0.0,0.0,0.0,815547.87
Container,126933.87,21479.99,19.77,3471.67,49.84,4,11.87,VLSFO,490.73,1460.72,10.06,90.54,241441.45
Bulk Carrier,98867.41,15760.89,14.78,1554.7,44.54,5,12.74,Hydrogen,188.92,0.0,0.0,0.0,793458.98
Tanker,114178.34,37125.52,16.76,1449.92,39.05,4,11.47,VLSFO,319.15,949.99,6.54,58.88,157022.88
Container,145328.75,33361.66,16.63,6948.57,96.56,4,14.38,HFO,2934.57,9130.84,235.94,589.85,1002741.13
Bulk Carrier,47341.1,12774.52,14.84,10865.52,86.48,7,15.0,HFO,2054.43,6392.33,165.18,412.94,701999.91
Tanker,158225.33,16646.84,12.86,6728.79,67.84,7,12.76,Methanol,1701.63,2285.71,0.0,27.09,507936.09
Tanker,198557.5,33896.06,13.22,7116.81,53.16,4,12.14,LNG,2180.96,5946.31,0.0,105.99,1112945.13
Container,105813.86,38433.59,15.67,5148.0,93.62,4,14.29,HFO,2433.24,7570.97,195.63,489.08,831436.94
Bulk Carrier,79361.9,11516.11,15.39,7276.17,51.33,2,12.54,HFO,670.42,2085.99,53.9,134.75,229081.67
Container,92633.78,37346.46,22.76,3470.24,64.49,5,13.48,Hydrogen,905.56,0.0,0.0,0.0,3803348.34
Container,135927.11,42896.92,21.97,5074.29,43.33,3,12.09,Ammonia,1081.15,0.0,0.0,20.11,502732.67
Bulk Carrier,54951.86,21584.84,13.07,5142.19,47.9,3,12.61,VLSFO,1024.61,3049.84,21.0,189.04,504106.26
Container,78882.6,34396.46,16.03,5207.28,71.23,3,14.06,HFO,1804.87,5615.8,145.11,362.78,616722.52
Bulk Carrier,74446.99,22963.19,13.82,5237.07,38.13,3,12.32,VLSFO,854.53,2543.58,17.52,157.66,420427.25
Bulk Carrier,84094.61,15280.22,12.11,1534.27,93.19,5,14.92,Methanol,461.98,620.56,0.0,7.35,137901.51
Bulk Carrier,85761.34,10236.66,12.97,1425.12,41.07,2,11.91,LNG,107.85,294.05,0.0,5.24,55035.49
Bulk Carrier,91390.99,13441.13,14.46,1516.96,80.23,4,14.09,Hydrogen,227.69,0.0,0.0,0.0,956313.92
Tanker,193293.48,25292.5,17.0,4980.53,81.48,4,13.65,VLSFO,1264.39,3763.58,25.92,233.28,622079.24
Container,119848.01,41588.9,15.34,3591.84,51.66,4,12.73,VLSFO,1252.18,3727.23,25.67,231.03,616070.9
Tanker,198600.17,15426.71,15.6,1552.42,41.78,7,11.54,Methanol,214.21,287.74,0.0,3.41,63941.28
Container,131898.59,25310.3,19.08,5153.78,48.06,3,12.3,VLSFO,797.32,2373.3,16.35,147.11,392280.2
Tanker,116725.38,32475.53,16.3,1473.55,84.76,3,14.57,Ammonia,491.43,0.0,0.0,9.14,228513.12
Tanker,128413.33,38126.88,15.43,7038.26,53.0,3,12.1,LNG,1819.73,4961.41,0.0,88.44,928606.15
Tanker,143148.57,32088.98,12.54,11417.67,54.9,6,12.92,LNG,4068.66,11093.05,0.0,197.74,2076238.93
Bulk Carrier,61918.46,20071.14,15.23,3372.82,37.3,5,11.42,HFO,504.74,1570.5,40.58,101.45,172470.82
Bulk Carrier,68369.17,17557.21,11.49,11119.96,67.74,6,13.92,VLSFO,2986.45,8889.46,61.22,551.0,1469331.64
Container,117334.72,48375.36,15.9,1566.89,54.34,5,12.72,HFO,679.57,2114.47,54.64,136.59,232209.71
Container,59844.81,43034.16,23.11,3471.76,47.15,5,12.28,Methanol,929.05,1247.94,0.0,14.79,277320.85
Container,56432.55,45074.6,16.97,6700.05,74.03,2,13.69,Ammonia,2624.14,0.0,0.0,48.81,1220223.83
Container,117880.95,53224.5,17.46,11524.92,33.24,4,12.14,Methanol,3508.27,4712.49,0.0,55.85,1047219.02
Tanker,90551.36,26235.91,12.36,1442.35,61.06,3,13.51,VLSFO,427.66,1272.99,8.77,78.9,210410.94
Bulk Carrier,75617.96,21043.18,14.15,5094.15,75.71,5,14.3,VLSFO,1371.06,4081.11,28.11,252.96,674563.56
Bulk Carrier,93858.57,17957.95,13.9,10965.36,45.06,4,12.26,HFO,1729.83,5382.33,139.08,347.7,591082.23
Bulk Carrier,90761.84,18905.92,12.71,5170.81,71.6,6,14.1,LNG,1244.84,3394.01,0.0,60.5,635242.27
Tanker,83565.48,18648.43,12.56,10880.11,87.44,1,14.22,Ammonia,2493.89,0.0,0.0,46.39,1159657.91
Tanker,197381.23,27179.6,12.74,1459.85,69.92,3,12.9,HFO,509.33,1584.76,40.95,102.37,174037.28
Bulk Carrier,92899.27,8019.17,11.93,1447.19,50.91,3,12.27,HFO,114.99,357.79,9.25,23.11,39291.9
Tanker,123933.65,36346.51,16.93,1433.56,69.19,8,12.89,Hydrogen,609.8,0.0,0.0,0.0,2561142.38
Bulk Carrier,94632.36,11898.04,14.32,3422.95,44.48,5,12.57,VLSFO,384.13,1143.39,7.87,70.87,188989.51
Bulk Carrier,80210.63,11457.12,14.93,4772.59,38.99,3,12.24,HFO,367.24,1142.67,29.53,73.82,125487.11
Bulk Carrier,92767.39,19090.16,12.93,3451.56,53.8,4,12.65,LNG,608.68,1659.54,0.0,29.58,310608.98
Bulk Carrier,63733.19,24297.78,12.64,1549.4,31.19,3,12.11,Methanol,297.98,400.26,0.0,4.74,88947.42
Container,133615.57,42582.94,19.82,6770.5,36.25,5,11.65,LNG,1386.22,3779.47,0.0,67.37,707386.92
Bulk Carrier,42827.66,22127.92,13.35,3335.04,76.65,1,14.24,HFO,883.97,2750.47,71.07,177.68,302053.85
Container,91637.44,50152.52,15.45,5178.12,42.73,3,11.55,HFO,1838.71,5721.1,147.83,369.58,628286.37
Container,95074.32,34524.56,20.83,5141.11,68.68,3,13.96,Hydrogen,1235.51,0.0,0.0,0.0,5189138.5
Container,92604.75,40608.53,23.62,5077.22,65.41,4,12.63,HFO,1355.38,4217.25,108.97,272.43,463134.67
Container,60863.77,27973.0,22.95,3455.84,54.63,4,12.42,Hydrogen,553.87,0.0,0.0,0.0,2326251.15
Container,120027.93,22902.87,14.56,1473.21,55.89,5,12.99,LNG,288.44,786.42,0.0,14.02,147191.43
Tanker,109229.58,16827.38,16.79,10977.28,67.47,4,12.87,HFO,1879.94,5849.41,151.15,377.87,642377.06
Container,86228.27,51129.35,19.12,10983.21,36.18,6,11.75,Methanol,3803.35,5108.86,0.0,60.55,1135301.31
Bulk Carrier,80690.98,9700.61,15.59,10476.12,73.82,4,14.1,LNG,961.45,2621.37,0.0,46.73,490630.27
Container,62517.22,20832.13,22.18,4905.33,97.53,3,14.83,LNG,795.8,2169.72,0.0,38.68,406097.78
Container,125160.6,43984.57,18.09,6899.63,32.43,7,11.89,Methanol,1985.55,2667.1,0.0,31.61,592687.8
Bulk Carrier,98370.62,20860.27,13.79,4924.29,60.46,2,13.62,HFO,999.12,3108.75,80.33,200.82,341399.97
Bulk Carrier,57590.21,21276.67,11.48,3361.23,55.17,2,13.32,LNG,658.47,1795.31,0.0,32.0,336019.76
Container,81956.15,43138.02,19.25,10500.46,61.56,4,12.87,HFO,3381.91,10522.74,271.91,679.76,1155598.03
Tanker,156599.23,27805.69,12.31,6850.79,30.9,1,11.21,Ammonia,1144.38,0.0,0.0,21.29,532136.1
Container,84390.01,33429.98,15.04,10972.82,44.42,4,11.71,HFO,2843.52,8847.54,228.62,571.55,971629.5
Container,84762.64,58301.18,14.78,3586.86,78.47,2,13.4,Ammonia,2125.43,0.0,0.0,39.53,988326.09
Container,71043.66,30158.16,16.01,1438.1,72.25,6,13.1,Methanol,578.26,776.75,0.0,9.21,172610.16
Container,137235.74,45642.08,14.48,1460.87,63.21,3,13.33,Methanol,758.05,1018.25,0.0,12.07,226276.94
Container,131907.75,45734.51,14.75,10653.47,63.41,3,13.14,VLSFO,4872.15,14502.44,99.88,898.91,2397097.99
Tanker,183646.04,43522.59,13.85,3593.77,70.46,5,13.31,Hydrogen,1820.73,0.0,0.0,0.0,7647061.21
Bulk Carrier,44393.62,21222.25,12.35,6803.35,58.63,2,12.55,Ammonia,1461.75,0.0,0.0,27.19,679715.77
Tanker,122300.55,27545.85,16.84,3619.99,45.43,6,12.45,LNG,749.61,2043.79,0.0,36.43,382527.38
Tanker,169729.09,37484.23,16.43,6865.53,90.84,5,14.08,VLSFO,3413.77,10161.44,69.98,629.84,1679576.16
Container,51122.1,24389.67,17.65,11243.79,78.86,4,13.46,Hydrogen,2758.85,0.0,0.0,0.0,11587161.06
Tanker,165752.99,27660.34,16.09,4873.84,86.73,5,14.91,LNG,1506.92,4108.56,0.0,73.24,768982.62
Bulk Carrier,80270.95,22312.45,12.27,1436.96,57.2,1,12.65,LNG,295.02,804.36,0.0,14.34,150548.68
Container,56464.19,42590.09,17.08,1497.07,57.59,2,13.52,VLSFO,500.76,1490.56,10.27,92.39,246372.98
Tanker,107330.21,39686.17,15.15,3672.03,80.18,3,14.53,HFO,1670.44,5197.54,134.3,335.76,570789.0
Container,107074.82,53218.54,14.6,11096.1,30.81,2,11.8,HFO,3135.79,9756.94,252.12,630.29,1071499.03
Tanker,174539.89,27115.85,16.34,4955.56,34.02,5,11.9,Methanol,960.67,1290.42,0.0,15.29,286760.21
Bulk Carrier,46583.74,12747.7,14.66,5118.8,80.75,3,14.49,VLSFO,708.37,2108.53,14.52,130.69,348517.49
Container,149338.41,50220.09,17.38,11316.3,82.77,4,14.8,Ammonia,5906.11,0.0,0.0,109.85,2746341.84
Container,97118.23,50906.3,18.12,6696.08,79.95,5,13.99,HFO,3676.35,11438.89,295.58,738.95,1256208.48
Bulk Carrier,86600.48,18652.67,13.46,1479.93,66.61,5,13.95,Methanol,348.28,467.83,0.0,5.54,103962.79
Tanker,173072.72,36370.94,13.28,10692.02,68.26,4,13.83,Methanol,5233.38,7029.73,0.0,83.32,1562163.31
Bulk Carrier,37345.68,24414.86,14.49,5109.41,92.42,5,14.73,VLSFO,1736.85,5169.89,35.61,320.45,854528.05
Tanker,170729.94,22327.16,14.89,1530.38,61.33,5,13.58,Ammonia,330.29,0.0,0.0,6.14,153583.65
Container,135295.58,26717.33,18.48,11434.95,49.33,3,12.77,Ammonia,1775.66,0.0,0.0,33.03,825682.08
Container,125220.16,51045.89,23.96,3489.75,61.74,5,13.32,Hydrogen,1106.05,0.0,0.0,0.0,4645399.92
Bulk Carrier,56847.62,10695.64,12.65,11115.31,51.75,4,12.84,Hydrogen,1135.56,0.0,0.0,0.0,4769331.01
Bulk Carrier,57427.1,16801.84,15.94,7028.55,80.72,4,14.26,VLSFO,1334.77,3973.06,27.36,246.26,656704.82
Tanker,130636.21,43347.71,15.76,1543.52,64.91,2,12.92,Methanol,617.29,829.18,0.0,9.83,184261.79
Bulk Carrier,59876.74,20933.91,12.17,1562.36,62.82,3,13.04,Ammonia,351.68,0.0,0.0,6.54,163532.99
Container,101031.56,23870.18,18.59,3553.07,92.51,3,15.0,Methanol,954.25,1281.79,0.0,15.19,284842.93
Tanker,103048.46,43756.71,12.7,3432.08,75.16,2,13.27,VLSFO,1847.95,5500.6,37.88,340.95,909190.18
Container,71937.57,31470.9,17.86,10769.07,45.09,5,12.59,VLSFO,2386.92,7104.9,48.93,440.39,1174364.04
Bulk Carrier,33679.95,12488.19,11.34,1554.61,53.03,1,12.56,LNG,175.61,478.8,0.0,8.53,89615.27
Tanker,182416.16,19375.61,14.84,11360.99,98.34,4,14.84,Methanol,3268.2,4390.01,0.0,52.03,975557.54
Tanker,145659.3,23757.59,13.87,3342.66,71.25,5,13.1,HFO,1067.98,3323.0,85.87,214.66,364928.44
Bulk Carrier,84447.6,9434.87,13.33,10864.65,89.3,3,15.14,LNG,1202.03,3277.29,0.0,58.42,613396.1
Container,134060.24,55485.06,19.8,4906.92,92.78,5,15.33,Methanol,3078.94,4135.78,0.0,49.02,919063.01
Container,149484.11,57705.45,17.48,7103.49,65.83,1,13.73,Hydrogen,2900.95,0.0,0.0,0.0,12184006.96
Bulk Carrier,93579.5,14541.65,15.07,1529.33,34.95,3,11.43,Ammonia,125.62,0.0,0.0,2.34,58415.53
Bulk Carrier,52338.24,21402.73,15.97,3456.72,87.73,1,14.26,LNG,674.25,1838.32,0.0,32.77,344069.96
Bulk Carrier,50529.79,17681.52,15.41,10916.56,89.61,1,14.12,LNG,1872.11,5104.24,0.0,90.98,955339.36
Container,149998.72,36744.94,14.7,3397.34,67.39,3,13.19,VLSFO,1279.39,3808.24,26.23,236.05,629460.42
Container,144080.64,27543.85,20.93,10799.37,45.73,8,12.86,VLSFO,2078.18,6185.91,42.6,383.42,1022463.93
Bulk Carrier,51883.57,9896.89,12.22,4808.43,43.08,4,11.69,Methanol,496.11,666.41,0.0,7.9,148090.22
Bulk Carrier,61692.91,20057.74,13.96,7216.57,67.99,3,13.63,Hydrogen,1469.81,0.0,0.0,0.0,6173195.31
Tanker,145454.41,29565.64,12.66,7035.15,62.1,4,12.7,Hydrogen,2373.69,0.0,0.0,0.0,9969497.32
Tanker,167543.75,40736.95,12.68,6696.35,77.97,2,13.38,Hydrogen,3254.01,0.0,0.0,0.0,13666838.33
Tanker,185516.87,19401.64,13.98,1496.77,77.2,4,14.52,HFO,369.17,1148.65,29.68,74.2,126143.9
Container,57110.01,57545.06,22.67,1498.81,85.41,5,14.43,Hydrogen,715.27,0.0,0.0,0.0,3004115.48
Tanker,186694.85,20395.18,14.27,10508.28,76.36,4,13.15,Ammonia,2261.92,0.0,0.0,42.07,1051793.08
Bulk Carrier,49965.06,24243.13,15.75,11482.36,51.27,3,12.36,HFO,2233.2,6948.54,179.55,448.87,763082.98
Container,110976.89,35166.92,22.42,4804.26,44.52,5,11.96,VLSFO,918.36,2733.59,18.83,169.44,451832.76
Tanker,166187.77,30036.0,14.37,4916.11,36.53,4,12.36,Ammonia,1008.97,0.0,0.0,18.77,469173.16
Tanker,192081.95,24942.89,14.81,5227.44,77.46,3,14.48,Hydrogen,1404.37,0.0,0.0,0.0,5898352.02
Container,111502.31,34100.5,19.53,1464.36,74.69,4,13.31,LNG,363.25,990.4,0.0,17.65,185368.39
Tanker,122892.18,33710.73,12.04,7239.3,87.86,4,13.71,LNG,3694.87,10073.93,0.0,179.57,1885494.36
Container,119860.27,59589.32,20.61,6683.15,46.27,4,12.39,LNG,2249.69,6133.7,0.0,109.34,1148018.65
Tanker,146377.6,24295.47,14.79,4756.28,85.24,4,14.41,Hydrogen,1348.86,0.0,0.0,0.0,5665223.34
Tanker,109229.9,24309.45,15.7,4972.38,81.88,3,13.56,Ammonia,1255.71,0.0,0.0,23.36,583906.5
Container,98051.18,30679.4,21.76,1439.26,89.89,7,14.92,LNG,436.16,1189.16,0.0,21.2,222569.92
Container,138001.85,59376.34,22.0,3486.61,33.1,4,11.27,HFO,848.36,2639.67,68.21,170.52,289886.23
Bulk Carrier,41892.06,8591.83,11.57,7343.91,41.37,5,12.23,Methanol,693.62,931.7,0.0,11.04,207044.55
Bulk Carrier,45871.99,14036.3,13.14,5148.59,96.46,6,14.34,Methanol,1393.5,1871.82,0.0,22.18,415959.2
Bulk Carrier,70436.3,24002.77,14.85,1550.94,70.06,7,13.71,VLSFO,493.71,1469.57,10.12,91.09,242903.32
Container,87405.54,29552.34,15.29,1561.6,80.74,4,13.97,LNG,481.52,1312.84,0.0,23.4,245719.17
Container,142086.56,41286.2,19.17,3499.9,78.85,3,13.71,Methanol,1399.18,1879.44,0.0,22.27,417654.08
Bulk Carrier,30727.43,16757.11,15.58,7092.56,86.0,3,14.73,VLSFO,1336.9,3979.4,27.41,246.66,657752.85
Container,50453.86,31232.46,14.11,11184.41,36.93,2,11.73,Methanol,2565.0,3445.44,0.0,40.83,765652.92
Container,61787.49,38599.78,18.15,6669.37,63.65,5,13.11,VLSFO,2184.44,6502.2,44.78,403.03,1074743.6
Bulk Carrier,81298.47,23257.92,11.31,10707.28,92.24,3,15.22,VLSFO,4312.22,12835.75,88.4,795.6,2121610.93
Bulk Carrier,62844.81,24651.89,15.89,4851.86,83.3,2,14.74,Methanol,1427.99,1918.14,0.0,22.73,426253.54
Tanker,109997.82,27580.69,15.38,4998.26,47.59,4,12.6,Hydrogen,1013.75,0.0,0.0,0.0,4257730.67
Tanker,109147.91,29687.92,15.48,1522.73,35.33,4,11.98,LNG,257.13,701.06,0.0,12.5,131214.2
Container,129779.11,58575.67,21.41,4998.7,38.75,3,12.28,HFO,1328.43,4133.38,106.81,267.01,453924.05
Tanker,140617.0,17637.47,16.49,3362.84,34.96,5,11.19,HFO,362.72,1128.59,29.16,72.91,123940.68
Tanker,125720.86,27377.19,15.36,11457.84,63.69,5,13.23,VLSFO,3050.67,9080.63,62.54,562.85,1500930.12
Tanker,183140.17,20616.59,16.94,1491.49,90.74,4,14.45,Hydrogen,341.62,0.0,0.0,0.0,1434787.9
Container,135803.41,42211.82,19.99,6815.32,48.29,1,12.24,Methanol,1789.88,2404.26,0.0,28.49,534279.38
Bulk Carrier,65296.52,24434.42,12.1,10499.45,84.08,4,14.43,HFO,4224.76,13145.27,339.67,849.18,1443601.49
Bulk Carrier,95076.42,8418.7,15.84,6845.49,50.75,4,13.08,VLSFO,477.08,1420.08,9.78,88.02,234724.57
Tanker,184542.94,43020.29,15.02,3342.47,47.0,5,11.92,HFO,1199.99,3733.73,96.48,241.2,410035.1
Tanker,125390.09,41753.18,14.57,10905.3,47.74,1,12.11,LNG,3062.32,8349.29,0.0,148.83,1562701.47
Container,86044.81,43650.74,18.29,3660.14,99.89,3,14.46,Ammonia,1592.12,0.0,0.0,29.61,740338.04
Tanker,116940.54,35566.52,14.4,7052.17,60.16,4,12.67,VLSFO,2506.93,7462.12,51.39,462.53,1233408.81
Container,136818.13,27827.9,19.22,10845.14,39.38,3,11.48,Methanol,1852.5,2488.37,0.0,29.49,552970.96
Tanker,132566.64,21132.13,15.55,7183.29,75.95,5,14.27,LNG,1620.93,4419.4,0.0,78.78,827160.22
Tanker,98453.81,37500.29,12.11,11503.33,33.78,3,11.49,HFO,3309.88,10298.62,266.11,665.29,1130985.04
Tanker,91737.13,18976.56,16.52,1539.12,63.36,6,13.7,VLSFO,294.49,876.57,6.04,54.33,144887.79
Container,111775.55,37852.57,22.19,6794.55,35.1,3,11.9,VLSFO,1094.98,3259.32,22.45,202.02,538729.8
Container,86995.22,50774.64,20.79,1457.24,81.49,4,14.77,VLSFO,613.54,1826.26,12.58,113.2,301861.17
Tanker,135138.59,42069.43,13.92,5063.3,95.27,7,14.29,Ammonia,3296.1,0.0,0.0,61.31,1532684.23
Tanker,146204.17,24421.82,14.11,6863.89,37.13,2,11.52,LNG,1058.59,2886.19,0.0,51.45,540196.47
Bulk Carrier,86589.92,22496.43,14.48,10974.26,75.24,2,14.37,Hydrogen,2312.2,0.0,0.0,0.0,9711238.79
Tanker,131783.99,20213.77,14.65,1448.73,38.28,3,11.43,VLSFO,204.73,609.41,4.2,37.77,100729.31
Tanker,185009.11,41575.85,16.73,4800.26,39.35,1,11.44,LNG,987.71,2692.94,0.0,48.0,504025.92
Bulk Carrier,84315.53,12986.38,13.23,3492.18,32.3,4,12.08,Hydrogen,310.16,0.0,0.0,0.0,1302669.55
Tanker,131438.54,24365.16,15.47,4784.25,59.59,5,12.81,LNG,1025.64,2796.38,0.0,49.85,523386.52
Bulk Carrier,47569.53,19468.1,14.21,5210.55,79.35,3,14.18,LNG,1032.18,2814.2,0.0,50.16,526721.43
Container,78597.61,24096.85,16.59,10725.38,46.53,3,11.97,Methanol,1964.91,2639.37,0.0,31.28,586525.84
Tanker,86880.85,35476.94,13.77,3505.16,32.19,4,12.06,LNG,726.68,1981.26,0.0,35.32,370823.31
Tanker,127284.49,18652.4,14.28,3657.05,44.79,3,12.23,VLSFO,535.7,1594.56,10.98,98.84,263564.44
Container,132654.76,43916.33,19.58,1449.93,60.66,4,12.77,Methanol,553.25,743.15,0.0,8.81,165144.41
Container,62347.92,43227.27,15.61,4996.05,87.13,2,14.59,Methanol,2654.05,3565.05,0.0,42.25,792232.64
Bulk Carrier,95809.68,20492.77,15.54,3586.95,90.3,1,14.0,Hydrogen,760.72,0.0,0.0,0.0,3195013.9
Tanker,135196.03,39338.42,14.87,3586.1,48.19,2,12.34,LNG,980.23,2672.55,0.0,47.64,500209.95
Bulk Carrier,89116.64,19757.49,15.2,10674.95,49.63,4,12.37,Ammonia,1609.27,0.0,0.0,29.93,748309.79
Tanker,148798.16,39013.84,13.83,7325.26,94.41,4,14.55,HFO,4011.98,12483.18,322.56,806.41,1370892.11
Container,100929.67,33465.68,21.98,4934.92,40.2,3,11.98,HFO,776.62,2416.45,62.44,156.1,265372.49
Tanker,103643.75,34482.95,12.49,4853.09,96.98,1,14.65,Ammonia,2391.68,0.0,0.0,44.49,1112130.17
Bulk Carrier,48137.78,18428.66,11.39,1537.63,63.02,3,13.52,LNG,322.87,880.3,0.0,15.69,164761.27
Bulk Carrier,45057.39,18098.79,11.87,11189.83,36.63,2,12.29,LNG,1494.54,4074.81,0.0,72.63,762665.7
Tanker,154803.09,31800.9,16.77,3605.5,92.12,7,14.51,Methanol,1807.36,2427.74,0.0,28.77,539497.88
Container,114705.85,20948.32,19.48,5107.86,94.31,5,15.16,Hydrogen,1107.0,0.0,0.0,0.0,4649389.54
Tanker,185722.44,31966.89,14.93,3420.02,63.86,1,12.76,Ammonia,1008.52,0.0,0.0,18.76,468962.4
Bulk Carrier,58427.12,21096.04,15.18,1566.29,39.56,4,11.79,LNG,208.91,569.6,0.0,10.15,106608.92
Bulk Carrier,68645.78,12876.52,13.45,10499.57,51.8,7,13.08,VLSFO,1556.36,4632.66,31.91,287.15,765729.5
Container,81259.3,58174.18,22.8,11194.22,77.52,3,13.22,Methanol,5366.86,7209.03,0.0,85.44,1602006.25
Tanker,91439.88,43455.89,16.18,10726.93,81.42,3,14.3,HFO,4812.09,14972.72,386.89,967.23,1644291.0
Tanker,141080.28,20771.52,15.73,3664.05,76.1,2,13.15,HFO,730.55,2273.08,58.74,146.84,249628.18
Bulk Carrier,49493.56,16658.3,12.12,4928.39,39.47,2,11.43,Ammonia,591.42,0.0,0.0,11.0,275010.73
Container,102374.19,52206.85,20.35,5111.8,43.0,4,12.21,Ammonia,1378.69,0.0,0.0,25.64,641092.9
Container,80309.66,25986.82,14.75,6819.62,37.32,3,11.32,VLSFO,1286.08,3828.15,26.36,237.28,632752.68
Container,103472.88,38503.38,19.36,5003.27,42.8,2,11.91,Methanol,1174.16,1577.18,0.0,18.69,350485.44
Bulk Carrier,76864.19,15241.03,13.29,3439.0,56.55,5,13.43,Methanol,684.5,919.46,0.0,10.9,204324.74
Container,101606.56,23026.47,18.11,6816.58,46.87,2,12.51,Hydrogen,967.78,0.0,0.0,0.0,4064684.06
Bulk Carrier,85028.58,11421.77,15.28,3667.01,56.49,2,13.02,HFO,338.0,1051.68,27.18,67.94,115494.39
Container,81568.95,53979.9,16.63,4987.44,87.87,5,14.63,LNG,3123.09,8514.97,0.0,151.78,1593711.74
Bulk Carrier,91183.91,18659.82,11.57,10800.14,52.86,3,12.5,HFO,2333.78,7261.51,187.64,469.09,797452.22
Container,80277.44,24842.67,14.58,6907.11,69.55,7,13.48,Hydrogen,2193.95,0.0,0.0,0.0,9214575.67
Tanker,169819.44,28119.02,12.22,10564.02,51.48,2,12.94,HFO,3039.39,9457.0,244.37,610.92,1038559.78
Bulk Carrier,70385.46,9755.71,15.54,7062.08,68.03,4,13.98,LNG,604.05,1646.9,0.0,29.36,308244.22
Tanker,110449.13,23100.97,16.68,6693.4,40.42,3,12.53,HFO,1013.36,3153.05,81.47,203.69,346265.38
Bulk Carrier,82240.36,24463.25,13.34,3473.91,42.57,3,11.97,VLSFO,696.28,2072.56,14.27,128.46,342571.25
Bulk Carrier,30735.07,15676.42,12.87,10488.49,31.19,4,11.9,Ammonia,1080.64,0.0,0.0,20.1,502496.97
Tanker,187654.02,43118.56,13.01,10664.03,61.87,3,13.3,Methanol,5369.72,7212.88,0.0,85.49,1602861.58
Bulk Carrier,89434.94,24553.92,14.09,10879.18,50.42,4,12.03,LNG,2181.62,5948.1,0.0,106.03,1113280.71
Container,147421.39,53854.7,19.13,3547.02,88.42,3,14.12,LNG,1605.13,4376.33,0.0,78.01,819099.08
Bulk Carrier,73144.13,9730.64,12.42,3483.79,39.46,3,11.57,Hydrogen,281.17,0.0,0.0,0.0,1180921.3
Container,76538.33,30860.12,20.41,3326.07,38.91,7,12.2,Methanol,676.39,908.57,0.0,10.77,201903.59
Container,147396.2,31662.51,16.85,11353.58,56.04,7,12.79,LNG,3260.63,8889.99,0.0,158.47,1663901.78
Bulk Carrier,31202.32,19823.35,12.37,1489.41,81.27,4,13.41,HFO,439.64,1367.92,35.35,88.37,150224.12
Tanker,161602.97,35323.81,14.95,11028.73,91.72,3,14.76,LNG,4563.22,12441.44,0.0,221.77,2328611.26
Tanker,199377.83,42881.34,15.15,3600.64,71.28,4,14.23,Hydrogen,1587.81,0.0,0.0,0.0,6668783.27
Bulk Carrier,47633.99,8466.6,13.7,3510.81,85.01,4,14.7,HFO,401.36,1248.83,32.27,80.67,137145.59
Tanker,84403.83,43579.2,13.09,5238.7,32.09,5,11.39,Ammonia,1501.49,0.0,0.0,27.93,698193.18
Bulk Carrier,94257.66,16209.05,12.64,3445.75,88.64,3,14.93,Ammonia,744.96,0.0,0.0,13.86,346407.81
Bulk Carrier,75781.09,18101.32,11.6,4881.45,84.0,3,14.59,Hydrogen,1245.86,0.0,0.0,0.0,5232598.65
Tanker,168244.06,30740.24,16.45,4784.29,41.3,3,12.48,Hydrogen,981.49,0.0,0.0,0.0,4122276.55
Tanker,157251.33,43106.56,13.34,11202.98,98.22,3,14.54,Ammonia,6556.51,0.0,0.0,121.95,3048776.75
Bulk Carrier,30599.06,21930.79,15.37,11474.09,43.87,3,12.62,LNG,1751.84,4776.31,0.0,85.14,893961.47
Container,93795.26,38687.46,18.6,4991.74,35.36,3,12.12,HFO,969.82,3017.59,77.97,194.93,331388.98
Bulk Carrier,32419.82,12811.44,11.58,11348.14,77.74,6,14.56,HFO,2396.7,7457.28,192.69,481.74,818952.19
Bulk Carrier,73696.16,24094.51,15.45,7002.24,67.69,4,13.52,Hydrogen,1681.96,0.0,0.0,0.0,7064241.63
Tanker,163997.7,22416.15,13.8,4886.65,89.03,3,14.05,HFO,1477.64,4597.63,118.8,297.0,504908.1
Tanker,197560.64,30204.33,13.25,10972.97,55.29,4,12.77,VLSFO,3316.23,9871.1,67.98,611.84,1631586.16
Container,87632.93,48098.04,14.87,4983.48,41.87,3,12.13,VLSFO,1724.45,5133.01,35.35,318.16,848431.86
Bulk Carrier,57730.26,13065.93,11.49,5187.82,88.77,3,14.45,Methanol,1225.51,1646.16,0.0,19.51,365813.63
Bulk Carrier,55428.01,15232.89,15.71,7243.95,94.32,4,14.0,HFO,1334.97,4153.74,107.33,268.33,456159.9
Bulk Carrier,75002.52,17951.89,11.13,10917.96,57.67,4,13.32,LNG,2202.86,6006.0,0.0,107.06,1124118.48
Tanker,140267.45,38834.22,14.99,1536.14,84.29,4,14.48,LNG,684.17,1865.37,0.0,33.25,349132.72
Bulk Carrier,65362.34,13844.76,14.2,1547.64,41.43,3,12.05,VLSFO,159.87,475.86,3.28,29.5,78655.21
Bulk Carrier,90167.38,13108.91,12.01,1540.97,71.94,3,13.93,HFO,248.54,773.32,19.98,49.96,84925.18
Bulk Carrier,34838.94,20345.62,12.4,1427.88,63.38,3,13.8,Hydrogen,308.89,0.0,0.0,0.0,1297335.34
Container,99392.44,42693.36,22.75,1548.58,36.49,4,11.6,Methanol,334.09,448.77,0.0,5.32,99726.39
Bulk Carrier,87776.83,19651.85,11.35,11334.34,57.19,4,13.34,Ammonia,2538.54,0.0,0.0,47.22,1180419.59
Container,68431.52,28987.0,20.72,6704.19,52.06,1,12.84,Methanol,1316.09,1767.83,0.0,20.95,392852.12
Tanker,105578.36,36726.93,16.21,1564.66,47.9,3,12.79,LNG,361.96,986.88,0.0,17.59,184709.33
Container,97473.94,44897.5,23.8,4991.73,44.63,4,11.99,Hydrogen,1064.02,0.0,0.0,0.0,4468885.86
Container,96883.69,45319.77,14.25,7332.55,91.24,2,14.33,Ammonia,3995.36,0.0,0.0,74.31,1857842.85
Container,79202.9,35308.78,19.67,6725.07,88.85,3,14.12,Methanol,2611.65,3508.1,0.0,41.58,779578.17
Container,94251.48,43292.58,18.94,3456.44,69.05,4,13.18,LNG,1154.29,3147.12,0.0,56.1,589033.97
Container,92562.8,52849.08,17.78,4872.21,72.93,5,14.06,Ammonia,2561.02,0.0,0.0,47.64,1190876.08
Tanker,106148.49,26617.51,15.21,6717.2,94.63,4,14.9,LNG,2080.02,5671.1,0.0,101.09,1061435.04
Tanker,171971.65,42590.29,12.37,3473.94,32.14,3,11.36,HFO,1063.51,3309.1,85.51,213.77,363402.41
Bulk Carrier,64277.18,20768.83,11.31,11459.57,59.19,3,13.11,VLSFO,2823.21,8403.57,57.88,520.88,1389020.2
Tanker,136825.85,16040.04,12.07,1464.52,62.83,4,12.61,HFO,286.55,891.59,23.04,57.6,97913.73
Bulk Carrier,86064.15,10395.11,11.29,6669.75,65.35,3,13.9,Methanol,952.43,1279.35,0.0,15.16,284300.22
Tanker,132039.3,19046.78,15.14,10998.29,76.15,2,13.15,HFO,2125.19,6612.5,170.87,427.16,726178.6
Tanker,136314.84,36404.03,16.19,10763.19,65.29,4,13.01,LNG,3152.08,8594.01,0.0,153.19,1608503.95
Tanker,159609.62,30118.41,12.99,3648.83,73.99,3,13.33,LNG,1235.09,3367.44,0.0,60.03,630268.78
Container,62492.84,24550.25,15.58,7065.01,32.06,4,11.6,Methanol,1234.25,1657.91,0.0,19.65,368424.48
Container,99548.1,41703.95,17.85,3492.58,71.73,5,13.78,VLSFO,1350.47,4019.8,27.68,249.16,664429.73
Tanker,151305.14,27936.93,13.64,3551.78,99.24,4,15.52,Hydrogen,1396.62,0.0,0.0,0.0,5865823.67
Container,54620.7,27402.07,19.23,3426.2,69.13,3,13.17,Methanol,840.81,1129.41,0.0,13.39,250980.54
Tanker,176762.7,43291.73,13.22,3370.83,82.64,5,14.25,VLSFO,2086.66,6211.14,42.78,384.99,1026634.35
Bulk Carrier,91509.76,24439.48,11.15,3389.94,91.61,5,14.03,LNG,1386.27,3779.6,0.0,67.37,707411.8
Container,143072.12,38035.63,20.6,6657.83,64.2,5,12.58,Ammonia,1937.05,0.0,0.0,36.03,900727.75
Tanker,105729.89,21317.07,16.11,1554.49,62.63,3,12.82,Ammonia,280.16,0.0,0.0,5.21,130275.78
Tanker,97499.83,37790.46,16.62,1497.49,97.99,8,15.38,Ammonia,796.04,0.0,0.0,14.81,370158.75
Tanker,107555.82,25164.67,12.12,3508.22,40.08,2,11.85,Ammonia,686.52,0.0,0.0,12.77,319230.51
Tanker,98744.68,39140.04,16.31,3424.73,89.83,4,15.04,Hydrogen,1412.52,0.0,0.0,0.0,5932587.7
Bulk Carrier,47264.77,10962.12,13.28,5110.47,98.91,7,15.4,Hydrogen,949.91,0.0,0.0,0.0,3989616.64
Bulk Carrier,97234.06,15637.18,15.59,3431.88,92.56,2,14.83,HFO,603.96,1879.22,48.56,121.4,206374.68
Bulk Carrier,86937.61,10243.52,14.29,10698.81,71.38,4,13.26,LNG,1144.56,3120.6,0.0,55.63,584068.83
Bulk Carrier,98363.67,14059.16,15.85,10975.4,68.97,4,13.07,VLSFO,1608.57,4788.08,32.98,296.78,791417.84
Container,50643.06,21822.25,17.81,6764.77,85.89,2,14.8,HFO,1475.78,4591.87,118.65,296.63,504274.93
Tanker,91026.1,18961.41,15.82,11137.75,52.64,4,13.23,Hydrogen,1779.45,0.0,0.0,0.0,7473675.08
Tanker,154345.26,35574.54,15.27,11374.66,91.29,2,14.94,LNG,4040.58,11016.47,0.0,196.37,2061905.51
Bulk Carrier,58163.84,23772.84,11.14,10770.12,39.13,4,11.95,LNG,2050.42,5590.38,0.0,99.65,1046328.43
Container,87287.46,23230.65,18.44,10925.58,52.67,4,12.54,LNG,1636.2,4461.03,0.0,79.52,834952.34
Tanker,192536.03,15024.08,13.96,3345.29,58.35,3,13.45,LNG,418.69,1141.55,0.0,20.35,213659.38
Tanker,154043.97,30655.21,12.6,1436.98,77.52,7,13.39,HFO,715.07,2224.92,57.49,143.73,244338.49
Container,85369.89,50272.48,20.85,10836.21,98.3,3,14.72,VLSFO,4922.26,14651.61,100.91,908.16,2421753.04
Bulk Carrier,81092.48,8434.43,14.94,5226.46,43.37,5,12.71,Methanol,402.59,540.78,0.0,6.41,120172.79
Bulk Carrier,94527.81,16444.06,13.27,1512.29,88.77,4,14.4,LNG,321.12,875.51,0.0,15.61,163865.21
Tanker,174273.7,25985.55,14.49,11228.35,98.29,6,14.28,VLSFO,4577.36,13624.97,93.84,844.52,2252060.92
Tanker,191201.74,23030.12,13.14,4801.41,81.83,4,14.62,HFO,1570.66,4887.09,126.28,315.7,536695.89
Container,65658.45,52542.42,14.35,11306.67,58.28,3,12.34,LNG,5133.85,13997.24,0.0,249.51,2619804.6
Container,104269.26,36927.25,15.73,10978.49,88.22,5,14.17,VLSFO,5076.91,15111.93,104.08,936.69,2497839.34
Bulk Carrier,38372.15,24833.9,12.02,4952.3,63.57,3,12.53,Methanol,1643.9,2208.17,0.0,26.17,490704.47
Container,124080.39,33176.77,19.3,6673.73,40.7,1,12.55,Hydrogen,1111.66,0.0,0.0,0.0,4668979.31
Tanker,152324.05,30160.37,12.34,10904.21,97.65,4,15.54,Methanol,6110.27,8207.62,0.0,97.28,1823914.6
Bulk Carrier,44576.13,20984.44,15.25,3482.35,60.39,4,12.83,Methanol,818.84,1099.91,0.0,13.04,244423.76
Bulk Carrier,61242.54,19901.4,14.55,7119.58,74.15,8,13.76,Hydrogen,2024.04,0.0,0.0,0.0,8500954.36
Container,66901.85,47035.42,22.8,3408.3,84.87,4,14.91,Hydrogen,1288.06,0.0,0.0,0.0,5409863.46
Bulk Carrier,38351.97,16270.07,15.09,3597.61,33.34,4,11.97,Methanol,391.11,525.35,0.0,6.23,116745.19
Bulk Carrier,68240.36,17937.88,12.43,1571.49,59.56,4,13.62,Ammonia,306.53,0.0,0.0,5.7,142535.53
Tanker,123523.46,28139.37,16.27,1560.06,97.24,6,14.53,Methanol,646.78,868.78,0.0,10.3,193062.8
Tanker,182494.75,40080.17,15.41,7145.77,60.79,7,13.15,Hydrogen,3064.64,0.0,0.0,0.0,12871498.14
Tanker,169760.44,17967.04,15.96,1466.43,83.27,3,13.64,HFO,299.56,932.07,24.08,60.21,102358.57
Container,118917.19,26423.13,17.89,5210.53,60.8,4,13.64,Hydrogen,1013.18,0.0,0.0,0.0,4255355.11
Tanker,118192.54,17874.99,13.01,1546.77,89.92,8,14.72,Ammonia,487.53,0.0,0.0,9.07,226700.49
Container,69220.14,26101.37,19.79,1483.96,66.04,4,13.85,Hydrogen,270.7,0.0,0.0,0.0,1136958.53
Container,124641.48,31230.87,17.6,3410.13,69.13,7,14.03,Methanol,1275.1,1712.78,0.0,20.3,380618.39
Bulk Carrier,37761.62,19752.29,12.73,3609.6,69.04,5,14.09,HFO,992.57,3088.35,79.8,199.51,339160.43
Tanker,184878.55,25005.18,16.55,6714.0,81.02,2,14.38,Methanol,1844.69,2477.87,0.0,29.37,550638.85
Tanker,108083.52,18660.63,12.84,4985.39,95.96,4,15.39,VLSFO,1416.89,4217.53,29.05,261.42,697111.93
Container,60016.41,52829.07,19.97,5002.14,31.4,8,11.04,HFO,1485.07,4620.75,119.4,298.5,507446.85
Bulk Carrier,30358.56,17584.54,15.1,3407.53,82.64,3,14.43,LNG,667.78,1820.67,0.0,32.45,340766.76
Container,93244.46,22220.27,22.52,1436.96,88.19,4,14.6,LNG,253.17,690.25,0.0,12.3,129191.26
Bulk Carrier,47158.3,10628.4,13.4,7298.97,80.74,3,13.64,Ammonia,899.04,0.0,0.0,16.72,418052.13
Tanker,135222.57,36278.09,14.41,4944.58,79.69,4,14.2,Hydrogen,2243.54,0.0,0.0,0.0,9422884.38
Bulk Carrier,38848.73,22636.06,12.2,7285.65,74.91,5,14.29,Hydrogen,2296.6,0.0,0.0,0.0,9645716.86
Tanker,181243.3,31357.23,12.83,10824.86,55.61,5,12.8,Ammonia,3884.87,0.0,0.0,72.26,1806463.44
Container,114054.86,35350.62,21.78,7078.95,47.7,3,12.5,HFO,1389.03,4321.93,111.68,279.19,474631.04
Tanker,108985.9,32071.76,16.54,6759.74,93.42,4,14.42,VLSFO,2528.39,7525.99,51.83,466.49,1243965.92
Container,78406.48,56473.13,20.27,4817.25,88.4,2,14.2,LNG,2013.31,5489.2,0.0,97.85,1027391.21
Tanker,129034.29,33719.59,16.4,1459.36,81.7,3,13.69,HFO,541.64,1685.3,43.55,108.87,185077.92
Tanker,179681.73,32890.42,16.89,10464.71,96.45,4,15.3,LNG,3469.69,9459.98,0.0,168.63,1770584.29
Container,65236.27,24420.56,23.98,10907.54,54.01,3,13.27,Ammonia,1410.21,0.0,0.0,26.23,655746.44
Tanker,123496.19,31361.29,13.61,6964.87,75.22,1,13.81,Ammonia,2185.75,0.0,0.0,40.65,1016372.54
Bulk Carrier,44157.11,15762.49,15.22,11454.25,93.67,3,14.0,Ammonia,2024.93,0.0,0.0,37.66,941593.37
Container,128448.8,48846.67,15.73,6984.65,95.32,4,14.72,LNG,3980.64,10853.05,0.0,193.46,2031318.8
Container,101148.12,22616.33,16.39,1532.62,45.52,4,12.64,Methanol,289.87,389.36,0.0,4.61,86524.89
Container,82559.56,27218.92,14.71,10685.4,50.97,4,12.54,Ammonia,2434.18,0.0,0.0,45.28,1131895.95
Tanker,187413.78,25016.28,12.98,3501.89,63.87,5,13.81,HFO,1076.0,3347.94,86.51,216.28,367668.02
Bulk Carrier,61488.69,18437.17,13.66,10593.31,33.24,5,12.04,Ammonia,1371.74,0.0,0.0,25.51,637860.24
Bulk Carrier,47411.19,14776.2,11.12,7049.48,96.36,5,15.33,LNG,1683.85,4590.96,0.0,81.84,859270.81
Tanker,91647.15,43795.89,16.62,1480.97,98.05,2,14.9,LNG,614.97,1676.68,0.0,29.89,313817.91
Tanker,138189.27,44677.48,16.62,4931.27,69.58,3,13.69,Hydrogen,1875.37,0.0,0.0,0.0,7876538.92
Bulk Carrier,90148.52,24423.72,13.66,1466.55,58.54,4,12.84,Hydrogen,367.59,0.0,0.0,0.0,1543858.42
Container,125242.9,31811.06,17.68,11464.86,44.45,3,11.79,Ammonia,2085.76,0.0,0.0,38.8,969879.89
Tanker,186887.12,27744.68,12.32,10854.56,34.48,4,12.15,LNG,2106.5,5743.29,0.0,102.38,1074947.17
Tanker,103917.68,37437.36,14.3,10584.83,57.97,3,12.85,Methanol,4470.46,6004.94,0.0,71.17,1334431.84
Tanker,110670.98,27095.08,15.46,7251.37,61.72,5,13.05,Ammonia,1952.19,0.0,0.0,36.31,907768.54
Bulk Carrier,69189.15,14625.62,12.51,5228.73,86.75,5,14.37,LNG,1080.82,2946.82,0.0,52.53,551544.55
Bulk Carrier,66342.61,11456.4,11.37,5031.98,90.92,3,15.12,VLSFO,911.59,2713.44,18.69,168.19,448503.18
Tanker,194120.67,42440.15,16.77,1425.09,38.14,1,11.73,HFO,335.6,1044.2,26.98,67.45,114673.21
Bulk Carrier,47070.7,24054.64,14.15,6802.17,60.84,4,13.66,Hydrogen,1607.63,0.0,0.0,0.0,6752066.16
Tanker,127575.04,32663.34,15.93,3425.81,73.59,4,13.14,Methanol,1297.08,1742.3,0.0,20.65,387177.58
Bulk Carrier,70295.21,21382.12,14.72,7076.95,40.6,4,12.38,VLSFO,1089.44,3242.83,22.33,201.0,536005.13
Bulk Carrier,67638.75,13520.87,13.63,3429.09,58.1,3,12.83,Hydrogen,437.76,0.0,0.0,0.0,1838593.48
Bulk Carrier,59958.49,13152.62,14.26,5174.49,92.79,5,14.45,LNG,873.69,2382.07,0.0,42.46,445841.7
Container,73783.42,54938.2,21.51,3391.21,85.26,4,13.76,Hydrogen,1496.35,0.0,0.0,0.0,6284686.3
Tanker,81440.76,42927.62,13.46,6949.13,53.88,7,12.65,HFO,3758.7,11695.11,302.2,755.5,1284346.96
Tanker,101427.47,41917.51,13.16,3606.92,92.66,3,14.5,Methanol,2621.8,3521.74,0.0,41.74,782608.05
Container,119868.51,25670.55,23.84,10509.29,76.89,3,14.25,LNG,1730.48,4718.08,0.0,84.1,883063.08
Bulk Carrier,38815.82,23674.29,11.76,11485.29,53.33,2,12.71,Hydrogen,2899.93,0.0,0.0,0.0,12179701.21
Bulk Carrier,50637.07,23727.35,14.98,5169.04,71.26,3,13.76,LNG,1080.31,2945.41,0.0,52.5,551280.47
Container,93711.51,38749.25,18.05,1493.14,76.35,3,13.53,HFO,532.24,1656.07,42.79,106.98,181867.61
Container,77047.74,26256.07,18.4,6827.38,46.01,4,12.15,LNG,1123.92,3064.32,0.0,54.62,573535.31
Container,57943.27,39934.35,22.6,3512.11,33.07,2,11.41,LNG,454.46,1239.07,0.0,22.09,231910.88
Bulk Carrier,87131.0,19311.54,12.83,3611.09,92.25,4,14.95,VLSFO,1090.81,3246.92,22.36,201.26,536680.33
Bulk Carrier,37318.93,21253.88,15.95,1481.96,92.62,3,14.9,Methanol,403.34,541.78,0.0,6.42,120395.5
Bulk Carrier,87384.72,8854.25,11.26,6958.55,75.1,5,13.29,Hydrogen,891.48,0.0,0.0,0.0,3744236.98
Tanker,122671.27,38248.66,15.57,3482.36,33.79,1,11.18,Methanol,763.62,1025.73,0.0,12.16,227940.2
Tanker,87724.95,27393.21,16.51,3533.19,39.76,1,11.61,Hydrogen,536.18,0.0,0.0,0.0,2251947.85
Tanker,94235.64,17949.62,16.68,3370.4,33.93,5,11.74,Ammonia,375.08,0.0,0.0,6.98,174409.89
Container,90824.73,27565.46,23.01,1425.65,83.41,3,13.82,VLSFO,289.24,860.94,5.93,53.36,142304.28
Bulk Carrier,38488.11,19267.34,15.54,1436.65,97.48,2,15.19,VLSFO,342.72,1020.14,7.03,63.23,168618.26
Tanker,145700.79,34970.09,13.45,10890.17,69.93,3,14.11,Ammonia,3811.28,0.0,0.0,70.89,1772245.55
Bulk Carrier,46211.87,10092.49,14.49,6676.41,82.48,3,13.5,Methanol,960.27,1289.88,0.0,15.29,286639.26
Container,95042.43,29188.9,21.84,6715.81,61.7,3,13.36,Methanol,1400.04,1880.6,0.0,22.29,417911.6
Container,67843.1,24322.11,19.08,6708.47,70.26,4,13.66,HFO,1395.47,4341.98,112.2,280.49,476832.28
Container,68241.81,35131.91,18.13,5115.68,69.71,3,13.26,Methanol,1712.58,2300.42,0.0,27.26,511205.31
Tanker,136396.1,39752.71,12.41,5195.04,71.81,5,13.45,VLSFO,3122.27,9293.75,64.01,576.06,1536156.94
Container,91074.77,30993.41,22.11,11496.1,40.12,6,11.9,Methanol,2271.47,3051.16,0.0,36.16,678034.6
Bulk Carrier,36925.54,15221.8,11.2,6799.5,45.48,3,12.51,Ammonia,943.31,0.0,0.0,17.55,438640.97
Bulk Carrier,96398.54,16832.49,15.67,1557.34,84.06,3,14.71,Hydrogen,259.23,0.0,0.0,0.0,1088769.17
Container,98001.21,45393.32,15.19,6769.16,60.08,3,13.62,VLSFO,2644.37,7871.23,54.21,487.89,1301029.11
Container,73082.41,31372.72,15.36,1444.68,51.23,5,12.17,HFO,376.63,1171.86,30.28,75.7,128692.87
Bulk Carrier,62898.0,22239.09,13.97,7197.79,87.54,4,14.72,HFO,2189.79,6813.49,176.06,440.15,748251.72
Bulk Carrier,78516.54,13236.24,13.06,3668.67,73.96,4,13.97,HFO,628.7,1956.19,50.55,126.37,214826.62
Bulk Carrier,93759.64,16166.58,11.78,3431.79,33.27,3,11.37,Ammonia,396.96,0.0,0.0,7.38,184585.46
Container,57979.47,40513.0,18.53,5175.73,46.95,3,11.81,Methanol,1547.99,2079.33,0.0,24.64,462073.98
Container,71138.51,20524.46,14.74,3573.43,51.87,3,12.19,Methanol,685.33,920.57,0.0,10.91,204571.23
Container,126768.12,43628.7,15.52,5096.23,30.6,3,11.62,Methanol,1296.37,1741.35,0.0,20.64,386967.45
Tanker,95013.21,32722.46,13.65,1566.69,77.77,3,13.29,Methanol,698.62,938.42,0.0,11.12,208537.02
Tanker,116842.57,44644.04,14.82,11020.81,79.78,5,13.38,HFO,6572.99,20451.74,528.47,1321.17,2245992.27
Bulk Carrier,33273.14,18430.15,14.09,11066.5,44.01,2,11.95,Methanol,1747.58,2347.43,0.0,27.82,521651.2
Container,56259.55,28963.82,23.44,1540.17,42.61,3,12.32,Hydrogen,190.13,0.0,0.0,0.0,798531.94
Container,144822.6,46009.42,15.3,10950.01,87.8,2,14.6,LNG,5024.45,13698.97,0.0,244.19,2563979.02
Tanker,124788.66,36096.79,15.61,7303.69,64.11,8,12.99,Methanol,3753.34,5041.67,0.0,59.75,1120370.79
Container,72072.83,22965.53,20.94,1572.39,51.85,4,12.31,Hydrogen,220.77,0.0,0.0,0.0,927237.53
Tanker,110655.28,44980.09,13.52,1471.31,58.38,5,12.6,Hydrogen,720.45,0.0,0.0,0.0,3025904.67
Bulk Carrier,99007.78,23394.26,15.96,3555.12,55.13,6,12.6,VLSFO,811.25,2414.77,16.63,149.68,399135.85
Bulk Carrier,48496.43,17778.88,13.88,3625.25,72.99,3,13.63,HFO,698.86,2174.5,56.19,140.47,238801.23
Tanker,119636.33,34934.2,15.22,1499.69,42.28,3,12.58,Ammonia,387.77,0.0,0.0,7.21,180314.32
Container,136432.59,32032.99,15.2,11438.51,93.15,4,15.22,Methanol,5115.0,6870.73,0.0,81.43,1526828.11
Tanker,142598.27,15039.57,15.16,11220.99,89.72,5,14.73,Ammonia,2241.26,0.0,0.0,41.69,1042186.85
Tanker,140841.19,17639.14,14.2,1435.26,40.4,2,12.48,LNG,149.45,407.47,0.0,7.26,76265.33
Bulk Carrier,46897.27,19487.57,11.03,5020.14,44.1,3,12.51,Hydrogen,943.07,0.0,0.0,0.0,3960878.97
Container,51268.55,42826.67,18.16,11426.65,39.04,4,12.15,Ammonia,2838.67,0.0,0.0,52.8,1319979.29
Container,114028.58,34976.74,20.92,11185.85,35.55,4,11.28,VLSFO,1849.62,5505.58,37.92,341.25,910013.05
Tanker,135486.36,37396.19,12.55,7300.51,62.72,6,12.84,Methanol,4011.26,5388.13,0.0,63.86,1197362.16
Container,65293.57,34897.72,16.8,1453.18,95.3,3,14.26,VLSFO,584.78,1740.67,11.99,107.89,287713.41
Tanker,199211.58,24370.12,13.14,3537.98,49.75,4,13.03,Hydrogen,778.86,0.0,0.0,0.0,3271223.61
Bulk Carrier,57992.3,11434.46,11.34,1461.53,95.13,5,14.9,HFO,296.93,923.91,23.87,59.68,101462.49
Tanker,91671.34,41822.47,15.11,3615.33,61.8,3,13.2,LNG,1250.01,3408.09,0.0,60.75,637878.38
Tanker,99626.85,17110.24,12.68,3531.2,42.84,3,11.86,LNG,490.1,1336.23,0.0,23.82,250097.28
Tanker,182032.45,36905.95,13.06,1459.01,41.94,5,12.24,VLSFO,456.8,1359.72,9.36,84.28,224747.91
Bulk Carrier,44414.23,18179.43,11.46,7153.31,93.81,5,13.98,VLSFO,2328.45,6930.86,47.73,429.6,1145596.54
Tanker,193595.83,25226.57,15.31,7226.96,54.78,7,12.93,Hydrogen,1952.55,0.0,0.0,0.0,8200696.07
Container,146962.3,24599.83,21.77,3398.18,50.77,4,12.28,Ammonia,490.03,0.0,0.0,9.11,227864.14
Bulk Carrier,38427.68,8392.94,12.09,3578.82,66.55,3,13.21,VLSFO,374.79,1115.59,7.68,69.15,184394.4
Bulk Carrier,76228.35,11982.67,13.66,6778.43,93.1,5,14.13,Ammonia,1164.25,0.0,0.0,21.66,541378.18
Container,73043.84,30458.5,22.42,3633.51,65.92,2,13.47,Hydrogen,616.16,0.0,0.0,0.0,2587888.19
Tanker,81503.17,15898.63,12.03,4953.53,53.16,7,13.08,Ammonia,974.55,0.0,0.0,18.13,453167.24
Bulk Carrier,67330.92,9951.2,13.56,5238.92,96.59,1,15.43,VLSFO,671.96,2000.16,13.78,123.98,330604.35
Bulk Carrier,75712.0,20355.33,14.83,1501.55,52.3,8,12.54,Methanol,388.24,521.51,0.0,6.18,115890.14
Bulk Carrier,48031.35,24665.63,11.19,1547.91,65.95,1,13.45,HFO,449.68,1399.18,36.15,90.39,153656.28
Bulk Carrier,54393.9,18056.33,13.8,5140.77,88.76,4,14.62,HFO,1202.71,3742.21,96.7,241.74,410965.72
Bulk Carrier,70228.25,22409.86,11.26,6734.1,95.39,4,14.71,Hydrogen,2598.14,0.0,0.0,0.0,10912171.94
Bulk Carrier,90415.91,11866.15,15.52,4933.92,79.67,4,14.63,LNG,631.55,1721.89,0.0,30.69,322279.72
Tanker,164375.32,22557.29,15.6,4924.0,39.67,3,12.26,Methanol,882.38,1185.25,0.0,14.05,263389.5
Bulk Carrier,57845.75,12407.03,12.33,1431.38,44.77,3,12.51,Ammonia,151.21,0.0,0.0,2.81,70313.47
Bulk Carrier,67906.7,19772.26,15.47,4920.39,83.42,5,14.06,LNG,1034.38,2820.21,0.0,50.27,527846.32
Container,106075.4,49038.77,14.41,11201.97,48.93,3,12.25,HFO,4457.39,13869.07,358.37,895.93,1523089.39
Tanker,196833.71,21570.33,15.58,7321.39,82.96,1,14.57,Methanol,1751.8,2353.11,0.0,27.89,522913.63
Container,140195.38,43522.58,19.19,1432.11,40.84,5,12.2,Hydrogen,334.83,0.0,0.0,0.0,1406281.17
Tanker,184041.19,22681.0,16.85,3409.73,70.08,5,13.52,HFO,727.91,2264.87,58.52,146.31,248725.66
Bulk Carrier,61932.05,13544.71,12.94,4884.07,96.52,5,14.85,Ammonia,1005.75,0.0,0.0,18.71,467675.49
Bulk Carrier,42407.38,12189.28,13.34,5160.39,98.86,1,14.22,Ammonia,826.72,0.0,0.0,15.38,384422.93
Container,108787.4,24514.08,22.92,10884.39,82.34,3,13.79,Ammonia,1814.98,0.0,0.0,33.76,843965.45
Bulk Carrier,95798.83,17620.62,15.77,1492.68,41.03,5,11.53,Ammonia,177.17,0.0,0.0,3.3,82383.61
Tanker,83312.96,25063.92,16.16,3586.35,33.24,1,11.95,VLSFO,485.29,1444.51,9.95,89.54,238762.28
Bulk Carrier,99789.18,12003.89,15.78,7072.49,90.32,4,14.3,HFO,1072.8,3338.01,86.25,215.63,366577.3
Bulk Carrier,94629.14,18238.26,13.67,1454.66,99.16,4,14.85,LNG,363.08,989.92,0.0,17.65,185278.61
Tanker,82891.65,22655.97,14.07,3585.69,35.34,4,12.35,Hydrogen,564.77,0.0,0.0,0.0,2372049.17
Tanker,92348.25,28082.65,14.91,4975.61,47.21,6,11.87,VLSFO,1271.91,3785.97,26.07,234.67,625779.95
Tanker,123151.99,26306.5,14.39,7221.25,65.56,4,13.89,Methanol,2312.02,3105.63,0.0,36.81,690139.4
Tanker,80833.42,35922.22,15.99,6991.09,69.08,5,12.81,LNG,2522.16,6876.57,0.0,122.58,1287058.49
Bulk Carrier,90545.67,19468.05,12.27,1447.69,36.03,6,11.99,VLSFO,259.35,771.98,5.32,47.85,127599.81
Container,54508.11,35448.26,18.41,7108.07,43.17,3,12.52,Methanol,1723.17,2314.65,0.0,27.43,514366.48
Bulk Carrier,54409.28,23685.76,13.11,5084.88,72.13,5,13.65,Ammonia,1487.2,0.0,0.0,27.66,691547.08
Container,58882.23,50973.59,16.24,1548.08,92.49,3,15.06,Hydrogen,880.95,0.0,0.0,0.0,3699973.35
Container,80606.09,45912.84,19.28,1487.62,55.71,2,13.29,Hydrogen,426.53,0.0,0.0,0.0,1791406.11
Tanker,115877.96,19878.18,15.1,3672.06,45.32,1,12.32,HFO,540.76,1682.56,43.48,108.69,184777.43
Container,112056.37,35731.0,15.19,4964.47,44.21,1,12.26,VLSFO,1259.28,3748.36,25.82,232.34,619563.47
Bulk Carrier,97008.78,21990.97,15.31,4899.93,38.05,2,11.36,LNG,574.73,1566.97,0.0,27.93,293283.77
Tanker,102104.18,33614.97,15.5,6754.45,78.12,2,13.88,VLSFO,2192.02,6524.76,44.94,404.43,1078472.62
Tanker,180273.21,29222.21,14.33,1515.93,34.29,3,11.48,HFO,285.57,888.55,22.96,57.4,97579.66
Container,103173.79,46135.18,22.11,10527.42,98.46,3,14.97,Hydrogen,4026.96,0.0,0.0,0.0,16913245.36
Tanker,92651.34,22159.75,13.73,5043.68,32.76,3,12.09,Hydrogen,665.44,0.0,0.0,0.0,2794861.63
Tanker,143073.32,40276.71,13.35,1493.38,85.71,6,14.82,Ammonia,901.66,0.0,0.0,16.77,419271.17
Container,112416.77,29501.23,18.07,7005.31,43.79,4,11.83,Ammonia,1225.86,0.0,0.0,22.8,570026.62
Bulk Carrier,45246.19,15905.08,11.26,10921.68,90.17,7,15.14,Hydrogen,3454.52,0.0,0.0,0.0,14508987.04
Tanker,169968.0,22834.19,13.96,3657.28,64.4,2,13.06,Hydrogen,782.54,0.0,0.0,0.0,3286679.59
Bulk Carrier,79761.2,20686.38,14.02,4875.17,92.98,3,14.71,VLSFO,1306.89,3890.1,26.79,241.12,642990.97
Container,66297.32,45573.23,17.78,3517.16,30.8,5,12.06,Methanol,1025.02,1376.86,0.0,16.32,305969.01
Bulk Carrier,77125.3,13984.01,13.4,1521.33,40.33,3,12.21,Methanol,180.33,242.23,0.0,2.87,53828.49
Container,130777.63,44895.87,17.7,4805.81,90.56,5,14.5,HFO,2390.86,7439.11,192.23,480.56,816956.86
Tanker,90837.3,41890.27,13.28,7102.78,91.38,3,14.35,LNG,3672.64,10013.31,0.0,178.49,1874148.95
Container,74017.63,55986.1,22.12,1438.0,57.85,5,12.34,LNG,501.22,1366.56,0.0,24.36,255772.88
Container,107576.01,38333.62,18.79,7192.66,35.45,4,11.63,VLSFO,1447.46,4308.49,29.67,267.06,712147.9
Container,144376.31,29976.7,20.17,3573.21,52.4,3,12.11,Hydrogen,650.59,0.0,0.0,0.0,2732486.3
Tanker,192840.86,34899.6,16.06,11542.21,83.69,3,13.77,Methanol,5021.8,6745.53,0.0,79.95,1499006.8
Bulk Carrier,96824.73,13059.73,12.01,4970.51,32.67,5,11.78,Ammonia,539.43,0.0,0.0,10.03,250836.23
Tanker,110741.4,40526.01,13.95,11251.39,71.82,5,13.18,Hydrogen,5575.41,0.0,0.0,0.0,23416736.95
Tanker,131974.26,44771.65,16.92,10789.71,62.27,3,12.87,Hydrogen,4012.42,0.0,0.0,0.0,16852144.12
Tanker,191187.96,26554.02,15.02,7122.26,66.44,1,13.45,Methanol,1769.18,2376.45,0.0,28.17,528100.95
Tanker,106595.19,17704.85,13.78,11168.41,54.8,5,13.04,VLSFO,1981.05,5896.79,40.61,365.5,974675.63
Bulk Carrier,70584.44,17151.71,14.16,11280.61,74.82,3,13.2,VLSFO,2136.97,6360.9,43.81,394.27,1051387.69
Container,70333.61,42310.85,21.53,1443.76,46.15,6,11.9,LNG,327.89,893.98,0.0,15.94,167321.61
Tanker,154504.53,15137.83,15.23,11252.43,80.7,2,14.26,HFO,1907.92,5936.44,153.4,383.49,651935.1
Container,100960.9,50185.97,19.6,6741.52,96.04,4,15.18,VLSFO,3460.68,10301.06,70.94,638.5,1702653.75
Bulk Carrier,60470.81,11404.31,12.5,10654.72,38.79,5,12.18,Methanol,1192.95,1602.43,0.0,18.99,356095.55
Tanker,167270.51,27027.66,16.07,6972.88,51.44,3,12.33,Methanol,1591.92,2138.34,0.0,25.34,475187.62
Container,135754.26,26782.88,14.47,6680.2,73.1,6,13.75,Methanol,2592.83,3482.82,0.0,41.28,773959.18
Bulk Carrier,34290.77,23846.59,11.8,6948.15,56.01,4,12.46,Ammonia,1786.96,0.0,0.0,33.24,830936.66
Bulk Carrier,96125.41,24182.84,14.52,3412.9,41.95,3,12.57,Methanol,681.9,915.96,0.0,10.86,203545.82
Tanker,147393.11,16298.66,14.05,10848.94,38.37,3,12.23,Hydrogen,1192.64,0.0,0.0,0.0,5009068.33
Container,75350.57,31930.76,21.75,3552.53,87.29,1,14.25,Hydrogen,827.32,0.0,0.0,0.0,3474745.52
Bulk Carrier,91155.18,15721.71,14.42,7098.13,71.76,6,13.21,VLSFO,1469.67,4374.63,30.13,271.15,723078.94
Tanker,189886.41,40036.5,13.61,10565.43,50.16,4,12.03,Methanol,4630.17,6219.47,0.0,73.71,1382105.53
Container,124062.45,41546.7,19.06,3503.6,85.37,4,14.65,Ammonia,1346.51,0.0,0.0,25.05,626126.78
Tanker,135340.96,35522.14,12.95,6794.81,77.53,5,14.08,LNG,3142.33,8567.42,0.0,152.72,1603528.5
Container,108757.91,43659.02,22.98,4802.19,67.76,3,13.13,HFO,1304.59,4059.2,104.89,262.22,445778.29
Tanker,190019.14,35361.58,12.57,6830.05,50.85,5,12.86,Hydrogen,2448.26,0.0,0.0,0.0,10282704.82
Bulk Carrier,80520.39,10128.73,15.59,4902.76,44.58,4,12.06,HFO,414.79,1290.6,33.35,83.37,141732.65
Tanker,131542.3,27584.44,14.79,1529.23,83.52,7,13.58,Hydrogen,568.98,0.0,0.0,0.0,2389735.61
Bulk Carrier,63489.14,12254.11,15.17,5202.99,58.47,3,13.25,Hydrogen,588.07,0.0,0.0,0.0,2469880.41
Bulk Carrier,92352.11,19467.86,12.5,6654.95,92.58,5,14.95,VLSFO,2172.39,6466.35,44.53,400.81,1068817.83
Bulk Carrier,49881.42,14873.42,12.04,3564.49,72.68,5,14.01,Ammonia,732.29,0.0,0.0,13.62,340514.86
Container,122877.9,56646.26,19.27,11473.71,60.43,4,13.43,Hydrogen,4891.08,0.0,0.0,0.0,20542530.28
Tanker,134828.09,32611.46,14.12,1561.66,53.48,5,12.76,Methanol,560.08,752.32,0.0,8.92,167183.26
Tanker,87723.51,16535.59,16.22,4795.41,95.25,2,15.07,HFO,859.61,2674.65,69.11,172.78,293727.2
Container,58623.29,44034.84,22.33,11464.06,89.54,3,15.06,Hydrogen,4029.87,0.0,0.0,0.0,16925456.64
Container,148174.68,22431.84,19.55,5065.49,96.07,7,15.11,Hydrogen,1222.82,0.0,0.0,0.0,5135841.12
Container,66162.68,58906.86,14.38,1565.0,58.42,3,12.7,Ammonia,877.91,0.0,0.0,16.33,408230.44
Bulk Carrier,79339.9,18798.52,12.15,3346.74,66.08,2,13.31,HFO,728.3,2266.1,58.56,146.39,248860.7
Tanker,157647.2,25032.26,16.7,1461.42,97.46,5,14.31,Methanol,533.11,716.1,0.0,8.49,159133.22
Container,108294.56,49273.0,16.19,6979.36,61.58,4,13.09,Methanol,3506.22,4709.73,0.0,55.82,1046606.43
Tanker,101904.31,38415.52,13.58,7117.68,54.89,3,13.23,VLSFO,2455.74,7309.75,50.34,453.08,1208222.68
Bulk Carrier,83678.91,12611.8,13.11,7108.45,92.58,5,15.02,HFO,1381.65,4298.98,111.08,277.71,472110.21
Tanker,169316.82,44950.31,14.64,1482.17,31.42,4,11.49,Hydrogen,383.05,0.0,0.0,0.0,1608800.97
Container,133967.21,43021.17,14.77,5171.42,85.31,4,14.41,Hydrogen,2610.85,0.0,0.0,0.0,10965558.1
Tanker,169095.66,41509.88,16.72,11396.63,82.18,4,14.74,Hydrogen,4805.51,0.0,0.0,0.0,20183139.45
Tanker,94062.18,22052.87,12.49,3464.97,46.88,3,12.4,LNG,634.92,1731.09,0.0,30.86,324001.59
Bulk Carrier,82076.04,15071.38,13.73,1564.72,59.55,4,13.24,Ammonia,232.3,0.0,0.0,4.32,108021.18
Bulk Carrier,43241.89,22838.12,13.76,11378.79,77.69,3,13.25,LNG,2938.68,8012.2,0.0,142.82,1499610.46
Tanker,102087.79,32437.01,13.93,1527.84,53.25,4,13.03,VLSFO,515.51,1534.46,10.57,95.11,253629.91
Tanker,83052.0,42481.25,16.86,1541.82,50.19,5,13.09,Ammonia,513.12,0.0,0.0,9.54,238600.24
Bulk Carrier,98782.52,23444.19,12.34,1573.74,40.91,4,11.83,Ammonia,306.37,0.0,0.0,5.7,142461.79
Tanker,135386.12,36177.21,16.56,3485.63,93.86,4,14.58,LNG,1437.41,3919.04,0.0,69.86,733510.72
Bulk Carrier,95236.44,9118.35,13.45,6837.1,67.06,1,12.73,Ammonia,591.02,0.0,0.0,10.99,274823.67
Tanker,102223.08,16151.47,12.05,3653.42,97.17,2,14.84,VLSFO,921.56,2743.11,18.89,170.03,453406.64
Bulk Carrier,56092.91,19388.74,15.58,1540.37,73.22,7,13.32,Methanol,452.36,607.64,0.0,7.2,135030.95
Tanker,100505.86,41315.85,16.63,3376.65,64.22,3,12.62,LNG,1027.25,2800.75,0.0,49.92,524204.16
Container,110244.61,48869.01,15.76,3514.39,45.63,6,12.53,Ammonia,1395.87,0.0,0.0,25.96,649077.65
Tanker,145070.65,26301.79,12.44,3592.39,86.88,3,14.74,Methanol,1462.92,1965.07,0.0,23.29,436681.92
Bulk Carrier,53554.8,8162.22,14.44,11225.05,83.3,2,13.72,Ammonia,1034.69,0.0,0.0,19.25,481132.22
Container,107124.15,29992.8,18.83,5193.99,70.21,7,13.95,Ammonia,1512.27,0.0,0.0,28.13,703205.91
Container,105414.28,39215.79,16.4,5076.67,40.68,4,12.14,LNG,1209.61,3297.96,0.0,58.79,617266.12
Bulk Carrier,72518.99,9833.74,13.71,11216.51,40.35,3,11.47,LNG,738.23,2012.75,0.0,35.88,376717.78
Tanker,137342.35,40858.65,14.81,1499.4,42.79,5,12.16,Ammonia,491.92,0.0,0.0,9.15,228740.96
Bulk Carrier,36697.32,11088.35,15.01,11245.34,47.12,3,11.93,Methanol,1109.62,1490.5,0.0,17.67,331223.03
Tanker,176300.41,32068.5,12.24,1426.59,68.13,4,13.14,HFO,617.75,1922.11,49.67,124.17,211084.72
Bulk Carrier,96760.07,24652.95,12.94,7201.45,75.85,3,13.21,HFO,2202.32,6852.49,177.07,442.67,752534.11
Tanker,190872.19,28816.51,14.75,3664.08,61.92,5,13.66,VLSFO,1062.66,3163.1,21.78,196.06,522826.48
Bulk Carrier,91122.54,20605.8,14.41,11055.79,71.8,2,14.02,VLSFO,2274.4,6769.97,46.63,419.63,1119003.74
Tanker,173570.49,43889.34,12.23,3372.13,56.9,2,13.35,HFO,1587.08,4938.16,127.6,319.0,542304.41
Container,131187.74,47695.34,22.95,4845.18,69.39,1,14.07,Methanol,1539.36,2067.75,0.0,24.51,459499.62
Container,133255.26,29616.1,14.58,5174.43,51.14,5,12.97,Methanol,1618.25,2173.71,0.0,25.76,483046.71
Bulk Carrier,33488.49,21304.56,14.76,1479.21,61.83,5,13.45,LNG,309.31,843.32,0.0,15.03,157841.34
Bulk Carrier,47161.77,18362.69,13.45,10696.85,45.75,5,12.79,VLSFO,1804.27,5370.59,36.99,332.89,887700.26
Container,148476.07,49806.78,15.27,4784.19,51.78,4,12.82,Methanol,2262.47,3039.06,0.0,36.02,675346.98
Tanker,105601.66,39258.34,16.29,3328.0,44.18,4,11.77,Methanol,993.08,1333.96,0.0,15.81,296434.84
Container,64620.14,38875.3,22.78,3442.01,40.55,4,12.42,Hydrogen,604.01,0.0,0.0,0.0,2536833.9
Tanker,146007.08,37243.67,13.27,1456.63,97.74,5,15.14,VLSFO,958.56,2853.26,19.65,176.85,471612.44
Bulk Carrier,80254.44,9987.11,15.51,11124.09,41.13,5,11.56,HFO,848.89,2641.32,68.25,170.63,290067.25
Container,53837.37,58066.01,16.36,7066.51,32.99,4,11.9,Hydrogen,2310.54,0.0,0.0,0.0,9704257.25
Tanker,148297.79,20139.5,16.79,7310.77,77.51,5,14.09,Hydrogen,1594.26,0.0,0.0,0.0,6695908.73
Container,140232.11,30082.03,19.93,3560.06,45.92,4,12.11,Ammonia,627.71,0.0,0.0,11.68,291885.93
Bulk Carrier,42533.43,12969.02,12.1,1465.05,92.76,7,14.64,Hydrogen,342.86,0.0,0.0,0.0,1440003.55
Bulk Carrier,39031.92,21976.18,13.1,3643.33,98.8,4,14.52,VLSFO,1222.35,3638.44,25.06,225.52,601395.24
Bulk Carrier,59680.49,14845.37,13.72,1478.38,90.79,3,14.89,Methanol,327.27,439.61,0.0,5.21,97690.14
Container,87116.61,31972.15,20.99,3671.71,46.15,2,12.03,HFO,585.25,1821.0,47.05,117.64,199980.17
Tanker,88177.3,32784.2,14.75,6962.48,85.43,4,14.33,Hydrogen,2716.28,0.0,0.0,0.0,11408369.4
Tanker,98722.59,24012.12,15.94,7039.65,86.4,3,13.8,Hydrogen,1897.5,0.0,0.0,0.0,7969519.87
Container,51207.64,42199.74,20.04,1566.2,49.2,2,12.61,Hydrogen,358.91,0.0,0.0,0.0,1507419.39
Container,117741.09,28508.83,17.02,1490.88,91.98,4,13.92,Ammonia,454.07,0.0,0.0,8.45,211142.83
Tanker,186372.65,44905.67,16.65,7291.13,54.97,5,12.98,HFO,2877.53,8953.38,231.35,578.38,983252.29
Bulk Carrier,35334.71,17748.83,14.84,3435.26,31.81,5,11.77,LNG,372.84,1016.54,0.0,18.12,190261.15
Tanker,124554.75,16508.64,13.46,11328.92,33.02,3,11.82,LNG,1107.56,3019.71,0.0,53.83,565187.04
Container,52903.11,29248.0,16.53,11314.97,72.55,3,13.3,Ammonia,2946.06,0.0,0.0,54.8,1369917.93
Tanker,153194.63,15527.31,12.48,3559.37,80.94,4,13.94,Methanol,886.58,1190.89,0.0,14.11,264643.02
Bulk Carrier,64404.72,10348.95,11.38,1522.64,99.41,4,14.67,Ammonia,257.05,0.0,0.0,4.78,119529.84
Container,110155.49,22597.57,17.38,3591.1,79.28,5,13.28,Hydrogen,822.1,0.0,0.0,0.0,3452799.15
Bulk Carrier,31296.55,8681.75,13.38,11332.35,45.79,3,11.93,HFO,864.48,2689.81,69.5,173.76,295392.03
Container,116218.07,57815.23,23.43,1538.1,74.64,4,13.66,VLSFO,700.82,2086.07,14.37,129.3,344805.74
Container,145324.56,30495.49,17.15,11062.28,61.19,4,13.1,Methanol,3241.18,4353.72,0.0,51.6,967492.68
Tanker,167321.59,25780.59,15.57,1442.69,67.82,4,14.05,VLSFO,398.33,1185.66,8.17,73.49,195976.6
Bulk Carrier,87920.85,23492.02,13.9,11431.24,46.97,6,12.61,VLSFO,2687.86,8000.68,55.1,495.91,1322426.74
Bulk Carrier,99084.12,11176.8,11.97,7316.75,75.39,6,14.35,Methanol,1561.45,2097.41,0.0,24.86,466091.99
Bulk Carrier,30664.01,21108.44,12.97,3373.23,32.55,4,11.44,VLSFO,533.82,1588.98,10.94,98.49,262641.57
Tanker,120815.67,31675.51,12.52,5209.77,71.04,4,14.2,Ammonia,1994.49,0.0,0.0,37.1,927438.05
Tanker,132773.89,43757.94,15.37,7131.59,59.79,8,13.02,Methanol,4301.36,5777.8,0.0,68.48,1283956.14
Container,83695.37,56923.05,14.15,3389.88,99.31,1,15.41,Hydrogen,2563.34,0.0,0.0,0.0,10766026.78
Bulk Carrier,63164.95,18887.02,13.76,5015.87,86.12,4,13.65,LNG,1211.73,3303.73,0.0,58.89,618345.37
Bulk Carrier,98989.89,14331.74,14.26,6666.61,96.27,5,15.06,Methanol,1603.7,2154.18,0.0,25.53,478705.64
Container,145171.93,57001.89,15.34,5179.59,97.15,5,15.11,Ammonia,3815.97,0.0,0.0,70.98,1774423.91
Bulk Carrier,67758.79,24086.77,12.99,4914.24,79.85,5,13.63,Hydrogen,1466.12,0.0,0.0,0.0,6157721.01
Bulk Carrier,42707.03,14065.73,12.44,6691.79,54.04,4,12.48,VLSFO,1086.78,3234.9,22.28,200.51,534694.07
Bulk Carrier,74765.08,10356.27,12.56,11179.83,68.77,4,13.51,LNG,1274.56,3475.02,0.0,61.94,650405.46
Tanker,81580.9,23460.01,16.81,3370.69,43.51,5,12.54,HFO,559.22,1740.0,44.96,112.4,191085.67
Container,67462.4,27863.39,19.05,4773.0,55.26,1,12.75,Methanol,901.6,1211.07,0.0,14.35,269126.75
Bulk Carrier,69330.17,15793.0,14.91,3416.17,74.76,5,13.91,Ammonia,643.51,0.0,0.0,11.97,299232.13
Tanker,184601.17,37562.92,16.81,10473.05,39.49,6,11.79,Methanol,3052.21,4099.88,0.0,48.59,911085.23
Container,110872.58,36259.81,21.9,4981.47,65.99,4,13.59,HFO,1225.64,3813.57,98.54,246.35,418802.55
Tanker,168779.42,36272.74,12.34,6948.13,62.26,4,13.47,Ammonia,2847.6,0.0,0.0,52.97,1324133.28
Bulk Carrier,44855.29,20808.17,11.94,3507.05,37.31,1,12.45,HFO,560.21,1743.07,45.04,112.6,191422.22
Bulk Carrier,33959.07,10848.83,15.85,4883.36,50.73,5,12.57,Methanol,500.68,672.55,0.0,7.97,149454.45
Tanker,108594.39,18244.85,13.67,11334.99,76.04,3,13.63,VLSFO,2456.51,7312.06,50.36,453.23,1208604.64
Bulk Carrier,98929.23,18834.9,14.19,11271.61,64.48,4,13.72,VLSFO,2374.73,7068.62,48.68,438.14,1168367.68
Bulk Carrier,85347.65,24829.49,13.79,11370.26,70.98,2,14.13,Methanol,3643.29,4893.85,0.0,58.0,1087522.07
Bulk Carrier,65819.04,15138.27,14.08,4780.05,35.33,5,11.22,Methanol,608.94,817.96,0.0,9.69,181769.62
Tanker,196709.02,23424.46,13.94,7096.89,39.68,5,12.45,HFO,1406.4,4375.99,113.07,282.69,480567.86
Container,96180.83,52633.03,17.42,7105.71,74.36,3,13.29,VLSFO,3437.86,10233.12,70.48,634.28,1691425.34
Bulk Carrier,98710.69,10003.43,11.16,4918.93,91.71,3,14.39,Ammonia,792.21,0.0,0.0,14.74,368379.15
Container,85659.94,43216.48,22.73,1434.9,42.38,4,12.38,Hydrogen,284.99,0.0,0.0,0.0,1196953.74
Tanker,104847.28,17669.8,12.02,11460.29,96.74,5,15.21,HFO,3625.7,11281.28,291.51,728.77,1238900.5
Tanker,140991.57,44027.91,12.33,5039.64,64.07,4,13.39,LNG,2570.27,7007.75,0.0,124.92,1311610.08
Container,80297.36,27974.5,22.38,10820.67,92.82,3,14.63,Methanol,2739.33,3679.6,0.0,43.61,817690.0
Bulk Carrier,55863.35,9957.2,14.02,5074.42,52.18,5,12.19,Hydrogen,482.92,0.0,0.0,0.0,2028268.18
Container,74240.1,45555.92,22.07,5050.84,46.21,4,12.52,Hydrogen,1167.52,0.0,0.0,0.0,4903590.94
Bulk Carrier,82837.39,13395.93,12.63,1479.83,61.32,3,12.7,HFO,226.06,703.37,18.18,45.44,77243.97
Tanker,119510.09,33992.75,14.39,1557.19,83.12,3,14.2,Methanol,772.41,1037.54,0.0,12.3,230565.36
Tanker,122854.41,18704.61,14.03,4761.95,32.94,3,11.56,VLSFO,603.95,1797.73,12.38,111.43,297144.73
Container,99708.09,50604.13,20.46,3625.03,60.94,4,13.11,Methanol,1485.12,1994.89,0.0,23.64,443309.73
Tanker,107597.87,31146.02,16.62,10470.35,64.33,4,12.73,Hydrogen,2935.56,0.0,0.0,0.0,12329331.91
Tanker,123018.43,44031.92,15.19,3346.77,57.58,3,13.12,Ammonia,1221.69,0.0,0.0,22.72,568087.2
Bulk Carrier,95501.4,21770.41,13.21,4960.45,91.33,3,14.25,Ammonia,1416.71,0.0,0.0,26.35,658770.74
Tanker,168527.11,35033.92,12.61,11367.12,81.88,3,13.64,Methanol,6411.59,8612.36,0.0,102.07,1913858.34
Tanker,155678.58,23464.64,14.08,10920.39,92.39,5,15.06,Hydrogen,3630.53,0.0,0.0,0.0,15248230.95
Container,79758.98,53956.86,14.65,10753.71,30.69,6,11.36,HFO,3967.62,12345.17,319.0,797.49,1355735.94
Tanker,179673.28,17305.93,14.94,1481.68,82.7,4,14.01,Hydrogen,278.28,0.0,0.0,0.0,1168765.08
Tanker,88168.88,22917.11,13.16,5125.69,40.91,5,12.07,Ammonia,987.15,0.0,0.0,18.36,459023.24
Bulk Carrier,46069.74,14245.59,15.42,7219.67,31.98,5,11.67,Hydrogen,617.73,0.0,0.0,0.0,2594477.59
Bulk Carrier,88120.69,22387.3,12.43,1515.51,38.98,3,11.93,Ammonia,257.7,0.0,0.0,4.79,119831.54
Container,89562.46,20816.66,23.47,10486.8,96.91,3,14.33,Methanol,2033.94,2732.09,0.0,32.38,607131.18
Container,63881.27,43295.62,17.7,7032.05,85.3,2,14.58,Hydrogen,2918.31,0.0,0.0,0.0,12256889.48
Bulk Carrier,61085.34,14807.19,14.9,7048.73,31.67,5,11.22,VLSFO,682.99,2032.99,14.0,126.01,336031.73
Tanker,160319.39,43402.79,15.98,6856.45,30.17,2,11.88,Ammonia,1568.11,0.0,0.0,29.17,729170.61
Tanker,137144.24,40629.87,15.93,5134.05,81.02,3,14.14,LNG,2177.07,5935.7,0.0,105.81,1110960.47
Container,90355.79,22026.66,17.03,3644.82,68.25,5,13.14,VLSFO,832.58,2478.27,17.07,153.61,409631.68
Bulk Carrier,72628.8,10795.52,12.47,3674.14,32.84,2,11.83,LNG,251.33,685.24,0.0,12.21,128253.05
Tanker,187282.54,21743.75,13.24,4889.4,49.56,5,12.34,Hydrogen,1006.17,0.0,0.0,0.0,4225899.04
Container,71964.7,35664.91,19.11,5152.05,69.11,4,13.52,VLSFO,1547.17,4605.32,31.72,285.45,761209.57
Tanker,170910.41,36261.97,12.58,6668.77,92.99,4,14.58,Methanol,4005.71,5380.67,0.0,63.77,1195703.49
Tanker,139998.64,28195.44,16.44,11406.58,88.45,3,13.86,Ammonia,3629.05,0.0,0.0,67.5,1687509.55
Tanker,130976.49,40829.29,15.77,11398.91,57.18,6,12.67,Methanol,5044.29,6775.74,0.0,80.31,1505719.56
Tanker,186653.51,34264.48,15.05,10807.92,70.61,2,13.16,Ammonia,3454.29,0.0,0.0,64.25,1606245.79
Tanker,163480.98,23727.91,16.74,11076.14,66.37,3,13.43,VLSFO,2181.51,6493.49,44.72,402.49,1073303.58
Bulk Carrier,53936.57,19925.79,13.95,10467.57,76.34,3,14.49,HFO,2470.45,7686.74,198.62,496.56,844151.25
Bulk Carrier,66756.43,23218.43,14.76,10599.35,39.94,3,11.71,VLSFO,1711.95,5095.78,35.09,315.85,842277.73
Container,110371.48,51529.11,16.05,4803.95,90.71,4,14.37,Methanol,3420.29,4594.31,0.0,54.45,1020957.69
Bulk Carrier,80184.87,9165.85,11.56,7139.2,48.81,2,12.72,Methanol,760.77,1021.9,0.0,12.11,227089.23
Container,53387.32,37509.68,16.35,6860.74,83.23,4,13.84,VLSFO,2845.02,8468.49,58.32,524.91,1399750.51
Tanker,185607.01,21370.58,14.47,1474.49,84.03,3,14.9,Methanol,445.4,598.28,0.0,7.09,132951.37
Bulk Carrier,78336.14,18922.51,14.94,10644.26,73.22,4,13.26,HFO,2363.25,7353.2,190.01,475.01,807521.47
Container,96534.19,32215.52,22.96,1569.28,78.14,5,14.53,LNG,364.38,993.46,0.0,17.71,185942.1
Container,144918.28,39546.33,14.27,11541.08,40.64,5,12.6,HFO,3806.6,11844.16,306.05,765.13,1300715.1
Tanker,192922.06,15957.33,16.38,11469.29,92.08,5,13.97,Methanol,2466.59,3313.24,0.0,39.27,736275.67
Container,98839.39,41166.56,15.55,5014.58,94.11,6,14.6,Methanol,3301.49,4434.73,0.0,52.56,985494.52
Bulk Carrier,30860.06,19472.92,11.91,6746.09,51.2,4,12.7,HFO,1491.69,4641.37,119.93,299.83,509711.3
Container,110433.52,44632.45,21.02,1572.01,98.23,3,15.26,VLSFO,646.47,1924.27,13.25,119.27,318061.0
Container,112228.24,54335.67,22.46,3518.54,62.74,5,12.62,Ammonia,1294.18,0.0,0.0,24.07,601794.52
Bulk Carrier,77250.3,23648.59,15.17,3340.7,48.94,5,12.89,HFO,754.62,2347.99,60.67,151.68,257854.52
Container,72110.2,59791.1,23.4,4782.53,43.95,4,12.36,LNG,1338.43,3649.17,0.0,65.05,682999.89
Bulk Carrier,85536.51,14729.18,11.76,7077.73,62.79,2,13.08,VLSFO,1249.43,3719.06,25.61,230.52,614719.91
Tanker,159972.6,29018.21,15.7,10949.59,64.29,4,13.87,VLSFO,3179.14,9463.04,65.17,586.55,1564138.72
Tanker,103942.68,41588.77,16.36,1525.97,67.25,5,13.71,Methanol,690.89,928.04,0.0,11.0,206230.69
Container,99135.03,32727.29,22.21,3663.26,39.87,5,11.76,Methanol,707.69,950.6,0.0,11.27,211244.61
Container,140625.57,31862.44,19.16,1496.67,94.61,4,15.37,HFO,514.02,1599.36,41.33,103.32,175640.74
Tanker,117230.4,18741.81,14.47,3593.38,33.71,5,12.0,Methanol,550.07,738.88,0.0,8.76,164196.59
Bulk Carrier,54971.65,13523.91,14.88,6805.89,81.75,5,14.22,Hydrogen,1066.54,0.0,0.0,0.0,4479476.2
Tanker,141048.32,37830.87,12.12,7104.3,85.16,8,14.28,HFO,5429.61,16894.13,436.54,1091.35,1855298.42
Container,74537.14,44534.84,15.01,1496.1,32.67,4,11.49,Ammonia,408.68,0.0,0.0,7.6,190035.67
Container,84979.03,50436.47,15.61,10975.31,71.98,2,13.15,HFO,5629.2,17515.15,452.59,1131.47,1923498.5
Container,94232.75,58510.61,18.34,4838.51,98.79,6,15.42,VLSFO,3492.32,10395.25,71.59,644.33,1718222.87
Container,90179.51,45294.53,17.81,3572.85,43.28,4,12.67,HFO,1017.62,3166.29,81.82,204.54,347719.11
Bulk Carrier,69470.82,23891.86,15.86,4856.78,46.1,4,11.72,Ammonia,871.66,0.0,0.0,16.21,405322.33
Container,95535.84,36005.66,20.29,10709.97,99.45,3,15.62,LNG,3558.97,9703.38,0.0,172.97,1816140.52
Container,139183.26,50068.18,22.29,1429.56,56.21,4,12.32,Methanol,487.22,654.46,0.0,7.76,145435.96
Container,63623.24,38407.42,16.5,4761.77,53.49,1,12.71,Hydrogen,1268.73,0.0,0.0,0.0,5328653.45
Bulk Carrier,46051.28,19287.47,12.28,3338.02,38.76,2,12.03,VLSFO,518.17,1542.4,10.62,95.6,254941.86
Container,143403.16,32319.4,21.08,3567.83,39.09,4,11.49,Ammonia,566.25,0.0,0.0,10.53,263305.11
Tanker,175709.29,30982.43,15.68,11166.01,88.49,4,14.57,VLSFO,4182.62,12450.0,85.74,771.69,2057850.59
Tanker,197529.73,29867.04,13.75,7217.75,59.82,2,12.56,Hydrogen,1985.46,0.0,0.0,0.0,8338922.41
Tanker,181832.03,29630.39,16.36,3573.91,51.45,5,12.65,Hydrogen,811.97,0.0,0.0,0.0,3410291.04
Container,112627.96,47273.45,22.99,7339.1,63.06,3,13.61,Methanol,2394.3,3216.14,0.0,38.12,714697.56
Tanker,138865.44,19015.09,12.93,6773.22,71.85,6,13.74,Methanol,1998.08,2683.92,0.0,31.81,596425.88
Bulk Carrier,85917.33,18319.13,13.89,1441.1,52.64,4,12.06,Ammonia,223.05,0.0,0.0,4.15,103718.52
Tanker,127175.95,30927.11,13.36,5039.9,35.63,4,12.1,LNG,1055.0,2876.4,0.0,51.27,538364.29
Tanker,89356.58,20723.17,14.99,1459.24,85.36,6,14.87,Hydrogen,384.22,0.0,0.0,0.0,1613718.59
Tanker,107715.1,29609.76,14.39,4770.83,48.65,2,12.52,LNG,960.44,2618.59,0.0,46.68,490110.85
Tanker,188805.76,22392.47,12.16,4912.97,91.68,3,14.47,Ammonia,1671.17,0.0,0.0,31.08,777091.91
Tanker,85790.12,30139.74,16.56,4932.56,89.45,1,14.5,Hydrogen,1416.75,0.0,0.0,0.0,5950337.39
Tanker,127375.0,19013.82,14.14,10569.25,82.86,6,14.81,HFO,3080.94,9586.29,247.71,619.27,1052757.66
Bulk Carrier,72689.95,20423.77,11.49,11505.1,55.37,4,12.21,Hydrogen,2499.49,0.0,0.0,0.0,10497853.79
Container,111494.06,46342.64,18.5,11508.27,64.38,3,13.12,Ammonia,4246.4,0.0,0.0,78.98,1974576.13
Bulk Carrier,77408.05,18794.34,14.52,6830.0,67.4,3,13.04,VLSFO,1238.97,3687.93,25.4,228.59,609574.62
Tanker,84956.2,21690.51,16.32,1543.45,53.92,8,12.22,Ammonia,328.53,0.0,0.0,6.11,152764.89
Bulk Carrier,81998.87,15052.23,12.8,6887.82,72.4,2,13.78,VLSFO,1235.46,3677.46,25.33,227.94,607844.12
Container,121584.81,58320.03,14.37,4944.17,45.59,4,12.82,Methanol,2625.35,3526.5,0.0,41.8,783666.58
Bulk Carrier,34788.33,10048.47,14.19,7064.83,59.48,5,13.62,HFO,771.17,2399.48,62.0,155.0,263508.39
Container,56711.09,39692.71,22.93,1462.09,32.07,4,11.16,Methanol,284.7,382.43,0.0,4.53,84983.87
Tanker,86802.38,26463.63,13.93,7147.03,74.15,4,14.05,Hydrogen,2204.65,0.0,0.0,0.0,9259527.85
Bulk Carrier,43517.79,13284.08,11.29,10745.91,42.51,3,11.75,Ammonia,1323.59,0.0,0.0,24.62,615467.09
Container,69914.95,21682.42,16.29,1440.76,68.69,4,13.07,Ammonia,287.24,0.0,0.0,5.34,133565.16
Tanker,144901.8,34768.93,13.14,3426.2,92.41,4,14.29,HFO,1729.16,5380.24,139.02,347.56,590852.76
Tanker,169164.1,22121.07,12.7,3592.02,42.16,4,12.08,VLSFO,722.91,2151.81,14.82,133.38,355670.84
Container,120321.18,33503.42,16.13,7264.97,95.12,5,14.09,VLSFO,3170.96,9438.68,65.0,585.04,1560112.4
Container,129076.06,41668.46,19.8,11351.49,41.41,4,12.08,LNG,2426.66,6616.2,0.0,117.94,1238326.34
Bulk Carrier,43782.92,11840.5,11.8,11272.82,72.96,3,13.57,Methanol,1970.03,2646.24,0.0,31.36,588053.67
Tanker,124349.79,42820.88,16.99,11448.85,72.25,5,14.28,Methanol,5873.78,7889.95,0.0,93.51,1753322.6
Bulk Carrier,48094.08,16462.74,13.4,11323.96,39.06,4,11.56,VLSFO,1606.22,4781.07,32.93,296.35,790258.77
Bulk Carrier,65458.14,20907.27,14.33,5120.77,77.89,4,13.38,Hydrogen,1329.49,0.0,0.0,0.0,5583842.89
Container,105877.23,58270.02,20.78,4773.05,59.17,5,12.96,VLSFO,2127.93,6334.01,43.62,392.6,1046943.74
Bulk Carrier,93220.36,8201.81,12.35,1458.68,71.82,5,12.96,Methanol,183.92,247.05,0.0,2.93,54899.76
Bulk Carrier,68084.7,11825.19,13.64,3518.12,52.17,2,13.22,Hydrogen,342.56,0.0,0.0,0.0,1438764.79
Tanker,176547.45,34872.96,13.03,3591.61,98.54,6,14.33,Ammonia,1996.7,0.0,0.0,37.14,928466.09
Tanker,101061.19,34093.04,15.08,11006.52,90.51,4,15.09,Methanol,5776.49,7759.27,0.0,91.96,1724282.14
Tanker,157466.0,23849.04,14.78,3393.37,88.93,6,14.11,VLSFO,1128.0,3357.61,23.12,208.12,554976.64
Container,128934.99,28116.54,17.87,10905.64,45.32,5,12.05,Ammonia,2168.63,0.0,0.0,40.34,1008414.37
Bulk Carrier,36302.99,23670.5,11.52,1555.29,47.83,1,12.69,Ammonia,333.31,0.0,0.0,6.2,154991.32
Tanker,181268.96,38555.8,15.43,4929.62,50.94,5,12.96,Methanol,1986.58,2668.48,0.0,31.63,592995.24
Bulk Carrier,66697.53,24999.28,15.45,5230.6,54.91,5,12.83,Methanol,1353.12,1817.58,0.0,21.54,403906.51
Container,144729.41,44412.41,22.9,11203.81,74.41,6,13.98,LNG,3433.38,9360.96,0.0,166.86,1752052.17
Bulk Carrier,87917.92,19866.71,14.5,1541.78,51.36,3,12.22,Hydrogen,261.35,0.0,0.0,0.0,1097677.11
Tanker,159240.32,22798.21,16.92,6753.81,59.38,3,13.15,VLSFO,1203.74,3583.04,24.68,222.09,592238.73
Container,110359.62,25237.03,16.52,1426.44,65.11,5,13.81,Ammonia,334.06,0.0,0.0,6.21,155338.8
Tanker,127385.17,16890.4,13.65,7230.26,70.08,4,13.3,HFO,1495.5,4653.2,120.24,300.59,511010.76
Container,139676.1,58348.04,20.45,5144.43,92.15,6,14.33,VLSFO,3330.24,9912.78,68.27,614.43,1638476.33
Tanker,193441.78,37144.96,12.91,10841.24,44.66,1,12.08,LNG,2870.43,7826.12,0.0,139.5,1464781.27
Bulk Carrier,92435.76,23816.53,14.06,10635.09,71.21,2,13.62,HFO,2873.91,8942.11,231.06,577.66,982015.19
Tanker,163543.07,23436.06,12.23,3566.08,32.68,4,11.94,Hydrogen,594.18,0.0,0.0,0.0,2495549.08
Tanker,130101.89,30046.27,12.16,11221.76,65.0,1,13.61,Hydrogen,3274.79,0.0,0.0,0.0,13754102.44
Container,138701.98,34613.47,21.21,3452.84,30.67,3,12.04,Methanol,548.6,736.91,0.0,8.73,163756.93
Bulk Carrier,50471.62,18689.72,15.47,5060.28,34.64,5,11.94,VLSFO,678.51,2019.66,13.91,125.19,333828.72
Tanker,148232.55,39850.69,12.61,10878.23,46.9,5,12.85,Ammonia,3965.8,0.0,0.0,73.76,1844097.04
Bulk Carrier,76281.06,10689.71,12.82,3512.71,46.17,5,11.87,LNG,351.05,957.11,0.0,17.06,179139.13
Tanker,160778.89,20551.84,14.53,3545.79,53.63,7,13.06,Hydrogen,718.51,0.0,0.0,0.0,3017728.08
Tanker,186020.09,24734.0,16.16,10530.76,58.49,4,12.38,VLSFO,2489.57,7410.45,51.04,459.33,1224867.69
Container,69449.07,21084.73,14.54,4927.55,90.87,2,14.65,Methanol,1405.97,1888.57,0.0,22.38,419682.04
Bulk Carrier,93745.87,15164.83,14.98,7127.75,39.99,2,12.05,HFO,668.31,2079.42,53.73,134.33,228359.86
Container,50116.62,31853.1,14.11,6957.93,98.86,5,15.48,VLSFO,3196.52,9514.76,65.53,589.76,1572687.7
Bulk Carrier,80100.0,14946.51,12.41,1460.93,67.18,4,13.6,Ammonia,243.72,0.0,0.0,4.53,113328.55
Container,63373.03,23973.22,22.87,3528.8,92.24,5,14.56,Methanol,836.68,1123.87,0.0,13.32,249748.75
Container,113567.76,23161.02,22.34,6771.78,82.49,4,14.44,Methanol,1502.32,2017.99,0.0,23.92,448443.09
Bulk Carrier,96303.41,16164.63,12.12,1501.58,55.16,3,12.9,Methanol,292.38,392.74,0.0,4.65,87275.29
Tanker,150537.72,30664.61,14.32,5191.33,49.62,2,12.51,LNG,1178.66,3213.57,0.0,57.28,601469.78
Bulk Carrier,87976.66,18707.45,13.59,1483.02,33.1,1,11.31,LNG,163.22,445.02,0.0,7.93,83292.07
Tanker,129610.73,19700.07,12.88,5010.8,38.66,5,11.47,Ammonia,850.48,0.0,0.0,15.82,395473.6
Bulk Carrier,80299.9,15344.94,11.25,3329.48,76.35,5,13.94,HFO,790.77,2460.46,63.58,158.94,270205.74
Container,118739.0,43401.05,22.13,3404.83,97.73,2,14.96,Ammonia,1271.63,0.0,0.0,23.65,591310.21
Tanker,126521.59,37855.78,16.23,1526.03,30.86,4,11.35,Ammonia,304.71,0.0,0.0,5.67,141689.69
Container,89802.13,52564.28,23.8,11085.55,89.14,3,14.93,Methanol,5211.23,6999.98,0.0,82.96,1555551.58
Container,83502.66,23804.51,20.76,3416.64,60.17,1,13.18,Hydrogen,485.54,0.0,0.0,0.0,2039284.79
Bulk Carrier,33891.87,23298.47,13.03,6696.12,94.82,4,14.2,Ammonia,2135.26,0.0,0.0,39.72,992895.35
Bulk Carrier,37230.56,21344.66,13.54,4869.09,76.23,3,13.19,Methanol,1384.09,1859.18,0.0,22.03,413150.74
Container,139977.75,50066.57,23.87,1448.26,43.98,2,12.4,LNG,291.07,793.59,0.0,14.15,148532.59
Tanker,148634.57,44046.55,14.35,11453.49,77.38,5,13.31,Ammonia,6122.69,0.0,0.0,113.88,2847048.76
Container,88063.09,38423.07,16.2,10719.36,41.77,5,12.19,Hydrogen,2862.14,0.0,0.0,0.0,12020980.51
Container,147136.48,51443.47,21.43,3663.89,53.04,2,12.08,Methanol,1292.28,1735.86,0.0,20.57,385746.48
Container,95797.23,45390.18,21.17,3396.9,51.38,4,12.54,VLSFO,1008.68,3002.43,20.68,186.1,496270.17
Container,126119.36,29065.11,22.78,3544.16,87.66,4,14.41,LNG,767.87,2093.57,0.0,37.32,391844.43
Bulk Carrier,40175.13,17992.51,15.86,4799.91,65.89,4,13.02,Hydrogen,831.92,0.0,0.0,0.0,3494057.86
Container,101047.61,59539.95,21.92,3582.99,71.11,4,12.99,Methanol,1831.74,2460.49,0.0,29.16,546774.46
Container,66515.51,53278.91,14.89,11364.57,36.97,7,11.37,LNG,4282.34,11675.63,0.0,208.12,2185277.78
Bulk Carrier,97775.86,14704.98,11.01,4892.49,60.97,5,13.07,LNG,961.18,2620.63,0.0,46.71,490492.34
Tanker,145279.57,21590.54,12.14,5093.28,90.92,3,15.22,Hydrogen,1653.48,0.0,0.0,0.0,6944620.87
Bulk Carrier,46821.18,16923.68,15.84,7272.44,73.54,3,13.22,VLSFO,1206.48,3591.22,24.73,222.6,593589.29
Tanker,165554.47,28024.73,14.9,11031.13,55.58,7,12.72,Hydrogen,3292.69,0.0,0.0,0.0,13829279.15
Container,126011.22,53041.44,16.27,3352.7,71.4,6,14.07,HFO,1980.84,6163.33,159.26,398.15,676851.53
Tanker,182599.71,19410.96,14.1,6774.58,69.79,3,12.94,LNG,1245.06,3394.6,0.0,60.51,635353.84
Container,82209.38,35326.17,19.19,7141.76,48.96,4,12.38,LNG,1378.2,3757.62,0.0,66.98,703297.44
Tanker,197260.03,43396.65,13.98,3478.95,59.99,4,12.73,LNG,1332.33,3632.55,0.0,64.75,679888.89
Container,61580.79,33324.96,17.87,3405.54,99.98,3,15.7,LNG,1190.41,3245.61,0.0,57.85,607466.96
Bulk Carrier,62104.63,11740.84,13.54,3365.33,38.58,5,11.75,HFO,316.68,985.34,25.46,63.65,108209.16
Bulk Carrier,61545.34,19553.0,12.43,10554.23,94.45,1,15.09,Ammonia,2846.03,0.0,0.0,52.94,1323402.2
Container,122361.93,30013.31,18.3,1459.44,31.56,5,12.08,VLSFO,233.6,695.34,4.79,43.1,114931.92
Container,121998.3,48707.84,20.78,10874.54,78.12,2,13.89,Methanol,4447.75,5974.44,0.0,70.81,1327652.77
Bulk Carrier,33384.67,20495.6,14.49,1506.63,57.18,3,13.24,Hydrogen,259.45,0.0,0.0,0.0,1089684.28
Tanker,128510.61,40871.41,16.83,4810.74,84.15,3,13.93,Methanol,2493.98,3350.03,0.0,39.7,744451.91
Tanker,188882.31,19839.51,12.69,5239.78,82.7,4,13.96,Ammonia,1410.78,0.0,0.0,26.24,656011.52
Tanker,187698.02,35167.89,12.69,11312.16,35.59,3,11.33,Ammonia,2766.02,0.0,0.0,51.45,1286198.15
Container,72748.09,48538.9,19.15,6899.04,68.08,3,13.2,Hydrogen,2627.61,0.0,0.0,0.0,11035942.43
Bulk Carrier,37657.99,24746.38,13.55,6790.07,71.44,5,13.23,VLSFO,2023.08,6021.89,41.47,373.26,995354.3
Bulk Carrier,87410.28,15392.36,14.07,4825.91,93.51,5,14.3,HFO,1041.58,3240.84,83.74,209.36,355906.64
Tanker,163088.71,17373.55,16.91,3540.76,63.49,4,13.62,VLSFO,605.61,1802.65,12.41,111.73,297958.44
Bulk Carrier,54191.14,17148.61,13.82,6854.96,38.15,7,12.28,HFO,1129.75,3515.19,90.83,227.08,386035.58
Tanker,193852.34,29631.61,14.49,6675.91,70.37,4,13.56,Ammonia,2119.43,0.0,0.0,39.42,985534.18
Bulk Carrier,64457.61,20975.05,11.71,6669.47,42.29,4,12.45,LNG,1111.53,3030.55,0.0,54.02,567216.04
Bulk Carrier,30177.45,17887.18,11.27,5161.52,80.72,5,13.63,HFO,1641.11,5106.28,131.95,329.86,560767.01
Tanker,117111.61,44002.17,12.39,10511.57,82.11,3,14.68,HFO,6025.53,18748.33,484.45,1211.13,2058925.25
Tanker,111304.81,44503.37,12.54,10655.37,73.62,4,14.0,LNG,5739.1,15647.43,0.0,278.92,2928663.55
Bulk Carrier,80503.72,20234.4,15.37,3600.73,50.71,5,12.33,VLSFO,685.48,2040.39,14.05,126.47,337255.09
Bulk Carrier,33081.52,23957.8,15.61,6951.1,51.77,2,12.22,Methanol,1423.86,1912.61,0.0,22.67,425023.7
Tanker,159530.05,34876.73,12.22,7227.73,95.59,5,15.36,VLSFO,4388.24,13062.03,89.96,809.63,2159013.36
Tanker,195411.3,35680.7,13.26,7076.27,41.08,4,11.69,Methanol,2564.09,3444.22,0.0,40.82,765382.06
Bulk Carrier,97595.1,16597.75,13.28,11305.57,77.16,5,13.8,VLSFO,2631.7,7833.53,53.95,485.55,1294797.58
Bulk Carrier,42683.03,15969.21,15.33,6719.54,42.62,1,12.42,HFO,717.77,2233.33,57.71,144.27,245262.14
Container,131322.91,38649.6,20.28,6863.87,32.31,3,12.1,VLSFO,1167.92,3476.43,23.94,215.48,574617.16
Tanker,100220.22,25732.72,12.49,1545.57,95.44,5,14.11,VLSFO,731.48,2177.33,15.0,134.96,359889.17
Container,141566.55,25663.95,19.49,3418.13,88.29,5,13.93,Methanol,982.69,1320.0,0.0,15.64,293333.39
Tanker,81695.08,17344.25,15.21,11212.22,50.86,3,12.86,VLSFO,1515.65,4511.49,31.07,279.64,745700.53
Tanker,159556.17,41002.22,16.31,7048.96,81.67,3,14.51,Hydrogen,2868.63,0.0,0.0,0.0,12048250.32
Tanker,175312.85,17882.01,14.36,11390.28,93.64,5,15.1,Hydrogen,2824.45,0.0,0.0,0.0,11862698.59
Tanker,157071.36,30054.45,13.07,5201.67,66.4,3,13.9,VLSFO,1806.02,5375.8,37.02,333.21,888562.0
Bulk Carrier,40741.85,17435.53,12.53,4858.14,70.99,5,13.4,Methanol,1347.85,1810.5,0.0,21.46,402332.55
Bulk Carrier,64722.51,17608.38,15.56,6816.26,70.54,5,13.75,Hydrogen,1235.22,0.0,0.0,0.0,5187920.63
Tanker,95400.57,41942.43,12.58,11325.06,46.19,3,12.52,Methanol,4549.26,6110.79,0.0,72.42,1357954.22
Container,95971.16,44393.19,22.45,5086.68,96.84,6,15.13,Hydrogen,2340.24,0.0,0.0,0.0,9829009.85
Bulk Carrier,99921.25,15153.62,11.75,1457.63,56.64,4,13.15,HFO,282.52,879.06,22.71,56.79,96537.43
Bulk Carrier,58568.33,15581.35,14.94,11059.31,85.24,4,14.09,Methanol,2305.48,3096.83,0.0,36.7,688184.82
Tanker,105200.96,30051.35,12.81,5246.52,41.99,2,12.01,VLSFO,1348.24,4013.17,27.64,248.75,663333.79
Tanker,189595.5,33388.64,13.9,3341.96,71.22,3,13.49,Methanol,1460.35,1961.62,0.0,23.25,435915.24
Container,57939.44,38457.55,18.96,4965.61,76.07,2,14.46,Ammonia,1499.82,0.0,0.0,27.9,697414.28
Tanker,140786.17,34806.15,12.62,1477.93,45.83,8,12.42,VLSFO,619.21,1843.13,12.69,114.24,304650.16
Bulk Carrier,85769.94,12562.87,14.51,3608.33,32.21,5,11.79,Hydrogen,290.23,0.0,0.0,0.0,1218986.59
Tanker,178904.4,20104.52,12.54,3660.7,66.31,3,13.05,Methanol,992.0,1332.5,0.0,15.79,296110.66
Tanker,127941.66,29006.24,14.2,10812.62,41.28,2,11.99,Methanol,2720.17,3653.87,0.0,43.31,811971.01
Bulk Carrier,74067.02,14290.46,13.46,6753.27,41.47,5,12.16,Methanol,939.39,1261.84,0.0,14.96,280408.32
Tanker,118135.24,20821.95,15.99,3366.24,89.66,3,14.42,Methanol,904.22,1214.6,0.0,14.4,269910.24
Container,67637.3,21822.32,19.87,10939.62,90.79,5,13.85,HFO,2517.84,7834.22,202.43,506.09,860347.01
Tanker,102935.68,38103.67,15.78,10530.93,47.78,3,12.19,LNG,2610.79,7118.21,0.0,126.88,1332284.92
Container,52747.7,44277.58,19.49,3643.14,93.65,4,14.71,Hydrogen,1569.98,0.0,0.0,0.0,6593915.07
Container,57064.25,21308.98,17.37,7179.4,68.6,2,14.08,Methanol,1368.87,1838.74,0.0,21.79,408608.15
Bulk Carrier,69003.0,10420.85,14.35,5014.97,59.64,4,13.47,Methanol,549.3,737.84,0.0,8.74,163964.8
Container,90849.89,25235.23,17.25,6768.57,54.17,5,12.58,Methanol,1483.02,1992.06,0.0,23.61,442680.27
Container,122995.95,28577.84,17.75,5135.59,85.49,4,13.99,Methanol,1740.31,2337.67,0.0,27.71,519481.35
Tanker,97389.38,16488.07,14.17,5040.51,70.24,4,13.89,VLSFO,906.39,2697.97,18.58,167.23,445945.81
Tanker,139137.42,37463.98,13.06,5163.84,78.53,5,14.46,Ammonia,2595.37,0.0,0.0,48.27,1206846.02
Container,143511.83,36248.33,21.14,1574.15,44.41,4,12.33,Methanol,330.97,444.58,0.0,5.27,98794.75
Bulk Carrier,70132.86,23556.75,13.82,6885.64,35.79,3,11.37,HFO,1101.32,3426.73,88.55,221.37,376320.85
Container,82140.43,33053.7,22.28,5177.15,74.97,4,14.2,VLSFO,1318.54,3924.76,27.03,243.27,648721.28
Bulk Carrier,58331.01,18434.28,13.66,6931.51,75.52,4,14.14,LNG,1310.01,3571.7,0.0,63.67,668500.28
Container,92330.08,20708.94,20.55,4833.56,44.87,4,12.53,LNG,503.31,1372.24,0.0,24.46,256837.11
Container,106898.7,31766.43,21.45,10937.92,54.55,2,13.17,HFO,2065.81,6427.71,166.09,415.23,705885.86
Container,129490.31,27908.74,18.6,7277.44,65.35,5,13.74,LNG,1507.14,4109.16,0.0,73.25,769094.96
Container,140352.37,27256.64,19.23,11268.76,63.28,4,13.75,LNG,2148.95,5859.04,0.0,104.44,1096610.96
Bulk Carrier,83280.62,22429.71,15.82,4852.13,70.16,3,13.79,HFO,1038.72,3231.94,83.51,208.78,354929.31
Bulk Carrier,41102.6,23209.29,12.11,7346.2,61.54,4,12.49,LNG,1867.07,5090.48,0.0,90.74,952764.35
Bulk Carrier,89320.54,18287.11,11.3,1492.5,30.62,4,12.1,VLSFO,226.53,674.29,4.64,41.79,111453.06
Bulk Carrier,40022.79,13853.24,12.86,11083.6,64.98,4,13.01,HFO,1840.01,5725.16,147.94,369.84,628732.33
Bulk Carrier,98556.02,10723.97,14.22,5165.82,35.76,4,11.89,Hydrogen,402.35,0.0,0.0,0.0,1689868.61
Tanker,83708.81,25986.22,12.4,1459.46,40.89,1,12.51,LNG,278.29,758.74,0.0,13.52,142010.06
Bulk Carrier,95109.64,12817.23,11.3,7224.92,69.34,5,14.06,Ammonia,1255.35,0.0,0.0,23.35,583736.78
Tanker,192666.88,35587.41,14.13,5009.93,36.89,1,11.72,VLSFO,1163.44,3463.11,23.85,214.66,572414.83
Container,80835.3,31209.28,22.03,1546.78,36.87,4,11.63,Hydrogen,219.33,0.0,0.0,0.0,921203.21
Bulk Carrier,44474.74,24907.64,13.02,6955.61,64.65,4,13.56,HFO,1914.26,5956.18,153.91,384.77,654101.93
Bulk Carrier,97125.05,23243.52,13.4,4849.8,85.13,4,13.72,VLSFO,1498.06,4459.12,30.71,276.39,737044.79
Bulk Carrier,63209.19,24977.03,11.14,3401.92,82.3,4,14.03,LNG,1341.5,3657.55,0.0,65.2,684567.6
Bulk Carrier,60870.28,22162.94,11.09,5228.08,68.62,4,13.55,Methanol,1778.2,2388.57,0.0,28.31,530792.83
Container,89629.37,27672.94,17.84,1516.16,39.71,5,11.49,Methanol,319.85,429.63,0.0,5.09,95474.27
Tanker,121359.62,40536.38,15.61,3498.48,67.36,5,13.84,Methanol,1725.95,2318.38,0.0,27.48,515195.9
Container,133307.26,52538.72,22.47,5021.15,69.7,2,13.5,VLSFO,1863.51,5546.91,38.2,343.82,916845.23
Tanker,154663.03,40710.29,14.66,6971.65,62.97,8,12.51,Methanol,4265.05,5729.03,0.0,67.9,1273118.51
Container,112774.22,20733.63,15.21,11043.87,85.47,3,14.33,Methanol,3032.67,4073.64,0.0,48.28,905252.73
Tanker,133776.52,43680.14,13.47,3454.14,58.09,3,12.86,VLSFO,1578.96,4699.94,32.37,291.32,776849.6
Container,106108.73,50410.31,22.31,3629.77,97.01,1,14.35,LNG,1259.33,3433.51,0.0,61.2,642635.85
Bulk Carrier,97313.23,13237.34,14.68,1504.62,35.06,3,11.58,LNG,107.09,291.98,0.0,5.2,54648.45
Bulk Carrier,74584.56,24686.18,15.0,4928.32,77.53,5,14.45,HFO,1503.31,4677.52,120.87,302.17,513680.95
Container,138298.8,43696.52,17.75,5162.47,75.38,5,13.41,Hydrogen,2008.88,0.0,0.0,0.0,8437299.24
Container,134249.3,57782.79,15.25,10505.19,31.63,4,11.39,HFO,3604.97,11216.8,289.84,724.6,1231819.0
Container,74381.95,23892.64,18.94,1553.93,77.54,2,13.63,Hydrogen,278.28,0.0,0.0,0.0,1168774.2
Bulk Carrier,94278.62,22562.89,11.4,11422.91,43.67,4,12.3,Ammonia,2433.3,0.0,0.0,45.26,1131486.58
Container,74699.15,57503.89,14.1,4893.54,93.11,5,14.67,Ammonia,3915.52,0.0,0.0,72.83,1820717.74
Bulk Carrier,51307.06,13639.43,13.26,3423.9,89.84,2,15.15,Methanol,710.93,954.96,0.0,11.32,212212.29
Tanker,108339.83,15983.85,13.2,4964.12,72.49,4,13.63,Hydrogen,919.43,0.0,0.0,0.0,3861621.87
Container,51766.4,47016.88,19.42,6803.55,31.58,4,11.69,VLSFO,1397.22,4158.96,28.64,257.79,687432.06
Bulk Carrier,65089.79,10586.65,14.92,7288.26,40.06,7,11.58,Ammonia,664.62,0.0,0.0,12.36,309047.15
Bulk Carrier,67582.31,23123.11,15.94,10705.95,56.19,5,13.15,HFO,2159.35,6718.76,173.61,434.03,737848.23
Container,52179.17,32935.49,16.92,1561.52,50.72,2,12.07,VLSFO,356.8,1062.04,7.31,65.83,175544.31
Tanker,186863.13,38187.71,15.78,11544.21,84.47,4,14.92,Methanol,5833.13,7835.36,0.0,92.86,1741190.42
Bulk Carrier,49368.66,17876.29,13.28,5029.04,84.41,6,14.43,HFO,1339.63,4168.22,107.71,269.26,457750.08
Tanker,103978.15,22940.22,15.59,11289.51,88.19,6,13.85,LNG,3044.35,8300.31,0.0,147.96,1553533.17
Tanker,174395.64,40421.71,14.1,1471.35,74.57,1,13.34,Hydrogen,591.59,0.0,0.0,0.0,2484685.78
Tanker,177860.64,36732.28,16.96,6814.98,53.47,3,13.07,Hydrogen,1898.71,0.0,0.0,0.0,7974562.03
Container,88758.24,32125.68,23.07,4880.9,70.79,6,13.82,Hydrogen,1153.23,0.0,0.0,0.0,4843573.22
Tanker,181293.57,28285.72,13.35,4752.45,40.34,7,12.52,LNG,1232.23,3359.64,0.0,59.89,628808.88
Bulk Carrier,94550.49,22144.13,13.75,3401.28,82.76,4,14.3,Methanol,1135.3,1524.99,0.0,18.07,338885.88
Bulk Carrier,30479.22,20073.73,11.88,4798.82,88.76,7,14.75,HFO,1876.99,5840.21,150.91,377.27,641366.42
Container,115029.39,53364.98,15.25,3600.25,34.74,5,11.18,VLSFO,1256.11,3738.92,25.75,231.75,618004.09
Tanker,149266.7,37378.26,12.06,1506.86,96.01,5,14.94,Hydrogen,904.99,0.0,0.0,0.0,3800958.97
Container,146070.89,30914.34,19.74,3372.53,33.09,1,12.06,Methanol,512.37,688.24,0.0,8.16,152942.6
Container,103141.79,24683.19,16.62,1427.54,51.2,4,12.16,Hydrogen,249.02,0.0,0.0,0.0,1045896.35
Tanker,135249.07,32429.77,14.09,3534.66,34.08,4,11.31,VLSFO,746.89,2223.2,15.31,137.8,367470.71
Bulk Carrier,80174.9,22842.96,14.04,1434.46,57.68,6,13.38,Hydrogen,336.02,0.0,0.0,0.0,1411272.49
Tanker,151548.73,39051.72,13.81,7191.67,44.23,5,11.72,HFO,2380.23,7406.02,191.37,478.43,813323.14
Bulk Carrier,54074.63,15167.76,13.09,5074.64,63.8,2,13.33,VLSFO,822.11,2447.09,16.85,151.68,404478.3
Bulk Carrier,85730.9,14173.5,13.52,10818.33,78.36,3,14.45,HFO,1843.41,5735.74,148.21,370.53,629894.18
Tanker,84179.82,25942.73,14.24,10909.02,96.4,5,15.0,LNG,3579.1,9758.27,0.0,173.94,1826414.04
Container,105976.84,21685.99,20.71,4837.97,76.05,7,13.97,HFO,1063.12,3307.88,85.47,213.69,363268.62
Container,130152.53,56196.0,20.93,11477.47,80.82,1,13.96,LNG,4404.89,12009.75,0.0,214.08,2247814.05
Bulk Carrier,57014.05,15221.56,12.1,4751.37,57.28,5,13.11,HFO,863.73,2687.47,69.44,173.61,295135.42
Bulk Carrier,65540.73,10357.88,13.36,6753.93,38.66,6,11.54,LNG,531.95,1450.33,0.0,25.85,271452.81
Container,115515.59,27238.56,16.88,5205.49,60.74,4,12.95,Ammonia,1178.66,0.0,0.0,21.92,548074.59
Tanker,150745.75,29733.45,13.24,1531.48,35.9,8,11.27,Ammonia,380.78,0.0,0.0,7.08,177063.56
Tanker,173907.72,16991.48,15.74,10845.15,38.21,5,12.49,Methanol,1423.47,1912.07,0.0,22.66,424904.5
Container,145879.79,45814.65,18.7,10728.79,40.0,2,12.57,Hydrogen,2508.26,0.0,0.0,0.0,10534693.02
Bulk Carrier,56505.69,12409.39,14.21,3471.51,71.5,5,13.62,Methanol,616.81,828.53,0.0,9.82,184117.38
Container,99896.17,39444.92,19.36,6974.19,87.42,3,14.99,LNG,2208.08,6020.25,0.0,107.31,1126784.23
Bulk Carrier,77598.76,19740.84,14.27,6991.01,43.54,2,12.71,Hydrogen,1028.07,0.0,0.0,0.0,4317886.03
Bulk Carrier,60502.85,21925.99,11.04,10927.13,72.87,3,13.04,HFO,3698.46,11507.69,297.36,743.39,1263764.64
Container,57008.25,34657.28,17.08,5163.65,82.56,3,13.5,VLSFO,1690.59,5032.22,34.66,311.91,831771.63
Tanker,102475.2,26554.05,14.31,3647.1,49.88,5,12.16,Methanol,980.01,1316.4,0.0,15.6,292533.94
Bulk Carrier,99449.36,11622.93,16.0,1425.31,52.21,3,13.0,VLSFO,124.3,370.0,2.55,22.93,61156.97
Container,73729.89,55306.21,17.9,7205.25,32.76,3,11.65,LNG,1875.37,5113.12,0.0,91.14,957001.36
Tanker,161043.91,38989.38,15.85,11001.79,39.81,3,12.51,VLSFO,2812.94,8373.0,57.67,518.99,1383966.95
Bulk Carrier,97701.96,8558.38,11.56,3595.86,92.27,2,14.13,Hydrogen,433.19,0.0,0.0,0.0,1819410.42
Container,112646.46,52337.66,22.38,3569.8,63.68,5,13.0,Ammonia,1200.6,0.0,0.0,22.33,558277.55
Container,135793.5,20256.94,17.02,3345.92,43.17,6,11.76,HFO,524.6,1632.27,42.18,105.44,179254.63
Container,67311.0,24371.04,22.28,3585.47,67.34,5,13.38,Hydrogen,562.2,0.0,0.0,0.0,2361257.43
Container,130571.34,51451.93,14.2,11278.99,50.23,4,12.06,LNG,4702.0,12819.81,0.0,228.52,2399430.03
Container,138253.65,21640.53,20.34,3377.54,59.74,4,13.18,LNG,434.56,1184.81,0.0,21.12,221755.44
Tanker,81815.64,43203.29,16.63,3630.46,31.75,5,11.42,Methanol,1021.95,1372.74,0.0,16.27,305052.8
Tanker,197643.59,40984.03,12.73,11297.11,92.84,3,14.44,LNG,6074.51,16561.91,0.0,295.22,3099823.02
Container,104861.28,42674.31,18.28,3518.27,89.39,2,13.78,Ammonia,1377.77,0.0,0.0,25.63,640661.13
Container,138664.27,30754.17,15.0,1568.69,34.24,4,12.03,Hydrogen,274.52,0.0,0.0,0.0,1152978.95
Container,121554.84,58227.85,17.89,5208.72,86.47,2,14.34,HFO,2913.18,9064.31,234.22,585.55,995434.89
Bulk Carrier,33766.68,21638.81,12.83,6913.01,76.08,4,13.92,Ammonia,1893.48,0.0,0.0,35.22,880468.44
Bulk Carrier,63965.65,21526.36,11.56,3508.0,57.65,4,12.57,Hydrogen,859.4,0.0,0.0,0.0,3609488.34
Container,79656.9,41539.43,16.23,1445.38,96.15,4,14.65,Ammonia,673.54,0.0,0.0,12.53,313193.94
Bulk Carrier,65006.97,18926.88,15.57,3491.79,94.61,3,15.27,HFO,786.65,2447.65,63.25,158.12,268799.23
Tanker,144067.41,27546.54,16.03,4916.79,94.51,4,14.74,VLSFO,1815.05,5402.69,37.21,334.88,893006.04
Bulk Carrier,34430.88,8216.7,15.24,1481.94,36.91,4,12.2,LNG,75.05,204.63,0.0,3.65,38299.41
Container,96281.44,33792.39,22.77,11467.44,39.7,5,12.52,Ammonia,1865.46,0.0,0.0,34.7,867436.72
Container,118423.13,21153.92,16.75,1473.31,92.81,2,15.19,VLSFO,321.55,957.13,6.59,59.33,158203.78
Bulk Carrier,93110.5,19897.24,15.55,3508.08,31.31,8,12.03,Methanol,578.62,777.23,0.0,9.21,172717.54
Bulk Carrier,81950.42,8946.71,12.94,5006.3,85.02,4,14.68,Methanol,752.05,1010.2,0.0,11.97,224488.15
Container,69038.72,22481.9,18.34,11177.89,32.33,4,12.19,Methanol,1434.19,1926.47,0.0,22.83,428104.26
Tanker,95784.76,16814.57,12.44,11334.83,90.88,2,14.45,VLSFO,2715.8,8083.86,55.67,501.07,1336175.2
Tanker,85254.03,22763.92,15.75,3495.32,38.8,5,11.45,Ammonia,503.17,0.0,0.0,9.36,233975.06
Bulk Carrier,83739.95,12840.07,11.32,3370.59,41.42,6,12.24,VLSFO,494.65,1472.37,10.14,91.26,243366.99
Tanker,149714.23,28812.23,14.49,10756.65,50.66,4,12.89,Hydrogen,2669.82,0.0,0.0,0.0,11213244.08
Container,135735.85,53947.29,19.57,10768.22,58.12,1,13.21,Hydrogen,3650.33,0.0,0.0,0.0,15331375.07
Tanker,189515.31,19283.49,15.19,10687.47,51.6,3,12.74,Methanol,1804.47,2423.86,0.0,28.73,538635.75
Tanker,197133.05,37538.26,14.37,7103.48,36.17,2,11.87,Methanol,1880.0,2525.31,0.0,29.93,561180.92
Container,105943.37,58117.89,19.44,1470.09,48.15,3,12.77,Ammonia,518.15,0.0,0.0,9.64,240941.3
Bulk Carrier,61936.67,13690.73,15.55,7248.13,71.07,4,13.07,Ammonia,997.39,0.0,0.0,18.55,463787.99
Container,106421.81,34397.62,15.06,1459.27,99.74,1,14.42,Hydrogen,609.07,0.0,0.0,0.0,2558078.15
Tanker,105812.51,44259.0,14.03,7141.95,40.03,3,11.7,Hydrogen,2432.51,0.0,0.0,0.0,10216526.13
Container,80137.76,25729.56,18.49,1549.03,95.59,3,14.93,Ammonia,361.12,0.0,0.0,6.72,167922.34
Tanker,185373.13,18729.95,15.95,10451.89,57.76,5,12.4,VLSFO,1948.68,5800.45,39.95,359.53,958752.17
Container,52503.19,55881.28,22.64,11207.9,44.99,2,12.53,VLSFO,3054.62,9092.39,62.62,563.58,1502874.13
Tanker,120823.51,26166.28,13.95,4859.82,83.8,4,13.63,LNG,1521.91,4149.42,0.0,73.96,776628.9
Container,99523.11,57613.65,15.62,3611.95,72.74,3,13.14,VLSFO,2038.7,6068.38,41.79,376.14,1003038.05
Container,75706.41,52723.72,23.46,5012.37,65.13,5,13.74,HFO,1822.74,5671.41,146.55,366.37,622829.58
Container,116913.26,22968.01,18.86,7030.84,89.42,4,14.34,VLSFO,1657.39,4933.39,33.98,305.79,815435.69
Bulk Carrier,42983.74,19474.98,14.97,3391.17,33.13,3,12.14,LNG,356.65,972.4,0.0,17.33,181999.54
Bulk Carrier,92289.51,8726.07,11.77,1545.34,52.62,5,12.4,HFO,167.36,520.73,13.46,33.64,57186.33
Container,69721.86,52227.57,17.65,3405.53,41.18,4,11.63,VLSFO,1039.08,3092.93,21.3,191.71,511227.4
Tanker,141142.02,42553.52,12.98,10619.44,81.98,4,13.86,Methanol,7243.19,9729.41,0.0,115.31,2162090.91
Tanker,84215.3,24020.79,16.12,11187.67,35.2,3,12.28,Ammonia,1505.76,0.0,0.0,28.01,700178.26
Tanker,173428.96,25572.79,14.01,6966.22,60.74,8,13.4,Methanol,2586.74,3474.64,0.0,41.18,772142.62
Container,114534.06,28732.2,22.23,5246.3,50.81,5,12.63,HFO,939.41,2922.94,75.53,188.82,320994.83
Bulk Carrier,67734.37,22288.29,12.68,5212.47,74.7,3,13.91,Ammonia,1423.17,0.0,0.0,26.47,661772.26
Tanker,89174.2,40466.48,13.57,4974.28,67.27,7,12.73,VLSFO,2700.81,8039.23,55.37,498.3,1328798.63
Tanker,111847.95,33777.89,16.53,7337.31,86.6,3,14.67,Hydrogen,2574.98,0.0,0.0,0.0,10814899.5
Container,115997.8,41246.98,15.19,5246.32,55.26,5,12.75,Methanol,2194.9,2948.3,0.0,34.94,655177.02
Bulk Carrier,70575.14,22223.6,12.42,5219.38,59.79,4,13.21,HFO,1316.64,4096.71,105.86,264.65,449896.92
Tanker,178656.74,28491.76,16.74,3456.68,77.4,1,14.0,HFO,880.07,2738.33,70.76,176.89,300720.72
Tanker,128296.95,43263.1,13.97,7037.98,30.62,5,11.12,VLSFO,2094.92,6235.74,42.95,386.51,1030700.76
Bulk Carrier,70039.21,18228.53,12.08,3653.1,83.55,5,13.97,VLSFO,1050.68,3127.45,21.54,193.85,516933.5
Tanker,95721.72,24920.0,14.31,7327.98,76.73,4,14.48,Methanol,2428.2,3261.67,0.0,38.66,724816.53
Tanker,186025.51,16284.89,12.56,7165.82,97.86,4,15.04,LNG,1667.85,4547.32,0.0,81.06,851103.48
Container,109808.3,44828.08,19.15,4762.23,38.88,4,11.72,HFO,1182.58,3679.56,95.08,237.7,404086.2
Container,70260.81,48341.54,16.95,3666.24,50.05,3,12.65,LNG,1153.47,3144.89,0.0,56.06,588615.18
Container,82260.76,37338.06,19.85,10882.12,72.35,4,13.19,HFO,3405.31,10595.56,273.79,684.47,1163595.59
Tanker,183209.19,35382.77,16.91,5046.48,78.59,5,13.57,VLSFO,2070.79,6163.91,42.45,382.06,1018828.07
Container,75058.3,25301.9,18.38,1508.66,64.29,3,13.43,VLSFO,292.52,870.7,6.0,53.97,143918.04
Tanker,110947.96,39161.68,16.97,4964.16,99.29,3,14.26,Ammonia,2176.14,0.0,0.0,40.48,1011905.79
Bulk Carrier,41982.44,23919.51,12.06,4996.02,81.62,3,14.47,VLSFO,1627.07,4843.12,33.35,300.19,800516.28
Bulk Carrier,58821.24,24165.24,15.07,1566.35,96.93,5,14.14,Ammonia,519.54,0.0,0.0,9.66,241585.15
Tanker,182221.1,15954.08,16.99,10928.89,91.0,4,14.45,LNG,1908.5,5203.46,0.0,92.75,973909.9
Bulk Carrier,41908.64,23342.07,14.31,3419.57,60.7,3,12.75,LNG,645.09,1758.81,0.0,31.35,329189.92
Bulk Carrier,87514.4,10947.09,12.82,11072.26,77.64,5,13.63,HFO,1711.19,5324.32,137.58,343.95,584712.49
Bulk Carrier,59391.06,9269.51,14.47,11304.65,75.23,2,13.28,Ammonia,1075.5,0.0,0.0,20.0,500107.11
Container,66885.47,48600.97,15.03,4793.4,94.54,5,15.41,LNG,2973.13,8106.13,0.0,144.49,1517189.3
Bulk Carrier,39066.18,19452.48,14.24,4948.85,63.77,4,13.26,Hydrogen,924.61,0.0,0.0,0.0,3883368.21
Bulk Carrier,78203.19,9324.91,14.0,5049.46,47.95,4,12.58,HFO,414.77,1290.53,33.35,83.37,141725.35
Tanker,199473.38,26657.3,16.92,3659.26,57.48,4,13.44,Ammonia,732.24,0.0,0.0,13.62,340492.51
Bulk Carrier,39189.77,19561.29,13.49,6966.54,96.68,4,14.95,LNG,1829.81,4988.89,0.0,88.93,933749.81
Tanker,100473.51,35399.96,16.04,7290.91,49.67,3,12.01,HFO,2013.48,6264.91,161.88,404.71,688007.34
Bulk Carrier,78085.33,8918.48,14.55,7178.0,45.66,3,12.72,HFO,506.08,1574.67,40.69,101.72,172928.8
Bulk Carrier,69336.68,14022.41,13.28,3514.92,96.16,3,14.64,Ammonia,716.89,0.0,0.0,13.33,333355.0
Bulk Carrier,73905.06,14233.56,12.22,1443.23,33.62,6,11.39,Hydrogen,174.66,0.0,0.0,0.0,733573.24
Container,118473.18,42825.93,18.11,10627.05,39.68,2,11.75,LNG,2219.8,6052.21,0.0,107.88,1132766.15
Tanker,169859.52,42561.83,14.02,1441.7,42.54,4,11.53,Ammonia,489.34,0.0,0.0,9.1,227542.51
Bulk Carrier,81998.57,24106.58,12.25,5133.51,68.43,7,14.01,Hydrogen,1725.74,0.0,0.0,0.0,7248118.74
Container,64885.4,40912.31,15.91,1559.9,56.96,1,12.41,Ammonia,473.32,0.0,0.0,8.8,220094.83
Tanker,115425.89,32157.67,14.7,1574.21,93.47,5,14.03,Methanol,812.02,1090.74,0.0,12.93,242387.3
Bulk Carrier,84337.62,18565.66,15.14,1464.34,83.69,8,13.68,Ammonia,372.08,0.0,0.0,6.92,173018.64
Bulk Carrier,99394.35,15030.21,15.1,4843.86,65.07,3,13.84,Methanol,782.74,1051.42,0.0,12.46,233648.42
Bulk Carrier,85671.78,23497.55,14.59,5062.27,32.9,5,12.18,HFO,841.05,2616.92,67.62,169.05,287388.37
Container,137748.99,26487.73,23.62,1546.1,62.0,4,13.26,VLSFO,260.99,776.87,5.35,48.15,128408.12
Tanker,103312.43,41080.36,15.67,4959.2,97.6,6,14.77,HFO,3039.72,9458.02,244.39,610.98,1038671.55
Bulk Carrier,90927.37,24771.39,12.91,5077.47,96.79,3,14.22,Hydrogen,1855.89,0.0,0.0,0.0,7794739.14
Tanker,114046.23,28182.36,14.16,1533.09,76.61,6,13.41,LNG,532.0,1450.48,0.0,25.86,271480.16
Bulk Carrier,93854.37,20196.28,14.78,1450.8,68.04,4,13.33,VLSFO,319.38,950.67,6.55,58.93,157135.98
Tanker,110084.47,38919.36,15.85,5199.89,36.92,4,12.32,Ammonia,1231.78,0.0,0.0,22.91,572775.78
Bulk Carrier,89949.27,14747.45,16.0,5108.4,35.12,1,11.97,LNG,367.27,1001.35,0.0,17.85,187418.71
Bulk Carrier,82595.29,12416.77,15.88,3583.49,52.08,1,12.71,Methanol,355.02,476.88,0.0,5.65,105973.0
Bulk Carrier,93652.13,14098.79,11.86,3398.92,59.56,1,12.87,HFO,510.31,1587.82,41.03,102.57,174373.09
Bulk Carrier,63785.37,18335.5,14.78,1478.16,99.45,7,15.4,LNG,395.41,1078.06,0.0,19.22,201776.23
Bulk Carrier,76763.21,24060.64,15.22,1563.86,45.77,5,11.74,Ammonia,305.37,0.0,0.0,5.68,141997.09
Bulk Carrier,99106.24,18950.8,12.22,11261.11,44.3,4,12.73,Hydrogen,1925.16,0.0,0.0,0.0,8085675.74
Bulk Carrier,71493.73,17352.99,15.79,3388.31,95.17,7,14.67,Hydrogen,828.84,0.0,0.0,0.0,3481111.86
Container,74001.14,25706.99,16.6,3400.82,41.98,3,11.79,VLSFO,615.19,1831.16,12.61,113.5,302671.81
Container,121079.25,34823.91,17.19,10542.95,97.83,8,15.54,LNG,4525.56,12338.75,0.0,219.94,2309391.18
Bulk Carrier,39060.46,22456.11,14.29,4800.25,46.86,4,12.39,HFO,970.39,3019.33,78.02,195.05,331580.66
Bulk Carrier,89103.98,11676.58,13.1,5002.48,92.92,2,14.82,LNG,742.31,2023.89,0.0,36.08,378802.21
Tanker,93152.79,30996.29,14.45,1490.4,52.25,4,12.31,LNG,403.41,1099.88,0.0,19.61,205859.48
Container,133842.36,42492.56,19.17,11474.1,72.82,2,13.46,Methanol,4384.25,5889.14,0.0,69.8,1308698.08
Bulk Carrier,58028.07,14943.11,12.1,3648.5,83.37,4,14.07,HFO,845.02,2629.25,67.94,169.85,288741.75
Tanker,182406.21,34689.43,15.49,4831.15,77.03,1,14.0,LNG,1572.59,4287.62,0.0,76.43,802495.04
Tanker,182797.8,26608.11,14.68,1518.77,47.08,6,12.42,Hydrogen,358.35,0.0,0.0,0.0,1505065.17
Container,83169.46,32719.41,17.06,4891.24,37.18,3,11.68,VLSFO,938.58,2793.77,19.24,173.17,461780.84
Bulk Carrier,79852.79,11613.37,13.97,7342.17,67.0,7,12.88,HFO,1224.7,3810.64,98.47,246.17,418481.49
Container,139920.48,45222.83,18.33,3439.18,87.79,3,14.34,LNG,1378.83,3759.33,0.0,67.01,703618.69
Tanker,106647.91,32121.94,15.34,3621.6,99.09,3,14.78,Methanol,1671.03,2244.62,0.0,26.6,498803.77
Container,144158.84,39625.53,21.7,1570.72,35.0,4,11.19,Hydrogen,268.45,0.0,0.0,0.0,1127509.02
Tanker,109998.02,32660.15,13.18,11094.05,35.57,5,11.45,Hydrogen,2777.12,0.0,0.0,0.0,11663917.49
Container,82404.8,31660.52,21.29,4853.55,54.91,2,12.96,Methanol,1071.83,1439.73,0.0,17.06,319939.98
Bulk Carrier,50873.33,10498.98,14.38,3601.94,53.72,1,12.39,Ammonia,296.26,0.0,0.0,5.51,137759.66
Container,121227.35,57360.12,16.71,4908.72,46.73,3,12.0,Methanol,2144.64,2880.78,0.0,34.14,640174.07
Container,89315.61,27899.68,14.93,7324.57,73.31,3,13.79,HFO,2176.57,6772.35,175.0,437.49,743733.13
Bulk Carrier,49183.71,21904.62,11.91,6762.34,56.24,3,12.61,VLSFO,1810.55,5389.28,37.12,334.05,890790.89
Bulk Carrier,66629.78,9629.04,13.26,7236.46,75.42,4,14.26,Hydrogen,921.65,0.0,0.0,0.0,3870923.57
Bulk Carrier,62938.31,16235.87,11.13,1543.51,61.22,5,13.42,Methanol,399.41,536.5,0.0,6.36,119223.32
Container,61330.26,46939.57,20.02,4795.69,88.9,3,13.92,VLSFO,1999.82,5952.67,41.0,368.97,983913.1
Container,61664.52,26420.91,14.29,7132.68,92.57,2,14.39,VLSFO,2450.47,7294.08,50.23,452.11,1205633.61
Bulk Carrier,69192.76,18688.98,12.66,1522.98,91.44,3,15.29,Ammonia,412.6,0.0,0.0,7.67,191857.12
Tanker,148702.35,21322.05,16.75,4819.37,79.97,1,14.01,Hydrogen,839.25,0.0,0.0,0.0,3524830.06
Bulk Carrier,97733.31,8406.2,12.33,3621.73,59.93,4,12.88,Ammonia,334.27,0.0,0.0,6.22,155437.41
Tanker,125518.74,36948.81,15.3,7152.3,31.36,7,11.96,HFO,1839.56,5723.77,147.9,369.75,628578.99
Bulk Carrier,79914.37,23630.73,14.06,10504.42,47.72,4,12.87,Ammonia,2004.62,0.0,0.0,37.29,932149.16
Bulk Carrier,80611.94,22464.57,14.98,3426.81,46.5,2,11.79,VLSFO,526.19,1566.26,10.79,97.08,258886.26
Container,104213.02,24284.86,19.16,7058.65,36.96,4,11.93,Hydrogen,871.5,0.0,0.0,0.0,3660280.7
Container,63738.52,47134.56,15.91,3579.51,32.63,6,11.23,LNG,1049.05,2860.19,0.0,50.98,535329.81
Tanker,195587.62,15063.82,16.39,11318.74,54.57,2,12.25,Methanol,1530.79,2056.23,0.0,24.37,456940.55
Tanker,128686.04,25423.56,14.42,11305.57,66.03,5,13.12,HFO,3363.16,10464.41,270.4,676.0,1149192.35
Tanker,120017.94,43301.78,14.79,3481.91,97.38,3,14.78,HFO,2023.33,6295.56,162.68,406.69,691372.32
Container,61216.04,36558.49,19.58,7221.89,59.24,5,13.34,VLSFO,1896.21,5644.25,38.87,349.85,932933.3
Tanker,126945.56,35984.43,15.25,3588.45,63.99,3,13.37,Methanol,1345.25,1807.0,0.0,21.42,401556.31
Tanker,163300.16,44459.76,12.2,3441.92,45.94,4,12.9,Methanol,1738.82,2335.66,0.0,27.68,519036.59
Container,144125.47,28234.78,21.14,7034.46,34.77,4,11.29,Hydrogen,935.0,0.0,0.0,0.0,3927001.97
Container,89585.69,59230.36,18.58,3626.32,51.71,2,12.69,VLSFO,1472.54,4383.18,30.19,271.68,724491.91
Container,132152.54,35000.82,17.07,3444.47,54.31,5,12.15,Hydrogen,1008.36,0.0,0.0,0.0,4235130.51
Tanker,155249.07,24582.36,12.55,11147.66,41.23,4,12.63,HFO,2465.5,7671.36,198.23,495.57,842462.1
Tanker,184095.71,16061.97,12.31,5131.95,77.05,5,13.94,VLSFO,1229.12,3658.61,25.2,226.77,604729.26
Tanker,140251.15,42696.95,13.41,3448.04,79.86,2,13.33,Hydrogen,1678.89,0.0,0.0,0.0,7051329.89
Tanker,178769.72,25447.53,12.93,1504.98,98.24,2,14.44,Hydrogen,481.36,0.0,0.0,0.0,2021718.65
Tanker,159536.81,23005.43,12.08,1433.37,30.21,2,11.22,Hydrogen,205.36,0.0,0.0,0.0,862495.71
Tanker,174997.75,43723.52,14.34,3536.86,53.13,8,12.2,VLSFO,1848.13,5501.15,37.89,340.98,909281.59
Container,123164.01,35104.17,21.9,5234.24,44.52,7,12.22,Methanol,1316.87,1768.88,0.0,20.96,393085.5
Bulk Carrier,45746.24,11669.12,12.45,3492.98,52.0,2,12.61,Ammonia,370.96,0.0,0.0,6.9,172498.12
Bulk Carrier,86443.14,10837.23,14.17,3456.57,70.83,2,14.13,LNG,325.03,886.17,0.0,15.8,165860.44
Tanker,174249.15,19750.73,15.44,3606.79,35.51,3,12.01,Hydrogen,417.72,0.0,0.0,0.0,1754433.31
Tanker,122707.91,39279.02,16.37,3638.18,35.06,4,11.89,Methanol,966.74,1298.57,0.0,15.39,288571.26
Bulk Carrier,93046.37,19142.66,15.2,4833.32,35.82,5,11.23,VLSFO,711.92,2119.11,14.59,131.35,350266.6
Container,94277.89,34166.27,16.99,1491.98,45.65,5,11.79,Methanol,418.31,561.89,0.0,6.66,124864.41
Tanker,93819.44,16788.7,14.01,6761.53,48.65,4,12.59,VLSFO,1045.87,3113.13,21.44,192.96,514566.21
Bulk Carrier,72809.9,9596.78,11.43,7115.76,36.82,3,12.38,Ammonia,569.38,0.0,0.0,10.59,264760.76
Tanker,113055.5,27091.99,16.08,7072.9,85.38,2,13.91,HFO,1890.86,5883.39,152.03,380.06,646108.4
Bulk Carrier,36978.06,11810.81,11.42,1467.79,96.07,1,14.25,LNG,258.4,704.51,0.0,12.56,131859.23
Container,102391.63,48136.07,15.88,5108.91,40.86,3,12.19,LNG,1528.96,4168.65,0.0,74.31,780229.23
Bulk Carrier,63858.7,18765.06,11.49,10924.89,49.62,4,12.11,Ammonia,2203.58,0.0,0.0,40.99,1024663.83
Tanker,180481.3,38287.79,16.07,11228.6,48.79,5,12.91,Ammonia,3410.39,0.0,0.0,63.43,1585833.02
Container,55051.5,32675.81,17.55,11105.8,49.86,1,11.93,Ammonia,2324.73,0.0,0.0,43.24,1080997.42
Container,119688.46,49773.93,19.84,1512.82,57.56,4,12.36,Hydrogen,490.74,0.0,0.0,0.0,2061104.68
Container,137592.38,38474.78,15.55,11226.86,67.18,7,13.13,HFO,4783.72,14884.43,384.61,961.53,1634595.46
Bulk Carrier,83709.7,21545.82,12.37,5157.52,71.04,3,13.84,HFO,1362.12,4238.21,109.51,273.79,465436.38
Bulk Carrier,60761.48,15008.3,15.01,3350.29,47.83,3,12.61,Methanol,430.63,578.45,0.0,6.86,128543.51
Tanker,135172.65,18038.76,12.63,4990.51,35.65,3,11.98,Hydrogen,666.08,0.0,0.0,0.0,2797525.41
Container,148956.58,49538.66,17.54,6734.47,71.33,1,13.49,Ammonia,2563.68,0.0,0.0,47.68,1192109.86
Bulk Carrier,70141.77,8563.51,14.5,4893.39,64.11,4,13.15,LNG,397.81,1084.62,0.0,19.33,203004.39
Tanker,88914.68,16897.47,14.59,10888.78,57.53,3,13.51,VLSFO,1758.21,5233.49,36.04,324.39,865040.28
Bulk Carrier,70494.81,18683.85,15.12,4870.55,84.51,1,13.91,LNG,851.44,2321.42,0.0,41.38,434491.06
Tanker,174108.36,37369.81,13.74,5079.05,58.81,3,13.43,LNG,1678.55,4576.49,0.0,81.58,856561.58
Bulk Carrier,31124.84,18596.46,12.16,3610.29,71.17,1,14.01,LNG,717.67,1956.71,0.0,34.88,366228.42
Bulk Carrier,62243.58,20295.13,11.87,6654.91,86.84,4,14.41,LNG,2068.54,5639.78,0.0,100.53,1055574.18
Tanker,122367.86,31016.05,13.92,5063.78,72.57,4,14.19,VLSFO,1869.43,5564.54,38.32,344.91,919758.2
Container,59609.26,40337.64,20.0,3469.55,82.05,1,14.8,LNG,988.56,2695.27,0.0,48.04,504462.41
Tanker,168423.97,27057.37,15.2,7151.63,45.28,2,12.54,Methanol,1494.92,2008.05,0.0,23.8,446233.34
Bulk Carrier,47700.81,23387.04,13.44,11393.1,60.59,1,13.46,HFO,2626.22,8171.42,211.15,527.87,897378.29
Container,147477.47,39547.35,14.84,3453.58,52.07,4,12.18,Ammonia,1114.97,0.0,0.0,20.74,518459.78
Container,140671.69,37594.61,17.25,4913.33,59.08,4,12.66,HFO,1567.21,4876.33,126.0,315.01,535514.11
Container,119401.78,26575.75,19.87,6703.03,81.01,4,14.05,Hydrogen,1433.8,0.0,0.0,0.0,6021977.32
Container,148029.32,45510.09,16.28,6968.73,37.19,8,11.93,VLSFO,2698.64,8032.78,55.32,497.9,1327731.84
Container,104868.52,44520.49,23.26,1450.44,84.36,3,14.54,HFO,486.08,1512.42,39.08,97.7,166092.74
Bulk Carrier,56913.0,22581.81,13.13,10777.15,75.64,6,13.57,Ammonia,3358.76,0.0,0.0,62.47,1561824.65
Bulk Carrier,38264.72,8479.16,15.88,1488.09,85.97,4,14.64,VLSFO,154.36,459.45,3.16,28.48,75942.79
Tanker,144429.61,39596.16,13.62,1466.83,35.84,1,12.31,VLSFO,398.01,1184.73,8.16,73.43,195822.38
Bulk Carrier,35521.39,21037.41,14.43,11352.45,87.78,6,13.76,HFO,3488.44,10854.22,280.47,701.18,1192001.01
Container,114664.72,38267.93,20.01,4826.53,40.33,5,12.29,LNG,1007.66,2747.35,0.0,48.97,514209.07
Bulk Carrier,32487.36,12525.66,15.47,1482.7,55.82,5,12.66,Ammonia,166.26,0.0,0.0,3.09,77310.41
Bulk Carrier,60436.53,13008.06,14.96,3583.85,38.95,5,12.04,VLSFO,351.44,1046.09,7.2,64.84,172906.81
Tanker,159465.43,29688.15,16.73,6837.07,84.28,5,14.36,Hydrogen,2355.09,0.0,0.0,0.0,9891366.97
Bulk Carrier,46890.09,17239.09,15.11,3424.1,49.15,1,12.63,Ammonia,413.88,0.0,0.0,7.7,192453.46
Tanker,136331.05,30107.4,13.46,11433.53,54.88,3,12.67,Methanol,3884.4,5217.72,0.0,61.84,1159492.83
Tanker,187995.56,27706.6,16.41,5221.37,73.44,2,14.26,Methanol,1406.11,1888.75,0.0,22.39,419722.8
Tanker,119872.45,42616.23,16.03,1485.7,39.49,5,11.88,Methanol,514.99,691.76,0.0,8.2,153724.32
Container,103690.6,49542.73,23.7,5017.24,91.57,5,15.23,VLSFO,2117.18,6301.99,43.4,390.62,1041650.95
Container,116553.66,33666.2,15.41,3667.06,45.82,5,12.19,Methanol,1132.18,1520.81,0.0,18.02,337957.13
Tanker,195178.07,38148.59,15.28,7105.02,58.25,3,12.27,LNG,2225.15,6066.8,0.0,108.14,1135496.44
Bulk Carrier,84143.81,23343.15,14.95,1502.72,69.55,3,13.56,LNG,313.81,855.59,0.0,15.25,160138.01
Container,115859.79,40268.69,18.62,3414.82,53.79,3,12.36,LNG,816.95,2227.38,0.0,39.7,416888.49
Bulk Carrier,33361.91,15317.21,14.04,3447.46,79.08,3,14.18,LNG,554.29,1511.25,0.0,26.94,282854.11
Container,57345.6,51471.74,23.92,5150.08,98.98,4,14.85,Ammonia,2144.67,0.0,0.0,39.89,997271.96
Container,144617.25,57416.29,23.34,5031.83,93.03,3,15.25,Hydrogen,2127.99,0.0,0.0,0.0,8937550.36
Container,69815.99,48130.65,17.66,3353.86,75.23,5,13.69,VLSFO,1664.03,4953.15,34.11,307.01,818702.54
Tanker,115025.3,15046.93,12.83,1521.54,92.72,3,13.91,Methanol,366.99,492.96,0.0,5.84,109546.11
Container,92225.16,41812.58,20.76,1532.35,57.46,5,13.34,HFO,470.81,1464.9,37.85,94.63,160874.5
Container,129230.78,30030.2,14.59,1533.14,44.11,4,11.89,Hydrogen,326.08,0.0,0.0,0.0,1369535.62
Bulk Carrier,54957.07,12213.1,13.74,11031.8,94.41,4,14.46,Methanol,2089.51,2806.73,0.0,33.26,623717.79
Bulk Carrier,81102.38,15571.6,11.45,6786.74,66.66,2,13.43,Methanol,1482.88,1991.88,0.0,23.61,442638.97
Tanker,116662.55,43507.69,12.72,3633.77,95.02,3,14.44,Ammonia,2163.65,0.0,0.0,40.24,1006098.48
Bulk Carrier,67335.74,17201.37,15.59,3577.1,47.37,5,12.01,LNG,455.19,1241.06,0.0,22.12,232284.62
Tanker,186113.84,18437.46,15.2,3357.58,96.9,4,14.76,LNG,735.97,2006.58,0.0,35.77,375563.95
Tanker,181496.63,35280.19,13.58,6846.18,33.4,3,11.16,LNG,1447.26,3945.89,0.0,70.34,738536.35
Container,69681.59,37608.44,15.24,11356.63,97.11,3,15.45,HFO,5501.75,17118.59,442.34,1105.85,1879948.88
Container,66821.06,28866.69,22.43,4888.59,66.4,5,13.8,Hydrogen,997.01,0.0,0.0,0.0,4187437.19
Container,138672.88,35891.89,22.21,4859.07,37.71,3,12.19,LNG,693.2,1889.97,0.0,33.69,353738.5
Tanker,151106.47,30149.84,12.36,10905.68,81.91,4,14.7,HFO,4378.12,13622.44,352.0,880.0,1496004.31
Bulk Carrier,99474.43,9744.11,12.4,4935.23,94.64,4,15.41,Methanol,888.62,1193.64,0.0,14.15,265254.0
Container,101392.2,20277.22,22.2,11337.18,31.76,3,11.93,LNG,788.26,2149.17,0.0,38.31,402251.0
Bulk Carrier,90653.27,10839.85,12.95,3351.2,40.84,6,12.09,Methanol,420.15,564.37,0.0,6.69,125416.17
Container,125637.8,27768.74,14.92,3537.77,42.64,5,11.95,HFO,760.75,2367.05,61.16,152.91,259947.01
Bulk Carrier,34054.44,12402.29,12.13,7260.59,81.28,5,14.03,Methanol,1651.31,2218.12,0.0,26.29,492916.38
Bulk Carrier,44106.04,18302.81,11.25,10606.07,31.31,5,11.84,Hydrogen,1651.1,0.0,0.0,0.0,6934618.26
Bulk Carrier,94833.02,14007.48,11.13,3633.34,31.34,4,12.09,VLSFO,431.27,1283.71,8.84,79.57,212182.77
Container,137781.02,51590.29,17.48,10707.88,44.65,4,12.01,Hydrogen,3487.11,0.0,0.0,0.0,14645868.42
Container,79082.71,39419.0,22.04,11544.3,35.17,4,12.2,Methanol,2115.08,2841.08,0.0,33.67,631350.41
Bulk Carrier,39523.79,19950.46,14.45,3410.81,95.79,5,14.45,VLSFO,1001.34,2980.6,20.53,184.75,492661.74
Bulk Carrier,68531.64,20855.82,12.8,11475.87,69.89,3,13.93,VLSFO,2831.2,8427.34,58.04,522.36,1392948.79
Container,109727.59,57092.17,22.93,3544.2,85.35,1,14.74,Ammonia,1483.32,0.0,0.0,27.59,689744.34
Tanker,120555.86,42460.87,12.65,3471.87,48.25,5,12.64,HFO,1606.04,4997.18,129.13,322.81,548785.49
Bulk Carrier,67461.92,19933.38,15.94,3486.34,30.08,2,11.55,Methanol,398.88,535.79,0.0,6.35,119064.69
Bulk Carrier,90740.89,14637.28,12.68,3529.4,46.66,4,12.47,HFO,506.56,1576.14,40.73,101.82,173090.44
Container,91785.39,31269.94,17.33,6776.09,63.03,5,13.47,LNG,1642.17,4477.31,0.0,79.81,837999.57
Container,52790.13,55141.9,16.41,1425.39,69.09,3,12.86,HFO,716.0,2227.83,57.57,143.92,244658.42
Bulk Carrier,42160.52,20970.59,13.08,6944.97,49.66,3,12.05,Ammonia,1344.34,0.0,0.0,25.0,625116.57
Bulk Carrier,81548.27,20479.66,11.73,6988.93,34.61,4,11.34,Methanol,1246.54,1674.41,0.0,19.84,372092.1
Container,124083.07,32615.21,14.3,1543.31,40.97,3,12.49,Ammonia,363.33,0.0,0.0,6.76,168949.46
Container,140948.78,25019.86,14.16,1521.13,83.16,3,13.88,Methanol,540.98,726.67,0.0,8.61,161481.16
Bulk Carrier,50345.17,13275.89,14.46,11282.52,31.95,7,11.86,VLSFO,1201.83,3577.37,24.64,221.74,591300.67
Bulk Carrier,73390.77,23807.31,13.67,4796.33,87.97,2,14.07,Hydrogen,1341.75,0.0,0.0,0.0,5635368.23
Container,123319.74,59505.38,16.38,11147.05,71.1,5,14.0,Hydrogen,6871.32,0.0,0.0,0.0,28859532.74
Bulk Carrier,92752.99,16221.29,14.9,5233.09,65.07,5,12.98,LNG,805.57,2196.36,0.0,39.15,411082.52
Container,127577.4,56810.17,20.68,10640.94,40.67,5,12.22,HFO,3535.08,10999.32,284.22,710.55,1207936.16
Tanker,121621.15,35505.42,13.36,3495.48,75.75,7,14.0,Ammonia,1735.57,0.0,0.0,32.28,807038.73
Bulk Carrier,41391.36,23708.32,14.8,5083.42,46.22,3,11.97,Hydrogen,930.65,0.0,0.0,0.0,3908733.81
Bulk Carrier,81579.74,11885.94,13.52,3635.35,86.59,3,13.93,HFO,565.44,1759.36,45.46,113.65,193210.95
Tanker,179242.0,34942.61,14.17,10830.62,98.3,2,15.52,LNG,4401.36,12000.12,0.0,213.91,2246012.55
Tanker,153499.87,36499.41,16.55,3504.33,75.7,4,13.16,Hydrogen,1181.9,0.0,0.0,0.0,4963980.35
Container,55724.6,22147.75,17.02,1425.42,88.06,4,14.33,HFO,373.72,1162.81,30.05,75.12,127698.42
Bulk Carrier,58608.71,21356.47,13.72,1488.02,35.43,3,12.26,HFO,230.6,717.51,18.54,46.35,78796.05
Container,143161.91,29720.19,18.65,3658.58,39.34,5,11.67,LNG,565.28,1541.21,0.0,27.47,288460.97
Bulk Carrier,72079.38,12610.54,11.17,1561.87,42.56,5,12.54,HFO,227.93,709.2,18.33,45.81,77883.47
Container,87565.68,38039.85,19.09,10501.57,72.93,3,13.69,HFO,3309.13,10296.29,266.05,665.14,1130729.83
Bulk Carrier,89177.77,22684.88,12.47,5026.59,64.51,4,13.49,Ammonia,1312.93,0.0,0.0,24.42,610510.54
Container,91529.4,47311.46,16.36,6802.41,30.7,3,11.5,HFO,1725.86,5369.99,138.76,346.9,589727.6
Bulk Carrier,79296.67,9186.99,11.83,5030.22,95.67,4,14.75,Methanol,888.97,1194.11,0.0,14.15,265357.78
Tanker,89505.96,43961.19,12.05,4840.95,34.25,2,12.27,HFO,1584.9,4931.39,127.43,318.57,541560.88
Container,77983.47,52155.58,18.33,10886.55,45.49,2,11.78,LNG,3232.52,8813.35,0.0,157.1,1649557.23
Tanker,149251.17,26076.89,16.9,11001.65,86.33,4,14.08,Hydrogen,3124.16,0.0,0.0,0.0,13121479.14
Tanker,149226.01,26681.6,15.72,4840.99,34.09,3,11.45,LNG,664.41,1811.48,0.0,32.29,339047.78
Tanker,194511.52,44686.81,16.51,6712.43,93.18,4,15.25,HFO,3611.4,11236.81,290.36,725.89,1234016.5
Container,120174.14,37541.45,23.81,4882.78,83.12,2,13.47,Hydrogen,1277.07,0.0,0.0,0.0,5363696.53
Tanker,132112.63,28282.08,14.16,3334.89,66.45,4,13.19,VLSFO,1063.81,3166.54,21.81,196.27,523394.43
Tanker,121812.52,34807.74,14.64,3436.19,58.09,5,13.24,Methanol,1394.11,1872.64,0.0,22.19,416141.68
Container,63988.66,38257.01,21.38,3464.44,59.66,4,12.58,LNG,777.36,2119.44,0.0,37.78,396686.9
Container,120004.32,55253.74,19.9,1492.51,63.75,3,13.37,Methanol,638.87,858.17,0.0,10.17,190703.64
Container,70408.26,40109.96,16.63,7111.88,65.4,4,12.68,Hydrogen,2615.59,0.0,0.0,0.0,10985460.64
Container,103266.08,40362.79,22.24,5086.23,87.75,4,14.11,VLSFO,1852.59,5514.43,37.98,341.8,911475.5
Container,141227.42,50804.17,14.9,3388.73,79.46,4,14.28,HFO,2048.85,6374.96,164.73,411.82,700092.94
Tanker,196082.56,36722.07,12.24,5172.51,72.76,7,14.25,Methanol,3247.05,4361.6,0.0,51.69,969243.39
Tanker,93200.88,40618.76,16.24,3436.83,57.8,1,12.33,Methanol,1239.88,1665.47,0.0,19.74,370103.96
Bulk Carrier,95170.58,20668.49,14.8,6864.56,76.0,5,13.53,VLSFO,1647.95,4905.29,33.78,304.05,810791.51
Tanker,171710.11,23928.44,15.01,1457.75,55.68,5,13.26,Hydrogen,337.44,0.0,0.0,0.0,1417229.95
Tanker,142301.24,36317.3,14.07,11042.59,30.47,4,11.98,LNG,2375.79,6477.5,0.0,115.46,1212366.07
Container,148766.68,26069.88,17.25,5095.53,91.07,3,14.55,LNG,1287.14,3509.34,0.0,62.56,656828.2
Container,128253.58,45307.04,18.47,1570.22,62.29,5,13.7,Ammonia,573.25,0.0,0.0,10.66,266560.97
Bulk Carrier,50646.74,10584.31,13.11,3529.64,58.4,1,13.13,Methanol,405.51,544.7,0.0,6.46,121045.43
Bulk Carrier,72684.04,19354.23,14.32,11519.3,68.18,2,12.91,LNG,1952.79,5324.2,0.0,94.91,996508.63
Container,137059.92,54217.88,19.25,3573.62,66.47,6,13.86,Hydrogen,1670.03,0.0,0.0,0.0,7014112.36
Tanker,173663.99,15762.39,14.14,3540.24,88.48,2,13.83,Hydrogen,656.68,0.0,0.0,0.0,2758036.2
Tanker,133813.11,28233.89,14.26,1494.76,96.41,3,14.74,VLSFO,597.27,1777.82,12.24,110.2,293854.87
Container,94161.86,30310.0,16.18,11091.36,74.33,3,13.67,Methanol,3686.27,4951.58,0.0,58.69,1100351.62
Bulk Carrier,30678.39,12451.58,11.11,1542.63,45.14,3,12.56,Hydrogen,191.18,0.0,0.0,0.0,802954.61
Tanker,106537.39,44477.38,14.08,5015.34,99.94,5,14.6,VLSFO,3383.11,10070.16,69.35,624.18,1664488.61
Bulk Carrier,34623.97,16368.27,15.64,4792.37,87.11,7,14.21,Methanol,1303.93,1751.5,0.0,20.76,389223.16
Tanker,84429.97,35680.64,16.27,3514.38,78.45,5,14.44,LNG,1315.55,3586.78,0.0,63.94,671323.04
Tanker,137768.76,23768.35,12.63,3563.83,34.98,3,12.04,Ammonia,626.0,0.0,0.0,11.64,291091.7
Bulk Carrier,52806.76,16788.08,13.96,7258.2,45.37,5,11.9,LNG,977.32,2664.63,0.0,47.5,498727.67
Container,70796.81,53752.12,15.51,1569.49,39.0,3,12.35,Hydrogen,533.4,0.0,0.0,0.0,2240287.05
Container,87550.21,49209.62,17.95,11548.13,42.2,3,12.68,LNG,2990.82,8154.35,0.0,145.35,1526215.69
Tanker,87454.74,42420.78,15.24,6776.24,78.75,3,14.49,VLSFO,3088.28,9192.57,63.31,569.79,1519432.48
Container,61301.6,48770.18,15.58,10625.23,57.07,2,12.41,LNG,3939.39,10740.58,0.0,191.45,2010269.31
Container,87363.74,59160.57,22.9,5013.47,37.83,2,11.5,Methanol,1285.43,1726.66,0.0,20.46,383701.7
Bulk Carrier,86854.11,9516.49,13.08,3629.2,95.13,5,14.7,Ammonia,534.92,0.0,0.0,9.95,248738.28
Tanker,153797.33,40395.58,15.27,5108.95,65.66,4,13.0,Methanol,2233.91,3000.7,0.0,35.56,666822.51
Bulk Carrier,55246.32,24871.48,12.09,7037.88,88.56,5,14.39,LNG,2657.65,7245.97,0.0,129.16,1356198.4
Container,81584.94,43096.36,18.58,11384.3,69.7,2,14.02,Hydrogen,3704.73,0.0,0.0,0.0,15559859.52
Container,67797.66,59810.38,21.96,5168.46,30.94,1,12.02,Ammonia,1029.43,0.0,0.0,19.15,478684.72
Bulk Carrier,73052.13,11499.02,15.14,1426.44,54.8,2,12.55,VLSFO,129.58,385.72,2.66,23.91,63755.02
Container,51255.56,46782.92,21.18,3550.61,76.81,4,14.37,VLSFO,1484.06,4417.44,30.42,273.81,730156.1
Tanker,154344.48,19450.96,16.14,6815.2,91.8,1,14.6,Hydrogen,1423.67,0.0,0.0,0.0,5979404.44
Bulk Carrier,77843.33,10441.37,11.07,11157.62,71.64,2,13.42,Ammonia,1545.26,0.0,0.0,28.74,718545.72
Bulk Carrier,35176.21,23108.97,15.84,11168.91,44.29,1,12.79,VLSFO,1609.55,4790.99,33.0,296.96,791899.87
Container,105833.68,46655.01,17.46,11247.96,58.64,3,13.13,HFO,3890.95,12106.6,312.83,782.08,1329536.1
Tanker,192007.28,35988.32,12.95,11070.72,87.33,4,13.75,Hydrogen,5288.11,0.0,0.0,0.0,22210075.31
Bulk Carrier,39780.07,14095.57,12.04,10721.88,52.05,6,12.34,LNG,1620.95,4419.46,0.0,78.78,827171.66
Container,125633.57,28515.82,17.83,7189.47,57.21,5,12.66,HFO,1594.2,4960.33,128.17,320.43,544738.97
Bulk Carrier,49029.17,21193.42,12.54,3471.34,38.03,5,11.65,Ammonia,621.11,0.0,0.0,11.55,288817.22
Tanker,91811.53,38996.16,13.55,5046.27,61.13,5,13.17,Ammonia,2106.82,0.0,0.0,39.19,979673.08
Bulk Carrier,32332.39,18930.06,13.15,5007.75,89.16,3,14.63,LNG,1068.09,2912.1,0.0,51.91,545045.54
Container,106545.28,54451.76,19.42,5063.88,35.48,4,12.15,Hydrogen,1370.24,0.0,0.0,0.0,5755007.45
Bulk Carrier,88433.98,24173.63,15.87,7057.48,76.83,3,14.16,VLSFO,1729.35,5147.58,35.45,319.07,850840.35
Container,103498.69,54092.72,17.72,6900.06,45.95,5,11.71,Ammonia,2505.54,0.0,0.0,46.6,1165074.53
Bulk Carrier,80533.78,20870.36,15.55,10733.19,66.51,2,13.66,HFO,2016.19,6273.35,162.1,405.25,688933.28
Tanker,87219.45,25492.82,15.75,6911.36,49.52,3,12.19,HFO,1370.67,4264.8,110.2,275.5,468356.56
Tanker,197187.03,21520.75,16.83,4888.92,83.0,5,14.08,LNG,1073.04,2925.6,0.0,52.15,547571.57
Tanker,148765.03,19106.05,16.41,6663.65,70.74,3,12.98,Ammonia,1192.9,0.0,0.0,22.19,554696.55
Tanker,148451.88,40541.83,13.59,1510.84,92.1,2,14.1,Methanol,915.04,1229.13,0.0,14.57,273139.23
Tanker,95795.34,21172.7,12.26,3378.94,51.78,5,12.8,Methanol,915.03,1229.11,0.0,14.57,273135.04
Bulk Carrier,37531.03,15577.82,11.24,6794.01,98.9,3,14.8,Methanol,2113.96,2839.58,0.0,33.65,631016.99
Bulk Carrier,51576.18,22923.75,15.26,6892.41,31.01,2,11.76,Hydrogen,774.08,0.0,0.0,0.0,3251156.85
Tanker,92431.29,30685.26,14.32,5114.06,51.03,3,12.16,LNG,1192.43,3251.12,0.0,57.95,608498.21
Bulk Carrier,64702.16,23858.97,13.8,11372.15,59.5,7,12.49,LNG,3087.06,8416.75,0.0,150.03,1575327.01
Container,115900.19,24880.43,23.81,5221.27,76.8,4,13.32,Methanol,1061.75,1426.2,0.0,16.9,316932.55
Bulk Carrier,78498.05,12421.39,15.92,3660.09,53.22,7,12.16,Ammonia,411.44,0.0,0.0,7.65,191318.58
Container,110335.78,58941.04,21.49,7103.65,38.64,5,11.56,HFO,2194.64,6828.57,176.45,441.12,749907.43
Container,83469.17,42940.21,14.25,5062.54,86.01,1,13.83,Hydrogen,2340.92,0.0,0.0,0.0,9831880.92
Bulk Carrier,81084.51,10573.63,14.17,10987.62,41.46,4,12.05,Hydrogen,910.01,0.0,0.0,0.0,3822053.42
Container,99623.13,50964.94,15.56,6932.1,31.42,7,11.93,LNG,2216.52,6043.24,0.0,107.72,1131087.63
Tanker,179955.3,32879.3,13.19,1522.6,30.63,4,11.0,Methanol,369.06,495.74,0.0,5.88,110164.16
Tanker,135466.98,22993.01,12.32,3503.8,47.42,2,12.72,LNG,611.47,1667.14,0.0,29.72,312032.44
Tanker,176594.8,20358.86,14.63,7218.47,63.77,5,13.75,Hydrogen,1437.72,0.0,0.0,0.0,6038405.47
Bulk Carrier,63402.25,21447.26,15.82,11465.37,65.21,2,13.08,Hydrogen,2044.38,0.0,0.0,0.0,8586400.71
Tanker,97734.37,32611.84,14.85,10846.29,52.18,5,12.52,Ammonia,3371.38,0.0,0.0,62.71,1567692.43
Tanker,141570.45,32703.44,12.15,10718.73,92.5,5,14.86,HFO,6544.48,20363.02,526.18,1315.44,2236248.55
Bulk Carrier,33777.81,18353.06,11.2,1477.08,82.99,3,14.76,Hydrogen,398.49,0.0,0.0,0.0,1673645.15
Bulk Carrier,79311.45,23286.75,14.76,11484.19,52.14,4,13.16,Hydrogen,2211.07,0.0,0.0,0.0,9286473.39
Container,72216.17,52759.76,22.34,1490.11,51.28,4,11.97,VLSFO,468.83,1395.53,9.61,86.5,230665.9
Bulk Carrier,39880.89,13914.77,13.67,1435.61,75.27,5,13.18,HFO,244.58,761.0,19.66,49.16,83572.2
Bulk Carrier,39159.37,15696.61,12.04,7204.12,81.32,5,14.46,Ammonia,1688.09,0.0,0.0,31.4,784962.24
Bulk Carrier,77600.19,11354.2,12.61,6882.94,55.83,7,12.58,HFO,1071.03,3332.47,86.11,215.28,365969.29
Container,121271.02,20254.77,21.72,11465.41,45.1,2,11.82,LNG,1031.3,2811.8,0.0,50.12,526272.77
Tanker,97752.56,40149.3,12.77,4755.62,94.89,2,15.23,HFO,2647.93,8238.99,212.89,532.23,904798.21
Bulk Carrier,32504.68,14848.69,12.04,4942.37,32.81,3,11.54,VLSFO,580.46,1727.8,11.9,107.09,285586.63
Bulk Carrier,84073.91,11917.23,13.86,6969.07,87.02,2,14.36,Ammonia,1000.28,0.0,0.0,18.61,465131.59
Tanker,144906.84,37401.38,16.53,6997.67,73.57,5,13.93,LNG,2439.86,6652.17,0.0,118.58,1245059.38
Bulk Carrier,72663.33,23635.64,11.71,6762.08,95.16,3,14.12,Methanol,2957.64,3972.85,0.0,47.09,882855.61
Tanker,95943.94,32863.69,13.2,5075.3,43.67,5,11.91,HFO,1636.99,5093.46,131.61,329.03,559358.82
Container,84698.83,41330.79,22.15,7132.01,78.15,3,13.25,LNG,1922.45,5241.47,0.0,93.43,981023.75
Tanker,95747.1,23608.2,16.46,11513.2,44.92,2,11.99,Hydrogen,1648.22,0.0,0.0,0.0,6922541.22
Container,52613.5,33081.47,19.7,4785.52,88.79,6,13.89,LNG,1582.57,4314.8,0.0,76.91,807583.39
Tanker,138683.17,43299.64,14.11,10991.21,33.63,4,12.04,HFO,3241.76,10086.68,260.64,651.59,1107710.16
Bulk Carrier,76669.26,20474.08,13.47,3427.27,48.86,3,12.1,VLSFO,611.99,1821.66,12.55,112.91,301100.47
Bulk Carrier,66322.55,10424.47,11.77,1447.05,43.96,4,12.16,VLSFO,151.65,451.39,3.11,27.98,74609.81
Container,68312.62,34511.96,16.4,6981.15,45.27,4,12.84,Hydrogen,1780.15,0.0,0.0,0.0,7476636.57
Container,107376.93,39079.5,18.58,3339.96,43.53,3,12.32,Methanol,874.87,1175.17,0.0,13.93,261149.34
Container,80813.6,46930.97,16.34,1529.28,87.14,5,14.89,Hydrogen,785.33,0.0,0.0,0.0,3298401.4
Container,104592.44,43609.56,15.57,7202.08,56.63,4,13.04,Hydrogen,2765.59,0.0,0.0,0.0,11615497.83
Tanker,141397.18,32664.47,13.49,11396.87,61.59,4,12.9,Methanol,4540.72,6099.32,0.0,72.29,1355404.87
Bulk Carrier,84254.23,15223.4,13.94,3480.98,98.46,5,15.42,Ammonia,839.1,0.0,0.0,15.61,390183.49
Bulk Carrier,78694.24,10645.6,13.19,1451.06,76.85,4,14.34,Hydrogen,180.27,0.0,0.0,0.0,757116.86
Bulk Carrier,84831.67,17618.79,15.59,3515.18,41.42,3,11.7,HFO,417.7,1299.65,33.58,83.96,142726.67
Tanker,143878.64,31892.99,16.92,5106.44,89.98,3,13.8,Ammonia,1572.44,0.0,0.0,29.25,731183.71
Tanker,188649.59,31864.79,12.9,10515.17,85.68,4,14.16,Methanol,5410.84,7268.11,0.0,86.14,1615135.47
Tanker,105649.59,26706.12,12.26,1533.88,95.94,4,15.24,VLSFO,672.02,2000.33,13.78,123.99,330632.46
Container,135109.06,31673.91,18.83,6738.92,75.0,3,13.95,VLSFO,1902.78,5663.81,39.01,351.06,936166.85
Container,95534.07,49318.71,21.28,1496.27,54.02,3,12.24,Hydrogen,430.52,0.0,0.0,0.0,1808180.01
Tanker,161908.73,33107.72,12.23,7277.94,31.0,4,11.67,LNG,1509.91,4116.71,0.0,73.38,770507.07
Bulk Carrier,33385.21,14927.12,12.31,6681.71,66.65,5,13.55,Hydrogen,1312.12,0.0,0.0,0.0,5510902.69
Bulk Carrier,70064.93,23986.9,13.36,3464.76,80.67,4,13.63,VLSFO,1169.49,3481.09,23.97,215.77,575386.98
Container,148888.75,22511.3,16.67,7105.86,61.65,4,13.26,LNG,1247.08,3400.11,0.0,60.61,636383.73
Tanker,115061.23,26301.29,13.15,1535.98,73.51,5,13.45,Methanol,627.4,842.75,0.0,9.99,187278.05
Container,113306.89,31999.47,16.74,11268.06,76.76,8,14.45,Methanol,4950.0,6649.09,0.0,78.8,1477575.18
Container,122573.79,48147.5,19.48,7338.81,76.86,2,14.28,LNG,2569.98,7006.96,0.0,124.9,1311463.33
Tanker,146261.78,26959.43,15.61,11003.36,89.5,3,14.91,Hydrogen,3049.54,0.0,0.0,0.0,12808080.96
Tanker,130622.77,21439.59,16.71,3367.85,56.87,8,12.84,Hydrogen,707.25,0.0,0.0,0.0,2970451.38
Tanker,152756.5,25074.68,12.52,1567.69,57.84,4,12.97,HFO,461.11,1434.72,37.07,92.68,157560.11
Bulk Carrier,85230.02,8829.64,14.97,4902.98,85.9,6,14.55,Hydrogen,520.1,0.0,0.0,0.0,2184427.99
Tanker,188643.68,29672.41,12.17,3656.46,98.42,4,15.57,VLSFO,1936.1,5762.98,39.69,357.21,952559.1
Bulk Carrier,57699.41,15037.85,15.79,11399.82,79.08,3,13.62,LNG,1711.04,4665.1,0.0,83.16,873146.13
Tanker,142655.25,34482.97,14.51,3643.77,38.31,3,11.93,Methanol,955.83,1283.92,0.0,15.22,285315.86
Container,89156.38,58661.19,23.09,7062.38,47.84,4,12.06,Hydrogen,2249.05,0.0,0.0,0.0,9446012.69
Bulk Carrier,48392.2,24335.61,15.67,11050.79,35.33,5,11.81,Hydrogen,1689.21,0.0,0.0,0.0,7094663.25
Container,149574.64,33276.74,21.51,5221.4,86.3,3,14.21,VLSFO,1426.12,4244.99,29.24,263.12,701652.02
Tanker,180418.98,38257.38,12.42,6755.02,31.44,5,11.61,Methanol,2388.97,3208.98,0.0,38.03,713106.93
Container,124592.41,45810.33,19.68,5029.92,81.27,3,13.64,Hydrogen,1915.07,0.0,0.0,0.0,8043296.21
Container,86007.1,59823.13,23.58,1504.56,67.55,1,13.66,VLSFO,560.91,1669.61,11.5,103.49,275967.96
Bulk Carrier,39088.36,19617.9,11.81,1483.0,86.12,6,14.35,VLSFO,566.02,1684.81,11.6,104.43,278480.97
Tanker,105668.07,15266.63,13.36,7062.79,89.81,5,14.64,Hydrogen,1517.41,0.0,0.0,0.0,6373119.18
Tanker,194762.14,37521.28,12.14,11388.55,76.08,4,14.06,Ammonia,5856.65,0.0,0.0,108.93,2723344.39
Bulk Carrier,52205.02,14615.23,12.43,1567.92,31.59,3,11.41,HFO,161.22,501.62,12.96,32.4,55087.21
Container,52354.53,52842.54,14.27,3571.81,94.53,6,15.42,LNG,2760.16,7525.46,0.0,134.14,1408508.98
Tanker,185566.85,25393.63,12.86,4750.9,85.84,3,13.66,Ammonia,1567.52,0.0,0.0,29.16,728897.66
Container,148132.12,53435.6,23.55,1477.87,51.02,4,13.12,Hydrogen,406.59,0.0,0.0,0.0,1707694.56
Tanker,180916.65,38890.0,12.66,10633.74,33.04,6,11.81,Ammonia,3267.2,0.0,0.0,60.77,1519250.0
Tanker,196050.29,17217.93,14.05,5130.5,60.06,3,13.22,Hydrogen,811.47,0.0,0.0,0.0,3408175.87
Bulk Carrier,32382.29,8387.88,13.22,7254.89,46.81,4,12.19,LNG,474.01,1292.37,0.0,23.04,241888.01
Tanker,157343.53,35902.95,12.71,5183.45,71.72,2,13.53,LNG,2067.58,5637.18,0.0,100.48,1055087.67
Bulk Carrier,42406.38,15714.79,11.48,5044.35,86.59,4,14.08,Hydrogen,1194.97,0.0,0.0,0.0,5018860.87
Container,86591.41,32028.55,14.98,1560.45,44.62,4,12.1,VLSFO,409.25,1218.17,8.39,75.51,201350.89
Bulk Carrier,73963.4,15548.93,15.13,4971.12,70.25,3,14.02,LNG,690.21,1881.82,0.0,33.54,352213.16
Bulk Carrier,49638.85,17979.56,11.01,10708.96,55.61,5,13.19,HFO,2457.0,7644.92,197.54,493.86,839558.2
Tanker,181509.8,19216.97,12.83,6817.13,98.09,4,15.56,Ammonia,1980.06,0.0,0.0,36.83,920729.7
Container,81537.25,51908.38,21.13,7294.3,88.31,3,14.71,Ammonia,3052.61,0.0,0.0,56.78,1419461.78
Container,72417.38,25398.9,18.68,10653.02,79.77,4,13.73,HFO,2780.31,8650.88,223.54,558.84,950032.49
Container,116525.43,45003.86,17.63,1490.87,59.87,4,13.32,Ammonia,536.91,0.0,0.0,9.99,249663.2
Bulk Carrier,74377.52,12052.08,11.26,7060.15,49.53,8,12.66,HFO,1199.74,3732.96,96.46,241.15,409950.21
Bulk Carrier,92759.82,13646.17,13.97,3519.1,80.15,4,14.51,Ammonia,628.08,0.0,0.0,11.68,292058.54
Container,129739.69,57791.23,17.42,10759.46,90.64,1,14.22,Methanol,6893.76,9260.04,0.0,109.75,2057785.98
Tanker,181703.1,43267.46,13.67,1489.75,38.09,3,12.14,Hydrogen,481.17,0.0,0.0,0.0,2020898.06
Container,69422.11,39437.88,14.0,1472.31,42.21,1,12.57,VLSFO,423.47,1260.5,8.68,78.13,208346.93
Container,76131.63,32585.98,19.52,1540.81,80.98,8,14.44,VLSFO,592.88,1764.78,12.15,109.39,291699.15
Tanker,150875.08,26029.58,13.47,3326.41,76.03,4,13.43,HFO,1115.84,3471.91,89.71,224.28,381282.45
Bulk Carrier,60103.92,14643.74,13.4,7026.78,50.62,3,13.12,LNG,857.37,2337.59,0.0,41.67,437517.54
Bulk Carrier,71950.91,11613.56,15.52,6682.38,73.52,3,13.44,Ammonia,703.35,0.0,0.0,13.08,327059.63
Tanker,191664.7,21702.57,16.69,1488.29,36.03,3,11.31,LNG,177.23,483.2,0.0,8.61,90438.05
Bulk Carrier,79584.24,23884.21,15.41,4815.68,85.76,5,13.64,LNG,1277.1,3481.97,0.0,62.07,651705.27
Bulk Carrier,30427.87,10889.43,13.63,10617.62,70.1,4,13.48,HFO,1368.51,4258.08,110.03,275.07,467618.77
Container,90888.44,22286.25,22.69,3648.04,30.27,5,11.21,LNG,294.12,801.9,0.0,14.29,150088.38
Tanker,117062.37,42373.85,13.87,1453.42,32.83,4,11.08,Ammonia,408.83,0.0,0.0,7.6,190107.13
Tanker,161730.67,39941.9,13.7,1510.47,38.75,4,12.02,Ammonia,435.44,0.0,0.0,8.1,202481.39
Bulk Carrier,46317.93,12896.3,12.6,1452.74,54.54,3,12.64,HFO,196.7,612.04,15.82,39.54,67213.85
Tanker,138810.59,42194.33,15.0,3479.23,31.07,4,11.78,Ammonia,860.35,0.0,0.0,16.0,400064.36
Bulk Carrier,61231.74,19813.87,14.42,4943.81,74.07,2,13.21,Ammonia,1033.63,0.0,0.0,19.23,480636.99
Tanker,115958.51,22708.82,14.19,7206.55,87.85,3,14.59,Ammonia,2026.19,0.0,0.0,37.69,942177.28
Tanker,156905.88,28320.34,16.28,1490.39,63.01,5,12.9,VLSFO,403.4,1200.75,8.27,74.43,198470.68
Container,112549.5,54109.57,20.44,5155.05,43.72,4,12.63,HFO,1633.11,5081.39,131.3,328.25,558033.37
Bulk Carrier,63153.17,21838.49,15.36,5086.91,62.92,4,13.12,Hydrogen,1025.78,0.0,0.0,0.0,4308261.32
Bulk Carrier,96244.95,14047.95,15.09,4763.19,46.52,3,12.74,Methanol,549.16,737.66,0.0,8.74,163923.46
Bulk Carrier,50650.74,8189.42,12.96,7156.79,44.73,5,11.76,HFO,573.74,1785.17,46.13,115.32,196045.58
Bulk Carrier,83700.78,23986.51,15.34,1488.61,78.86,4,14.34,VLSFO,407.26,1212.24,8.35,75.14,200370.98
Tanker,97258.32,15377.13,15.66,3424.41,90.65,5,14.81,VLSFO,674.13,2006.62,13.82,124.38,331672.46
Container,124797.46,59881.86,20.73,7319.31,85.17,5,13.68,VLSFO,4095.92,12191.9,83.97,755.7,2015190.29
Tanker,164800.42,31081.66,14.05,4763.88,70.05,3,13.99,Ammonia,1659.83,0.0,0.0,30.87,771819.86
Container,117926.03,23199.9,23.33,5110.17,74.18,4,13.3,Methanol,1000.97,1344.55,0.0,15.94,298789.97
Bulk Carrier,43803.69,13022.15,11.03,1501.53,40.76,4,11.95,HFO,187.69,584.01,15.09,37.73,64135.0
Container,61043.48,44021.22,21.21,1532.43,39.74,1,12.19,LNG,269.0,733.42,0.0,13.07,137270.79
Container,104151.51,23051.96,14.74,1526.82,33.07,5,12.16,LNG,205.95,561.52,0.0,10.01,105098.23
Bulk Carrier,90485.73,24415.31,11.09,6924.94,77.03,2,14.18,VLSFO,2565.03,7635.07,52.58,473.25,1261994.54
Tanker,196181.97,31453.54,15.34,4920.72,33.6,5,11.32,HFO,1047.14,3258.15,84.19,210.48,357807.67
Tanker,182340.61,37226.39,12.14,6838.02,94.09,5,15.07,Ammonia,4204.24,0.0,0.0,78.2,1954973.37
Container,80804.4,22248.48,17.97,7056.0,54.05,4,12.86,Ammonia,1141.66,0.0,0.0,21.23,530869.95
Container,148432.32,39224.39,18.16,1506.5,56.87,4,13.01,VLSFO,461.02,1372.27,9.45,85.06,226822.11
Container,108560.23,54671.71,18.69,11051.07,52.12,4,12.97,Hydrogen,4048.58,0.0,0.0,0.0,17004028.86
Tanker,105320.15,29200.3,14.2,7197.83,58.94,3,13.21,Methanol,2405.55,3231.25,0.0,38.3,718056.57
Bulk Carrier,53377.87,12150.91,13.99,11164.07,87.88,3,14.17,HFO,1680.82,5229.83,135.14,337.84,574335.56
Container,78075.73,28445.79,17.67,3427.45,30.52,1,11.6,Ammonia,412.62,0.0,0.0,7.67,191869.02
Tanker,128815.95,28628.04,14.47,4828.54,85.53,3,13.96,VLSFO,1604.39,4775.64,32.89,296.01,789361.5
Bulk Carrier,40391.27,13715.79,14.98,7205.43,77.05,4,13.39,Hydrogen,1151.32,0.0,0.0,0.0,4835546.91
Tanker,136374.1,38196.66,13.33,1544.37,85.62,1,14.97,Hydrogen,734.3,0.0,0.0,0.0,3084061.37
Bulk Carrier,62068.14,21643.34,12.04,3355.48,81.55,4,13.5,Methanol,1167.04,1567.62,0.0,18.58,348359.96
Tanker,121752.1,23244.94,12.69,1452.93,99.91,4,14.65,VLSFO,556.84,1657.49,11.42,102.74,273965.47
Container,75197.96,34398.1,22.7,1450.41,48.36,4,12.54,Hydrogen,255.54,0.0,0.0,0.0,1073266.47
Bulk Carrier,90841.56,19440.76,12.22,5061.05,90.71,4,13.95,HFO,1679.69,5226.32,135.05,337.62,573950.04
Container,145197.09,56067.42,17.22,1483.42,50.04,5,12.12,Hydrogen,633.33,0.0,0.0,0.0,2659977.05
Bulk Carrier,95072.57,15998.01,11.35,6770.73,97.46,4,15.4,HFO,1838.61,5720.79,147.82,369.56,628252.39
Container,94635.71,43265.16,20.17,1492.52,78.08,5,13.85,Ammonia,565.91,0.0,0.0,10.53,263148.68
Tanker,118568.22,44038.91,15.12,7027.41,54.58,3,12.61,Ammonia,2430.37,0.0,0.0,45.2,1130123.86
Bulk Carrier,54151.93,18824.12,13.04,7025.43,77.83,3,13.6,LNG,1573.18,4289.2,0.0,76.46,802791.67
Tanker,196415.64,15931.98,16.56,11367.03,75.67,5,14.15,HFO,1927.02,5995.87,154.93,387.33,658461.53
Container,126324.08,51546.28,16.54,6871.63,37.24,3,11.3,HFO,2144.34,6672.08,172.41,431.01,732721.56
Container,71227.16,26664.56,15.03,10470.89,98.99,5,15.26,HFO,4146.16,12900.69,333.35,833.38,1416741.9
Container,56148.58,50414.97,19.47,11424.01,74.35,8,13.72,VLSFO,6115.48,18203.34,125.37,1128.31,3008817.21
Tanker,165213.82,18114.55,13.46,7006.04,62.79,4,13.38,Methanol,1616.61,2171.51,0.0,25.74,482558.08
Container,127752.45,21080.89,19.77,11189.97,77.99,6,14.53,Hydrogen,2382.53,0.0,0.0,0.0,10006624.75
Tanker,188045.54,36258.81,12.16,6856.46,39.04,5,12.01,LNG,2008.52,5476.16,0.0,97.61,1024950.06
Container,137152.47,27669.21,14.05,10733.48,53.17,8,12.68,Ammonia,3399.17,0.0,0.0,63.22,1580614.86
Bulk Carrier,73635.95,17479.61,11.23,1519.53,60.04,4,12.61,LNG,292.82,798.37,0.0,14.23,149427.78
Tanker,190671.03,32713.92,13.18,6788.83,91.38,4,13.89,LNG,2819.06,7686.05,0.0,137.01,1438566.2
Container,74561.79,54355.75,14.13,5238.67,90.83,1,14.98,HFO,3552.76,11054.34,285.64,714.1,1213978.06
Tanker,106460.72,44292.02,16.17,7152.14,68.66,6,12.87,VLSFO,3632.26,10811.78,74.46,670.15,1787070.99
Tanker,155191.05,16858.02,16.4,5223.13,75.07,5,13.48,Hydrogen,879.01,0.0,0.0,0.0,3691862.23
Bulk Carrier,95777.22,24438.76,14.05,5070.15,91.14,3,15.27,VLSFO,1540.37,4585.08,31.58,284.2,757864.38
Container,96196.72,45313.31,14.71,10487.31,59.86,4,13.26,Methanol,4906.36,6590.47,0.0,78.11,1464547.79
Container,81028.67,54393.49,22.32,5057.67,49.33,4,12.81,HFO,1587.37,4939.06,127.62,319.06,542403.66
Bulk Carrier,87010.6,21514.05,15.14,7265.74,56.08,1,13.34,HFO,1304.01,4057.39,104.84,262.11,445578.81
Container,66816.24,55093.44,17.73,3591.62,39.73,3,11.43,Hydrogen,1156.95,0.0,0.0,0.0,4859188.1
Bulk Carrier,42969.74,23761.21,11.74,5074.9,59.04,2,13.49,HFO,1421.02,4421.47,114.25,285.62,485561.89
Bulk Carrier,82512.97,19742.36,14.21,10494.0,56.4,5,12.97,Ammonia,2117.89,0.0,0.0,39.39,984819.35
Tanker,108634.97,37694.28,14.53,6921.11,44.47,2,11.79,Ammonia,1815.65,0.0,0.0,33.77,844278.18
Container,76019.62,35979.96,17.95,4774.21,45.4,3,12.0,Ammonia,1047.87,0.0,0.0,19.49,487257.58
Bulk Carrier,86598.92,12284.33,11.2,10767.18,88.45,3,14.55,Ammonia,2062.7,0.0,0.0,38.37,959153.44
Container,141911.24,26575.99,23.51,1446.97,74.02,5,13.68,Ammonia,275.46,0.0,0.0,5.12,128090.24
Bulk Carrier,89349.08,23309.81,14.67,3447.02,82.27,5,14.78,Hydrogen,937.62,0.0,0.0,0.0,3937991.63
Container,92841.12,25267.76,19.87,10927.69,69.49,4,13.98,LNG,2055.12,5603.21,0.0,99.88,1048728.66
Bulk Carrier,70909.61,17656.74,15.38,6863.06,71.63,5,13.69,VLSFO,1372.44,4085.19,28.13,253.21,675238.42
Container,99126.58,45021.32,22.12,1555.7,46.28,4,12.36,VLSFO,374.0,1113.26,7.67,69.0,184009.1
Container,75487.8,30736.95,23.53,1508.16,60.59,2,13.47,Hydrogen,235.59,0.0,0.0,0.0,989475.69
Container,53378.87,41732.22,23.67,11240.61,90.83,3,14.99,Hydrogen,3773.11,0.0,0.0,0.0,15847066.32
Container,93692.68,52706.11,21.78,3449.26,47.17,5,12.91,HFO,1117.63,3477.49,89.86,224.64,381895.03
Bulk Carrier,73688.54,12995.92,14.01,7224.68,84.87,8,13.78,Hydrogen,1450.43,0.0,0.0,0.0,6091821.78
Bulk Carrier,42820.39,20990.94,12.81,1477.73,99.86,1,15.07,Ammonia,453.79,0.0,0.0,8.44,211010.43
Bulk Carrier,36563.17,12857.95,14.84,10506.1,96.82,7,14.48,LNG,2003.0,5461.09,0.0,97.35,1022129.99
Bulk Carrier,96785.27,9398.17,14.61,4841.88,45.53,3,12.79,Ammonia,352.31,0.0,0.0,6.55,163821.85
Bulk Carrier,92360.32,12238.75,13.48,5149.52,57.73,4,13.01,Ammonia,612.17,0.0,0.0,11.39,284658.09
Tanker,161667.38,38711.7,12.65,4908.57,56.43,3,13.18,Hydrogen,1915.47,0.0,0.0,0.0,8044989.74
Bulk Carrier,67955.55,22887.58,11.21,1512.46,93.09,4,15.22,HFO,597.99,1860.62,48.08,120.2,204331.56
Container,132808.32,52523.15,15.99,1484.81,52.62,5,12.48,Hydrogen,647.12,0.0,0.0,0.0,2717883.51
Tanker,98834.16,41894.14,12.15,1556.96,32.91,7,11.18,Hydrogen,550.21,0.0,0.0,0.0,2310880.94
Tanker,145973.62,20423.13,15.38,1516.1,73.16,5,14.09,VLSFO,362.23,1078.23,7.43,66.83,178219.32
Tanker,137659.61,35999.45,16.69,10507.27,57.75,2,13.1,Methanol,3356.73,4508.93,0.0,53.44,1001985.04
Bulk Carrier,90178.29,20921.85,11.11,7131.85,54.36,3,12.82,VLSFO,1665.46,4957.39,34.14,307.28,819403.91
Container,85451.14,48179.21,17.24,10729.74,58.61,3,12.7,LNG,3595.85,9803.95,0.0,174.76,1834964.12
Tanker,142681.89,41733.36,14.14,10812.04,60.76,4,12.45,HFO,4464.79,13892.09,358.97,897.42,1525617.67
Tanker,86297.72,25710.77,12.82,5057.91,44.26,4,11.97,LNG,1079.18,2942.35,0.0,52.45,550708.03
Container,79726.83,36373.35,18.41,3332.39,84.77,3,14.78,Methanol,1297.74,1743.19,0.0,20.66,387374.77
Tanker,192313.82,42100.09,12.61,3418.37,88.17,4,14.5,LNG,2036.17,5551.53,0.0,98.96,1039056.16
Tanker,160598.96,34306.77,12.23,5094.28,55.99,4,12.8,LNG,1819.17,4959.9,0.0,88.41,928323.33
Container,97525.77,36528.35,23.44,7236.59,96.85,4,14.48,HFO,2381.73,7410.7,191.49,478.73,813836.83
Container,87021.26,32129.44,17.64,6969.41,49.03,4,12.15,HFO,1591.78,4952.8,127.98,319.95,543911.95
Tanker,158638.73,30394.19,15.5,10938.99,59.47,5,12.38,HFO,3431.67,10677.56,275.91,689.76,1172600.12
Bulk Carrier,78938.83,23801.47,11.43,10977.25,90.66,3,14.87,HFO,4510.64,14034.78,362.66,906.64,1541287.26
Container,141532.96,28803.92,16.67,4861.06,34.82,4,11.23,VLSFO,845.73,2517.4,17.34,156.04,416098.98
Container,93419.16,29264.57,23.78,4842.62,75.07,4,13.39,LNG,896.13,2443.26,0.0,43.55,457293.89
Container,138338.12,42284.86,16.36,1475.98,70.6,3,13.53,VLSFO,622.48,1852.86,12.76,114.85,306257.85
Bulk Carrier,37200.8,14589.59,12.3,6976.86,59.16,4,13.23,LNG,1034.68,2821.03,0.0,50.29,527999.38
Tanker,165639.89,24021.26,13.16,5063.69,36.55,5,12.26,Methanol,1111.94,1493.62,0.0,17.7,331915.53
Tanker,105949.91,42041.02,14.88,11525.65,39.68,2,11.86,HFO,3387.92,10541.45,272.39,680.97,1157652.69
Container,143699.62,42260.96,16.9,7036.55,42.95,5,12.18,HFO,2051.88,6384.37,164.97,412.43,701126.06
Container,148949.9,35685.73,14.17,7190.45,87.7,2,13.83,HFO,3071.76,9557.71,246.97,617.42,1049619.77
Container,103970.04,22925.5,22.77,5095.96,52.77,4,12.25,VLSFO,720.55,2144.79,14.77,132.94,354510.55
Container,123797.73,27057.17,21.69,5068.23,54.8,2,12.84,VLSFO,825.18,2456.22,16.92,152.25,405987.55
Tanker,83144.61,22022.93,13.84,1524.75,87.46,3,14.19,LNG,391.0,1066.06,0.0,19.0,199529.79
Bulk Carrier,59306.63,11491.38,13.77,4849.46,87.31,5,14.59,Hydrogen,822.17,0.0,0.0,0.0,3453130.6
Tanker,89288.89,32228.65,13.76,6926.35,69.56,4,13.16,HFO,2544.81,7918.14,204.6,511.51,869562.65
Bulk Carrier,84138.06,20563.47,11.25,4998.28,42.88,7,12.6,Methanol,1473.27,1978.97,0.0,23.45,439770.15
Tanker,161709.95,18817.61,15.47,1490.88,32.63,2,11.45,VLSFO,150.34,447.51,3.08,27.74,73969.2
Tanker,125111.62,17829.08,13.52,6842.98,78.3,4,13.35,VLSFO,1473.8,4386.91,30.21,271.92,725109.57
Bulk Carrier,54000.98,19815.62,11.73,3454.27,83.76,6,13.62,Methanol,1374.6,1846.43,0.0,21.88,410318.86
Tanker,114395.56,32643.02,14.74,6775.72,89.77,7,14.1,LNG,3165.03,8629.33,0.0,153.82,1615116.08
Tanker,158532.47,38303.36,16.1,7249.86,79.75,1,14.18,Hydrogen,2374.55,0.0,0.0,0.0,9973090.71
Container,125342.87,21021.07,19.47,10738.43,85.38,5,14.55,Ammonia,2269.87,0.0,0.0,42.22,1055490.6
Bulk Carrier,80341.89,15837.75,11.85,6895.93,81.94,5,13.53,VLSFO,1819.85,5416.98,37.31,335.76,895368.12
Bulk Carrier,59134.08,9968.58,11.6,1542.11,57.87,3,12.96,VLSFO,167.47,498.49,3.43,30.9,82394.47
Tanker,97221.48,22815.05,13.64,7056.56,96.14,5,15.29,LNG,2056.05,5605.73,0.0,99.92,1049200.96
Container,95154.45,54205.51,21.77,6737.51,58.93,3,12.76,Ammonia,2029.69,0.0,0.0,37.75,943807.1
Tanker,153179.96,40217.62,13.77,5011.47,79.25,5,13.43,LNG,2310.54,6299.6,0.0,112.29,1179069.07
Tanker,189668.93,30339.95,16.01,10733.21,71.77,4,13.21,VLSFO,3159.24,9403.79,64.76,582.88,1554345.48
Bulk Carrier,49050.62,16367.94,12.05,3527.67,80.73,2,13.84,VLSFO,800.94,2384.07,16.42,147.77,394061.35
Tanker,115182.57,40187.94,12.42,7021.4,52.47,8,12.86,VLSFO,3512.55,10455.45,72.01,648.07,1728174.3
Bulk Carrier,70127.16,14991.68,11.92,10598.24,67.18,5,13.14,Hydrogen,2068.1,0.0,0.0,0.0,8685999.08
Container,86421.15,41695.36,17.53,5137.86,42.17,7,11.66,Methanol,1758.87,2362.6,0.0,28.0,525022.88
Container,75861.15,26354.26,18.99,10783.53,38.56,5,11.77,Ammonia,1673.26,0.0,0.0,31.12,778064.03
Bulk Carrier,36671.43,15593.43,15.58,7136.64,34.83,4,11.48,HFO,768.19,2390.2,61.76,154.41,262489.81
Tanker,109167.74,27557.61,13.6,11201.1,54.21,3,12.47,VLSFO,3108.26,9252.04,63.72,573.47,1529262.89
Bulk Carrier,76612.62,11834.54,11.82,6744.98,58.13,3,12.39,VLSFO,952.05,2833.86,19.52,175.65,468406.86
Tanker,112765.17,43049.0,16.55,1428.23,87.23,4,14.35,Ammonia,629.41,0.0,0.0,11.71,292676.77
Tanker,124711.81,28571.58,13.43,4981.42,57.09,5,12.6,Ammonia,1450.93,0.0,0.0,26.99,674683.32
Bulk Carrier,46511.77,10122.21,13.75,1469.87,89.25,8,13.95,HFO,274.41,853.82,22.06,55.16,93765.79
Container,88043.65,41296.72,22.37,10690.51,81.84,3,13.62,LNG,3032.35,8267.57,0.0,147.37,1547406.79
Container,50338.46,27987.39,22.62,7163.48,93.94,4,14.3,Methanol,2080.67,2794.86,0.0,33.12,621079.52
Tanker,178618.08,33605.9,13.95,5138.67,41.58,5,11.83,Hydrogen,1338.78,0.0,0.0,0.0,5622885.1
Container,109218.92,49548.63,15.96,4823.38,96.63,4,15.23,HFO,3241.82,10086.87,260.64,651.61,1107731.38
Bulk Carrier,39633.64,17611.71,13.81,3594.25,97.81,3,15.03,Hydrogen,796.96,0.0,0.0,0.0,3347237.16
Tanker,158563.07,38196.29,14.74,6793.19,89.57,2,14.8,HFO,3039.61,9457.69,244.38,610.96,1038635.56
Container,80993.86,22006.12,19.38,5152.29,56.6,4,12.5,Methanol,937.19,1258.88,0.0,14.92,279750.83
Tanker,120962.23,28103.42,12.63,6811.35,66.32,7,13.34,Hydrogen,2885.17,0.0,0.0,0.0,12117732.24
Tanker,143406.96,20540.62,13.71,6828.01,62.17,3,12.46,Hydrogen,1331.5,0.0,0.0,0.0,5592284.45
Tanker,139535.68,20730.54,13.2,7236.14,62.17,3,12.67,VLSFO,1549.2,4611.36,31.76,285.83,762208.66
Bulk Carrier,35708.71,15847.54,12.72,10879.51,45.31,4,12.35,Methanol,1800.2,2418.12,0.0,28.66,537360.34
Bulk Carrier,96770.45,19299.98,15.22,3473.62,99.86,4,14.98,LNG,800.56,2182.7,0.0,38.91,408527.05
Tanker,123373.29,15662.96,14.99,5200.5,32.8,2,11.76,LNG,400.85,1092.91,0.0,19.48,204554.81
Bulk Carrier,59795.98,16314.07,12.37,1499.51,96.14,3,15.21,Hydrogen,369.62,0.0,0.0,0.0,1552407.64
Bulk Carrier,81595.3,13572.55,13.08,5154.39,98.22,3,15.03,Hydrogen,980.27,0.0,0.0,0.0,4117130.27
Bulk Carrier,90884.53,17302.47,11.22,10943.25,55.06,4,12.69,VLSFO,2341.15,6968.67,47.99,431.94,1151846.51
Container,119567.52,26349.95,14.91,3637.05,37.53,3,11.79,LNG,613.23,1671.95,0.0,29.8,312931.75
Tanker,94423.13,21856.14,13.21,3610.02,37.09,3,12.42,Ammonia,528.53,0.0,0.0,9.83,245767.93
Container,81388.29,55904.7,21.98,7212.96,48.68,5,12.84,HFO,2440.86,7594.7,196.25,490.61,834043.33
Container,103631.57,45699.44,21.89,3456.57,93.79,3,14.96,VLSFO,1335.11,3974.1,27.37,246.33,656876.16
Bulk Carrier,32365.45,13224.55,13.83,4869.9,87.93,8,14.88,HFO,1127.1,3506.95,90.62,226.55,385130.02
Tanker,184236.98,19982.75,15.7,3667.39,88.42,4,14.72,HFO,888.6,2764.85,71.44,178.61,303633.46
Bulk Carrier,84640.35,20500.72,11.44,5053.41,43.83,1,12.59,VLSFO,931.54,2772.83,19.1,171.87,458318.48
Bulk Carrier,32089.79,14736.36,13.73,1529.96,71.73,4,14.14,Ammonia,238.8,0.0,0.0,4.44,111042.09
Container,73896.78,35394.64,18.73,1471.09,67.23,3,12.96,Methanol,483.29,649.18,0.0,7.69,144261.51
Bulk Carrier,34671.94,16516.24,11.61,1481.71,61.66,4,12.95,Ammonia,297.75,0.0,0.0,5.54,138452.95
Bulk Carrier,43259.56,11765.73,14.16,10870.39,49.21,4,12.11,Methanol,1289.13,1731.63,0.0,20.52,384805.9
Tanker,118990.62,44169.42,12.93,11213.55,57.48,4,13.34,HFO,5100.66,15870.62,410.09,1025.23,1742897.2
Container,90555.62,59048.68,20.56,7198.66,74.5,5,13.3,HFO,3646.7,11346.65,293.19,732.99,1246078.71
Bulk Carrier,73807.35,17355.05,11.69,10625.16,38.17,3,11.7,HFO,1595.45,4964.2,128.27,320.68,545163.87
Tanker,154453.44,19534.89,15.28,6673.27,64.14,2,12.76,VLSFO,1209.07,3598.91,24.79,223.07,594860.38
Container,135201.6,41311.95,16.22,10888.0,35.44,5,11.64,VLSFO,2901.46,8636.49,59.48,535.32,1427518.42
Tanker,138380.67,34668.57,13.36,11454.17,60.02,5,13.4,HFO,4300.42,13380.67,345.75,864.38,1469453.62
Tanker,143997.67,37270.18,14.15,10876.99,68.26,4,13.52,LNG,4262.76,11622.26,0.0,207.17,2175288.76
Container,105008.49,50013.24,20.29,5171.86,80.79,3,13.74,Hydrogen,2047.39,0.0,0.0,0.0,8599043.3
Tanker,153297.43,19399.65,13.39,1440.85,63.58,5,12.65,Ammonia,310.54,0.0,0.0,5.78,144399.53
Tanker,108443.32,37477.06,13.52,11233.7,43.48,3,12.32,Methanol,3827.12,5140.77,0.0,60.93,1142393.87
Container,112297.49,32012.21,19.93,3609.43,31.41,5,11.0,LNG,516.45,1408.09,0.0,25.1,263545.59
Tanker,86207.74,26155.68,14.73,5139.17,50.9,4,12.06,Hydrogen,1128.74,0.0,0.0,0.0,4740688.05
Container,129475.0,34492.08,20.13,4961.28,32.41,5,12.14,HFO,865.46,2692.85,69.58,173.96,295726.04
Bulk Carrier,41317.02,8234.97,11.52,6853.81,66.97,7,13.9,Hydrogen,852.5,0.0,0.0,0.0,3580495.83
Container,146817.74,54333.26,23.9,7186.5,92.57,4,14.16,VLSFO,3258.53,9699.34,66.8,601.2,1603196.18
Bulk Carrier,78725.78,22429.78,14.73,1450.7,96.74,5,15.34,Hydrogen,460.12,0.0,0.0,0.0,1932517.34
Bulk Carrier,88361.92,18391.93,15.79,3397.6,92.33,2,14.01,HFO,650.21,2023.12,52.28,130.69,222177.22
Bulk Carrier,72650.49,8195.03,12.86,1545.11,30.09,4,11.07,Methanol,102.58,137.79,0.0,1.63,30620.66
Tanker,172089.53,20780.4,13.68,4933.82,96.64,3,14.97,VLSFO,1386.12,4125.92,28.42,255.74,681969.56
Bulk Carrier,42072.46,8711.5,11.93,10481.52,80.58,4,14.64,VLSFO,1269.48,3778.72,26.02,234.22,624581.74
Bulk Carrier,89621.4,9747.55,14.74,3548.19,71.99,4,14.23,Methanol,432.41,580.84,0.0,6.88,129074.58
Tanker,135446.92,34187.31,16.36,4864.09,63.32,4,13.74,Hydrogen,1470.31,0.0,0.0,0.0,6175295.93
Bulk Carrier,31867.44,8399.17,11.43,1459.36,72.03,2,13.52,Ammonia,159.91,0.0,0.0,2.97,74356.09
Bulk Carrier,46314.18,20539.4,15.6,11378.17,52.24,5,13.17,Hydrogen,1872.63,0.0,0.0,0.0,7865027.13
Bulk Carrier,93347.16,24107.23,12.46,1548.65,96.31,5,15.05,Ammonia,599.74,0.0,0.0,11.16,278880.05
Container,58184.89,39110.33,17.26,10473.92,44.92,4,12.77,HFO,2817.5,8766.59,226.53,566.32,962739.47
Container,135726.91,51154.29,19.39,5043.99,69.73,6,13.04,HFO,2265.09,7047.77,182.11,455.28,773979.72
Tanker,126970.45,21331.61,15.1,1509.27,36.82,1,12.29,Hydrogen,178.39,0.0,0.0,0.0,749258.05
Tanker,171868.09,33511.96,13.94,10587.08,63.33,4,13.13,Methanol,4210.26,5655.43,0.0,67.03,1256762.56
Bulk Carrier,49224.13,8645.22,12.08,10816.32,60.47,4,13.27,LNG,978.28,2667.23,0.0,47.54,499214.9
Bulk Carrier,99850.45,24696.65,13.47,1542.76,46.69,2,12.62,Ammonia,313.22,0.0,0.0,5.83,145646.39
Tanker,180158.43,41569.58,15.25,11480.4,64.2,5,13.2,VLSFO,4806.19,14306.11,98.53,886.74,2364646.4
Container,68581.07,30364.78,18.54,7120.9,87.85,4,14.34,Hydrogen,2062.82,0.0,0.0,0.0,8663830.63
Container,63201.66,36882.64,19.99,6843.77,95.61,4,15.37,LNG,2345.53,6394.99,0.0,113.99,1196923.55
Tanker,131154.56,44809.9,13.32,1563.03,50.8,1,12.0,HFO,595.01,1851.35,47.84,119.6,203313.63
Bulk Carrier,68789.89,20860.04,14.04,6918.37,70.0,5,14.08,Methanol,1955.89,2627.25,0.0,31.14,583832.66
Tanker,157107.21,15131.85,14.25,7135.38,36.17,5,11.78,Methanol,913.53,1227.1,0.0,14.54,272688.56
Tanker,165218.03,44864.82,12.08,11351.87,76.08,3,14.1,Methanol,7369.38,9898.91,0.0,117.32,2199758.88
Container,72312.97,34478.76,17.24,6713.95,38.73,3,11.4,LNG,1296.58,3535.06,0.0,63.01,661642.65
Container,64235.91,40460.55,19.46,4947.69,39.79,4,12.04,LNG,1056.61,2880.8,0.0,51.35,539186.31
Container,50283.95,42415.31,15.27,4874.7,64.62,5,12.85,VLSFO,2372.78,7062.82,48.64,437.78,1167407.76
Tanker,110390.18,25021.17,12.43,3655.82,38.68,2,12.53,Methanol,731.58,982.7,0.0,11.65,218376.83
Container,110906.0,41759.54,21.1,1440.74,72.78,5,14.28,Hydrogen,465.87,0.0,0.0,0.0,1956655.47
Bulk Carrier,48987.77,9916.33,14.05,3490.07,76.42,2,13.34,Methanol,448.59,602.57,0.0,7.14,133904.69
Container,116327.05,23380.66,15.14,6952.01,93.31,3,14.9,Methanol,2279.15,3061.47,0.0,36.28,680327.51
Tanker,187202.29,36337.56,14.47,3409.36,92.21,2,14.32,Hydrogen,1383.38,0.0,0.0,0.0,5810201.3
Container,88127.4,41370.06,19.07,11231.27,33.86,4,11.64,LNG,2034.15,5546.02,0.0,98.86,1038025.21
Tanker,132255.52,22626.03,15.14,4984.16,58.65,3,12.76,Ammonia,906.15,0.0,0.0,16.85,421357.46
Tanker,80210.99,30785.14,15.81,5160.71,88.31,6,14.73,Ammonia,2046.78,0.0,0.0,38.07,951752.68
Bulk Carrier,45249.74,14270.68,12.65,3375.37,80.4,4,14.03,Ammonia,634.77,0.0,0.0,11.81,295169.62
Bulk Carrier,40338.48,24298.93,14.57,6961.54,67.38,7,13.91,LNG,1818.43,4957.87,0.0,88.38,927943.03
Tanker,183846.38,35034.18,16.0,6682.53,35.09,1,11.45,VLSFO,1193.97,3553.96,24.48,220.29,587430.87
Tanker,141375.65,25369.82,13.24,5192.49,87.85,4,13.93,VLSFO,1858.47,5531.92,38.1,342.89,914366.82
Tanker,81137.89,36684.29,16.6,4840.41,41.69,6,12.45,HFO,1415.91,4405.58,113.84,284.6,483817.3
Tanker,107638.47,44957.7,13.34,3651.21,90.76,4,14.74,Ammonia,2424.15,0.0,0.0,45.09,1127230.75
Container,133452.81,36438.15,20.68,1502.01,43.09,3,11.77,Ammonia,276.33,0.0,0.0,5.14,128493.17
Bulk Carrier,82111.86,14386.59,11.7,1462.46,62.34,5,12.53,LNG,261.26,712.3,0.0,12.7,133319.09
Container,137860.41,25342.77,18.23,1445.7,58.81,3,12.96,Hydrogen,250.63,0.0,0.0,0.0,1052664.56
Container,114873.37,29893.39,23.14,5161.22,75.36,5,14.39,Hydrogen,1138.0,0.0,0.0,0.0,4779593.21
Tanker,197001.03,19291.24,16.68,4834.17,75.06,1,14.28,VLSFO,828.06,2464.8,16.98,152.78,407404.72
Bulk Carrier,36196.84,16447.35,14.35,11484.51,76.95,4,13.82,VLSFO,2298.71,6842.35,47.12,424.11,1130966.6
Tanker,116674.85,25487.98,13.88,10669.3,40.49,5,11.55,LNG,2010.36,5481.16,0.0,97.7,1025885.55
Bulk Carrier,59729.26,9697.84,14.95,1457.31,79.2,5,14.33,Hydrogen,165.28,0.0,0.0,0.0,694157.2
Tanker,139555.89,15122.75,16.38,10761.42,38.52,4,12.44,Ammonia,933.11,0.0,0.0,17.36,433896.93
Tanker,141457.33,30159.66,16.55,10614.42,70.23,2,13.89,Methanol,3120.47,4191.58,0.0,49.68,931461.12
Tanker,144062.83,40675.04,13.92,4752.91,70.57,3,14.09,Methanol,2434.85,3270.61,0.0,38.76,726801.66
Bulk Carrier,77784.56,12973.22,15.93,5157.15,54.28,3,12.14,Ammonia,545.51,0.0,0.0,10.15,253660.58
Bulk Carrier,35073.76,20305.46,13.53,3603.06,63.28,4,12.66,LNG,694.35,1893.12,0.0,33.75,354326.61
Bulk Carrier,37586.28,13736.84,11.36,1490.14,42.73,4,12.62,HFO,207.48,645.55,16.68,41.7,70894.22
Tanker,126111.64,22245.16,16.26,11497.12,42.84,4,11.6,Methanol,1917.13,2575.18,0.0,30.52,572262.45
Container,148955.52,45879.81,15.35,5001.59,95.65,4,15.32,Hydrogen,2646.19,0.0,0.0,0.0,11114012.96
Container,81991.6,22681.72,14.29,3353.86,91.04,5,15.26,VLSFO,1030.03,3065.99,21.12,190.04,506774.77
Bulk Carrier,66492.81,23602.59,12.71,7222.93,60.64,4,12.78,Ammonia,1962.71,0.0,0.0,36.51,912662.1
Tanker,94622.59,18196.7,12.44,3544.28,52.19,6,12.37,Methanol,847.84,1138.86,0.0,13.5,253079.6
Container,60579.38,59295.98,23.12,7256.34,78.42,4,13.46,VLSFO,3268.7,9729.61,67.01,603.08,1608200.81
Bulk Carrier,71706.48,8997.42,13.18,4773.18,86.56,3,14.77,Methanol,609.68,818.95,0.0,9.71,181988.9
Container,97662.04,32996.29,17.63,5240.49,49.31,4,12.46,Methanol,1319.6,1772.56,0.0,21.01,393901.83
Bulk Carrier,56262.91,16935.77,12.38,10590.81,96.03,6,15.51,HFO,3204.11,9969.53,257.61,644.03,1094844.63
Tanker,196107.8,36768.65,17.0,3622.19,45.68,6,12.39,Hydrogen,979.01,0.0,0.0,0.0,4111832.52
Bulk Carrier,30502.0,12560.47,12.51,4931.73,41.95,5,12.61,LNG,502.04,1368.8,0.0,24.4,256192.47
Tanker,181347.94,28931.74,16.28,3396.71,47.59,5,12.08,LNG,706.3,1925.7,0.0,34.33,360424.21
Container,110694.9,35438.26,23.11,6758.7,53.65,4,13.11,VLSFO,1337.85,3982.25,27.43,246.83,658223.92
Container,97107.74,59017.74,20.58,3542.07,36.18,3,12.2,Methanol,1018.48,1368.07,0.0,16.21,304015.79
Container,52131.95,36896.64,21.09,3436.03,45.29,4,11.97,LNG,682.2,1859.99,0.0,33.15,348125.67
Container,92136.59,27764.36,19.0,10512.64,41.14,2,12.49,LNG,1349.29,3678.78,0.0,65.58,688542.59
Tanker,86296.56,39946.89,16.47,3610.36,93.07,3,14.79,Methanol,1920.72,2580.0,0.0,30.58,573333.93
Bulk Carrier,65893.34,23975.35,11.69,7179.06,80.74,3,14.34,HFO,2444.28,7605.34,196.52,491.3,835211.99
Tanker,92997.98,31515.39,16.35,4904.8,45.98,3,12.32,Methanol,1178.01,1582.37,0.0,18.75,351636.98
Container,149687.5,49913.29,17.61,10567.91,99.03,6,15.14,Methanol,8236.08,11063.11,0.0,131.12,2458468.85
Tanker,170676.69,33218.32,13.98,10549.52,41.68,4,12.0,LNG,2554.99,6966.06,0.0,124.17,1303808.91
Bulk Carrier,91862.57,23032.42,14.89,1470.31,87.52,4,14.52,Methanol,477.87,641.9,0.0,7.61,142644.21
Tanker,193762.06,21089.12,16.69,7341.25,50.11,1,11.96,HFO,1087.44,3383.56,87.43,218.58,371579.36
Tanker,195837.62,37640.33,15.23,7094.33,36.71,5,12.04,VLSFO,1866.93,5557.1,38.27,344.45,918528.35
Container,54646.12,59295.98,15.86,4864.1,52.41,4,12.27,Methanol,2651.31,3561.38,0.0,42.21,791417.02
Container,81661.39,37771.88,21.19,6682.14,59.61,3,12.73,LNG,1403.39,3826.27,0.0,68.2,716147.69
Container,121961.51,46981.59,19.89,10835.88,98.49,3,14.4,VLSFO,5055.0,15046.72,103.63,932.65,2487060.54
Tanker,175617.46,38448.19,15.65,10562.67,44.26,5,12.27,Hydrogen,3031.69,0.0,0.0,0.0,12733088.01
Tanker,171129.08,40383.58,13.72,3437.3,78.62,2,13.9,VLSFO,1653.69,4922.37,33.9,305.11,813615.01
Tanker,90769.83,23605.88,16.02,3648.49,43.7,2,12.54,Methanol,623.11,837.0,0.0,9.92,185999.22
Tanker,113996.92,34001.08,12.95,5156.84,46.5,2,12.31,Hydrogen,1530.26,0.0,0.0,0.0,6427072.48
Tanker,141767.04,42678.21,15.06,10637.47,97.26,1,14.84,VLSFO,5634.5,16771.66,115.51,1039.57,2772175.6
Container,112224.86,25352.9,23.47,7104.82,71.7,1,14.03,Methanol,1234.54,1658.3,0.0,19.65,368510.01
Bulk Carrier,86814.43,10997.65,11.85,3450.9,74.46,4,14.38,HFO,554.88,1726.49,44.61,111.53,189601.64
Tanker,115898.6,35691.8,12.66,5044.37,71.44,1,13.92,VLSFO,2069.76,6160.85,42.43,381.87,1018321.59
Bulk Carrier,45254.82,16903.41,15.77,7242.31,74.92,2,13.51,VLSFO,1143.5,3403.75,23.44,210.98,562603.81
Tanker,149601.25,20462.73,13.32,3515.78,82.62,3,13.63,Methanol,1037.5,1393.62,0.0,16.52,309692.54
Bulk Carrier,40796.72,11853.63,12.51,1479.34,90.74,7,15.17,Methanol,374.02,502.4,0.0,5.95,111643.64
Container,126958.42,47948.37,18.23,4794.19,62.03,5,13.42,LNG,1630.76,4446.19,0.0,79.25,832174.83
Bulk Carrier,31024.89,11210.93,13.99,3364.1,78.43,8,14.52,Ammonia,527.14,0.0,0.0,9.8,245121.77
Bulk Carrier,53374.87,10036.6,13.04,3572.09,30.82,5,11.44,LNG,237.0,646.18,0.0,11.52,120942.94
Bulk Carrier,82158.88,15447.95,15.62,6875.51,42.8,5,12.39,Methanol,860.41,1155.74,0.0,13.7,256831.56
Tanker,156493.24,31417.56,16.14,3554.17,60.78,2,13.46,Ammonia,806.47,0.0,0.0,15.0,375008.55
Container,103862.74,53723.95,21.77,6866.83,77.46,5,13.43,LNG,2885.9,7868.3,0.0,140.25,1472676.92
Tanker,137272.45,42276.19,12.65,6680.22,83.43,2,14.48,HFO,3847.29,11970.77,309.32,773.31,1314619.06
Tanker,117404.69,15863.17,13.44,3499.25,67.99,5,13.14,HFO,687.46,2139.02,55.27,138.18,234904.93
Bulk Carrier,84325.4,19078.11,13.56,4811.12,86.95,3,14.35,Methanol,1281.33,1721.14,0.0,20.4,382476.09
Container,143702.64,20003.9,21.38,10944.35,36.43,4,12.22,Ammonia,1037.62,0.0,0.0,19.3,482491.7
Bulk Carrier,56987.63,13572.0,13.38,1478.06,38.1,3,11.43,Ammonia,151.6,0.0,0.0,2.82,70492.53
Tanker,175226.92,25556.69,14.09,1468.52,53.77,2,13.26,Ammonia,326.7,0.0,0.0,6.08,151915.56
Container,146610.13,53877.98,22.19,1428.78,85.35,2,14.58,Hydrogen,533.97,0.0,0.0,0.0,2242668.25
Bulk Carrier,88502.01,8012.36,12.34,4870.51,93.42,2,15.0,Methanol,657.84,883.65,0.0,10.47,196365.97
Bulk Carrier,64613.64,8345.2,12.83,3621.11,32.87,3,12.22,VLSFO,224.56,668.43,4.6,41.43,110483.88
Tanker,116549.75,19033.51,15.44,1482.93,69.55,4,13.84,Ammonia,287.47,0.0,0.0,5.35,133672.93
Container,80952.49,35981.57,23.46,3649.53,64.94,5,13.14,VLSFO,883.91,2631.04,18.12,163.08,434883.02
Tanker,95494.25,33621.8,13.89,6743.0,49.09,3,12.74,LNG,1758.03,4793.2,0.0,85.44,897123.08
Tanker,195699.81,34956.37,12.74,3523.09,32.26,2,11.89,Hydrogen,769.04,0.0,0.0,0.0,3229947.35
Container,63172.27,29276.43,20.93,1430.1,44.68,3,12.57,Hydrogen,218.96,0.0,0.0,0.0,919620.94
Container,116213.56,46552.08,17.73,1560.04,42.51,3,12.22,VLSFO,452.74,1347.63,9.28,83.53,222749.5
Container,76709.31,28431.03,17.73,7157.46,61.09,4,12.43,Ammonia,1538.77,0.0,0.0,28.62,715529.39
Container,116151.49,58156.74,18.8,4800.03,83.19,3,14.02,Ammonia,2392.46,0.0,0.0,44.5,1112496.06
Container,106027.94,56525.12,18.11,5114.43,86.76,4,14.12,VLSFO,2982.28,8877.07,61.14,550.23,1467284.06
Container,141593.11,39859.69,20.62,5152.72,68.81,4,13.96,Hydrogen,1453.4,0.0,0.0,0.0,6104269.88
Container,90454.95,59953.5,23.76,4897.93,77.54,3,13.3,Methanol,2335.64,3137.34,0.0,37.18,697187.68
Tanker,148829.16,16222.76,13.28,4986.93,40.88,5,12.47,HFO,709.36,2207.15,57.03,142.58,242387.33
Bulk Carrier,78878.91,13136.22,12.52,11430.92,94.43,2,14.8,Hydrogen,2168.31,0.0,0.0,0.0,9106893.68
Tanker,187903.69,44834.88,14.34,7211.97,92.98,4,14.48,Ammonia,4418.5,0.0,0.0,82.18,2054604.22
Bulk Carrier,41608.74,23067.43,12.17,3667.36,48.72,5,12.64,Methanol,1041.84,1399.45,0.0,16.59,310989.13
Tanker,124365.56,37583.22,13.97,11537.94,90.78,3,14.03,LNG,4897.53,13352.91,0.0,238.02,2499207.1
Container,88676.51,43748.59,21.33,4971.67,88.84,3,14.98,VLSFO,1795.15,5343.46,36.8,331.21,883215.87
Tanker,137391.13,18477.25,13.22,10654.7,62.61,3,13.52,Hydrogen,1884.54,0.0,0.0,0.0,7915061.39
Bulk Carrier,46677.58,19860.84,15.1,11018.24,88.93,1,14.9,Hydrogen,2299.05,0.0,0.0,0.0,9655997.89
Container,103598.18,50229.09,15.54,4790.99,56.14,4,12.65,VLSFO,2195.69,6535.7,45.01,405.11,1080280.47
Tanker,154247.32,40209.9,14.62,3408.26,86.2,6,14.59,HFO,1998.1,6217.03,160.65,401.62,682749.24
Bulk Carrier,92474.57,11781.15,12.95,10609.73,44.57,4,12.23,VLSFO,1137.65,3386.32,23.32,209.9,559722.02
Container,137363.74,52563.76,19.53,7298.52,40.37,5,12.13,VLSFO,2346.38,6984.23,48.1,432.91,1154417.4
Tanker,154491.92,41969.39,12.33,3572.01,77.2,5,13.63,LNG,1950.1,5316.86,0.0,94.77,995133.95
Bulk Carrier,95715.66,8521.5,13.59,1518.96,67.47,2,13.25,VLSFO,138.92,413.51,2.85,25.63,68349.3
Bulk Carrier,92505.98,15609.16,15.67,6800.9,81.86,2,14.58,HFO,1130.19,3516.57,90.87,227.17,386187.03
Tanker,102371.73,39806.9,13.19,6737.12,61.4,5,13.23,Ammonia,3182.14,0.0,0.0,59.19,1479693.13
Container,118730.14,50461.43,17.14,1488.81,33.58,4,11.25,Methanol,441.58,593.16,0.0,7.03,131812.68
Tanker,116573.07,26516.55,15.77,3512.68,72.18,3,13.08,HFO,970.75,3020.46,78.05,195.12,331704.41
Container,140525.36,25978.54,19.66,3605.22,81.8,4,14.61,VLSFO,864.73,2573.96,17.73,159.54,425448.67
Bulk Carrier,44080.53,18471.72,11.59,11322.42,76.36,3,13.9,HFO,2821.89,8780.26,226.88,567.2,964240.08
Container,69560.22,37402.39,19.61,11227.71,57.21,4,13.24,Methanol,3472.82,4664.87,0.0,55.29,1036637.22
Container,125175.61,28253.02,18.6,7270.16,33.71,5,11.85,LNG,994.01,2710.13,0.0,48.31,507244.09
Container,101408.94,51130.02,20.54,10844.89,63.99,8,13.74,Hydrogen,5082.36,0.0,0.0,0.0,21345925.42
Container,105240.71,40205.54,20.27,10750.49,89.7,3,15.18,Ammonia,3522.19,0.0,0.0,65.51,1637820.29
Bulk Carrier,81197.5,9707.87,12.79,7172.18,98.41,4,15.17,HFO,1174.84,3655.49,94.46,236.14,401442.83
Container,120610.02,31477.12,15.37,10995.23,71.37,3,13.15,HFO,3613.48,11243.28,290.52,726.31,1234727.51
Bulk Carrier,76716.9,12649.36,11.83,4787.69,96.74,4,14.83,Ammonia,1003.03,0.0,0.0,18.66,466410.69
Tanker,122859.12,15531.57,16.55,11480.4,61.27,5,12.99,Hydrogen,1591.53,0.0,0.0,0.0,6684433.46
Bulk Carrier,70107.05,8039.49,12.72,6798.84,72.35,5,13.22,LNG,682.54,1860.92,0.0,33.17,348301.38
Bulk Carrier,61851.96,13786.11,15.55,6716.95,79.44,5,13.69,VLSFO,1097.54,3266.92,22.5,202.5,539987.26
Container,61929.68,28907.21,22.55,4953.31,57.33,4,12.26,HFO,874.98,2722.49,70.35,175.87,298981.1
Container,107900.41,53292.22,14.37,3594.38,48.06,2,12.63,Methanol,1747.95,2347.93,0.0,27.83,521761.76
Container,94264.51,35379.23,19.19,3508.78,95.16,4,14.44,LNG,1239.88,3380.48,0.0,60.26,632710.73
Tanker,193203.33,38502.21,13.81,10782.42,72.33,5,13.02,Methanol,5618.8,7547.45,0.0,89.45,1677211.92
Container,52856.17,34187.95,18.92,4824.27,80.89,5,13.62,Methanol,1770.99,2378.88,0.0,28.19,528640.67
Tanker,142352.2,15298.31,16.37,3523.99,88.01,4,14.62,LNG,588.78,1605.28,0.0,28.61,300453.3
Bulk Carrier,93470.31,15012.52,12.59,1515.98,55.56,4,13.4,LNG,221.77,604.64,0.0,10.78,113167.95
Bulk Carrier,30661.87,22124.29,11.77,7068.33,52.87,8,12.5,VLSFO,2294.93,6831.1,47.05,423.42,1129108.01
Container,129181.64,42129.71,20.04,10857.47,37.2,2,12.2,Ammonia,2006.43,0.0,0.0,37.32,932991.62
Tanker,88584.68,27473.33,13.49,11396.23,98.87,4,15.18,LNG,4211.55,11482.63,0.0,204.68,2149154.9
Tanker,91318.15,17162.13,13.21,3645.06,61.24,4,12.92,LNG,641.99,1750.35,0.0,31.2,327606.52
Bulk Carrier,86418.98,12423.59,12.88,4989.22,52.74,7,13.03,VLSFO,811.61,2415.84,16.64,149.74,399312.73
Bulk Carrier,80097.43,22458.07,11.44,3454.74,57.64,5,12.43,VLSFO,960.88,2860.15,19.7,177.28,472752.24
Container,102922.39,57448.61,19.33,6697.88,89.36,3,15.07,Hydrogen,3237.1,0.0,0.0,0.0,13595807.75
Tanker,95979.32,31678.4,12.79,3378.34,37.01,3,11.6,VLSFO,807.72,2404.25,16.56,149.02,397397.36
Bulk Carrier,35341.98,11101.75,15.16,4837.5,92.9,4,15.12,HFO,692.3,2154.07,55.66,139.15,236557.54
Bulk Carrier,47272.81,22298.74,12.59,10641.8,39.94,3,11.89,Hydrogen,1954.05,0.0,0.0,0.0,8207003.75
Bulk Carrier,76831.74,17723.64,15.81,5093.12,86.59,3,13.81,Hydrogen,942.55,0.0,0.0,0.0,3958713.74
Tanker,83359.77,17429.52,12.15,1532.77,40.4,3,11.92,HFO,237.43,738.76,19.09,47.72,81129.81
Bulk Carrier,92303.4,13509.19,12.17,5042.05,48.61,4,12.19,Ammonia,653.16,0.0,0.0,12.15,303717.44
Container,129900.65,37267.51,17.88,6916.33,35.28,1,12.3,LNG,1167.79,3183.92,0.0,56.75,595921.13
Container,135606.77,20369.97,18.78,1518.34,90.38,5,13.8,VLSFO,346.81,1032.32,7.11,63.99,170632.23
Tanker,176719.69,44848.1,16.57,4830.25,90.51,1,14.96,VLSFO,2360.52,7026.32,48.39,435.52,1161375.42
Bulk Carrier,35465.18,11756.22,14.83,10845.2,42.42,4,12.72,Ammonia,961.86,0.0,0.0,17.89,447265.33
Bulk Carrier,81259.31,17865.31,13.72,10902.51,86.87,3,13.75,LNG,2404.58,6555.99,0.0,116.86,1227057.22
Bulk Carrier,89969.63,15794.28,11.01,6850.88,60.39,4,12.7,VLSFO,1531.29,4558.04,31.39,282.52,753394.79
Container,96579.09,26441.82,15.99,4987.92,46.12,8,12.48,HFO,1252.18,3896.14,100.68,251.69,427870.14
Container,124796.29,28814.11,15.36,11292.76,42.22,6,12.31,VLSFO,2894.98,8617.19,59.35,534.12,1424328.13
Bulk Carrier,40490.94,23889.69,12.32,6963.24,50.62,1,12.6,Hydrogen,1464.7,0.0,0.0,0.0,6151734.63
Container,63473.75,40912.15,18.56,3664.72,44.46,7,12.31,Ammonia,1014.4,0.0,0.0,18.87,471695.24
Container,62452.76,20221.18,17.63,3340.96,47.56,5,11.79,Hydrogen,502.42,0.0,0.0,0.0,2110171.9
Container,56358.65,46582.91,15.93,6741.8,48.1,4,12.07,HFO,2325.9,7236.98,187.0,467.51,794759.09
Container,105934.88,25023.08,18.67,3512.41,66.56,3,12.77,LNG,587.59,1602.05,0.0,28.56,299848.91
Tanker,84133.04,36360.01,12.2,3558.7,57.48,5,13.0,LNG,1420.02,3871.63,0.0,69.01,724636.52
Bulk Carrier,30231.68,11953.81,13.35,1560.63,50.27,5,12.59,Hydrogen,176.44,0.0,0.0,0.0,741034.35
Container,129759.76,41429.53,16.74,4783.6,98.37,3,15.37,HFO,2249.1,6998.03,180.83,452.07,768517.69
Container,90475.13,28646.57,15.12,5160.17,37.03,7,11.43,Hydrogen,1169.31,0.0,0.0,0.0,4911106.34
Tanker,192474.97,23320.89,15.82,7303.61,35.04,2,11.53,Methanol,1116.75,1500.07,0.0,17.78,333349.11
Tanker,147953.76,30843.75,12.17,3524.98,33.28,3,11.2,VLSFO,811.84,2416.51,16.64,149.78,399423.19
Tanker,112972.65,40541.88,14.4,1463.67,73.4,3,13.65,HFO,694.91,2162.19,55.87,139.68,237450.3
Container,66994.59,32653.63,18.37,1482.54,88.34,5,14.73,VLSFO,517.01,1538.94,10.6,95.39,254370.46
Container,70648.52,56087.56,17.32,7258.26,64.4,3,13.22,Ammonia,3168.4,0.0,0.0,58.93,1473305.75
Bulk Carrier,75535.77,14446.6,11.85,1465.68,45.69,5,11.84,Methanol,240.49,323.04,0.0,3.83,71787.45
Bulk Carrier,48394.82,14929.77,12.43,3346.22,37.49,5,11.35,HFO,443.48,1379.87,35.66,89.14,151535.83
Tanker,180890.46,20818.34,12.09,5146.13,40.36,4,12.41,Ammonia,964.65,0.0,0.0,17.94,448562.73
Bulk Carrier,82883.97,10393.42,13.98,5022.75,64.32,1,13.42,Ammonia,459.29,0.0,0.0,8.54,213569.6
Tanker,99228.6,37317.55,15.64,6828.14,77.54,5,13.49,Methanol,3323.92,4464.86,0.0,52.92,992190.97
Tanker,104011.04,36001.32,14.76,11129.7,97.26,5,14.57,Ammonia,5383.91,0.0,0.0,100.14,2503519.71
Container,141237.73,38037.95,19.08,11253.86,31.08,4,11.64,Methanol,2483.65,3336.16,0.0,39.54,741368.7
Tanker,112250.14,36326.81,13.65,6848.24,43.06,3,11.99,Hydrogen,2014.62,0.0,0.0,0.0,8461405.78
Tanker,122888.25,25694.89,14.15,3509.12,88.52,3,14.11,VLSFO,1093.67,3255.41,22.42,201.78,538084.71
Bulk Carrier,66703.1,12378.21,13.82,4827.48,52.17,3,13.23,HFO,537.61,1672.75,43.22,108.06,183700.16
Bulk Carrier,48493.65,10554.86,13.03,3374.51,33.86,5,11.59,Hydrogen,258.98,0.0,0.0,0.0,1087720.42
Container,124516.57,26634.7,20.5,4789.43,79.46,3,13.88,HFO,993.49,3091.22,79.88,199.69,339474.53
Container,61879.34,34198.63,22.54,5114.24,71.37,3,13.73,Hydrogen,1139.57,0.0,0.0,0.0,4786189.32
Container,139261.92,29253.8,23.31,11457.58,80.46,4,14.52,Hydrogen,2544.36,0.0,0.0,0.0,10686293.26
Bulk Carrier,82601.19,23092.36,12.94,6664.01,93.04,4,14.75,VLSFO,2337.28,6957.16,47.91,431.23,1149943.43
Tanker,168615.06,37197.03,13.13,11285.85,55.04,2,12.79,LNG,3817.31,10407.74,0.0,185.52,1947973.42
Container,62275.48,48667.17,17.91,1532.57,64.65,4,13.69,Methanol,753.14,1011.65,0.0,11.99,224811.67
Tanker,94844.64,27349.85,16.02,11155.86,69.09,4,14.11,LNG,2586.41,7051.73,0.0,125.7,1319843.35
Container,131310.0,41145.47,22.33,10597.95,60.15,4,12.96,VLSFO,2840.06,8453.73,58.22,523.99,1397310.85
Tanker,165812.97,30111.83,12.44,11501.97,53.94,2,12.88,Methanol,3869.79,5198.09,0.0,61.61,1155131.0
Tanker,117253.95,18753.21,13.58,6992.55,67.92,3,13.64,VLSFO,1380.01,4107.72,28.29,254.61,678962.64
Bulk Carrier,93730.11,10869.0,13.54,1536.94,91.16,4,13.88,Methanol,254.52,341.88,0.0,4.05,75974.0
Container,111392.02,39932.14,14.83,7259.62,96.3,3,14.49,Ammonia,3534.7,0.0,0.0,65.75,1643637.34
Container,54745.88,51276.97,23.59,5132.87,71.32,3,13.02,VLSFO,1798.47,5353.33,36.87,331.82,884847.56
Container,85255.94,44754.7,14.68,5249.56,67.87,3,13.64,HFO,2336.09,7268.71,187.82,469.55,798243.48
Bulk Carrier,92913.24,17432.99,13.48,5093.48,53.93,4,13.08,Hydrogen,918.61,0.0,0.0,0.0,3858149.83
Container,53300.37,21387.91,18.85,5193.68,97.98,5,15.09,LNG,1182.66,3224.49,0.0,57.48,603513.72
Bulk Carrier,57994.98,12279.27,11.27,10968.49,96.59,5,15.05,Ammonia,2502.51,0.0,0.0,46.55,1163668.83
Container,78003.25,47441.68,19.18,3430.77,73.86,5,14.23,Hydrogen,1418.21,0.0,0.0,0.0,5956469.15
Bulk Carrier,62293.56,22297.05,14.45,7200.44,66.03,2,13.36,VLSFO,1566.41,4662.59,32.11,289.0,770676.09
Container,100317.6,28074.39,14.11,7169.39,44.17,3,11.92,HFO,1616.09,5028.44,129.93,324.83,552218.65
Bulk Carrier,46429.54,19435.08,15.47,1466.86,86.16,1,13.86,HFO,314.58,978.81,25.29,63.23,107492.0
Bulk Carrier,70160.21,11264.85,15.64,3554.2,55.59,4,13.27,Hydrogen,332.92,0.0,0.0,0.0,1398274.01
Bulk Carrier,34052.49,12774.99,13.58,1551.87,94.06,4,14.86,Ammonia,285.53,0.0,0.0,5.31,132772.84
Container,73830.85,57732.26,14.31,3509.38,51.14,3,12.61,Hydrogen,1732.97,0.0,0.0,0.0,7278462.78
Container,143260.28,23208.88,19.87,6841.62,52.68,3,12.01,HFO,1013.99,3155.02,81.53,203.81,346482.06
Bulk Carrier,61343.1,15451.51,12.85,4858.95,40.28,3,11.46,VLSFO,607.16,1807.28,12.45,112.02,298724.55
Container,122552.79,34665.72,17.94,1558.43,77.0,4,14.41,HFO,531.53,1653.84,42.73,106.84,181623.2
Tanker,198510.85,43110.85,14.67,11247.53,66.53,3,13.8,Hydrogen,4232.91,0.0,0.0,0.0,17778240.58
Tanker,95018.81,39582.56,14.06,5030.86,68.4,4,13.81,VLSFO,2146.98,6390.69,44.01,396.12,1056311.85
Tanker,194102.08,29319.32,16.6,7088.17,94.07,4,14.56,HFO,2306.26,7175.87,185.42,463.56,788047.62
Tanker,103653.17,23595.78,16.59,6788.81,60.31,3,13.43,Ammonia,1223.47,0.0,0.0,22.76,568913.84
Container,142157.47,30047.98,23.15,6679.45,48.77,3,12.45,VLSFO,1122.53,3341.33,23.01,207.11,552286.31
Container,58862.58,54966.02,17.15,7278.94,44.14,2,12.03,LNG,2185.43,5958.49,0.0,106.21,1115224.7
Tanker,104186.09,29250.74,13.53,3450.34,65.75,3,13.87,HFO,1142.32,3554.3,91.84,229.61,390330.23
Bulk Carrier,64862.98,14746.13,14.97,7070.36,47.52,4,11.77,HFO,891.14,2772.75,71.65,179.12,304501.41
Bulk Carrier,54584.95,9346.99,12.02,4830.48,36.89,5,11.5,VLSFO,413.39,1230.48,8.47,76.27,203385.43
Tanker,170754.15,26375.42,15.83,7001.41,86.6,2,13.7,Hydrogen,1835.12,0.0,0.0,0.0,7707506.8
Bulk Carrier,84822.34,23002.5,14.37,3335.57,86.56,5,14.88,Hydrogen,1001.57,0.0,0.0,0.0,4206602.31
Bulk Carrier,88020.74,22292.08,11.08,5107.46,84.77,3,14.75,LNG,1680.73,4582.45,0.0,81.68,857678.73
Tanker,82722.9,43484.43,13.84,1514.53,34.2,7,11.41,HFO,565.39,1759.21,45.46,113.64,193194.85
Tanker,161087.1,15803.7,12.49,3441.4,56.96,4,12.41,VLSFO,667.31,1986.31,13.68,123.12,328316.11
Bulk Carrier,76532.59,13907.87,12.81,3326.23,73.7,2,13.71,Ammonia,515.6,0.0,0.0,9.59,239754.91
Tanker,156455.28,31159.48,16.87,7074.46,38.63,3,12.01,LNG,1235.02,3367.23,0.0,60.02,630229.91
Container,100936.99,48150.47,18.18,11126.63,64.99,4,13.81,VLSFO,4483.12,13344.45,91.9,827.14,2205693.78
Bulk Carrier,81058.43,20415.04,14.82,5198.8,97.95,3,15.39,LNG,1255.42,3422.86,0.0,61.01,640641.64
Container,94265.15,29103.26,21.92,3658.0,66.05,2,13.71,LNG,611.74,1667.88,0.0,29.73,312170.13
Tanker,119343.49,44508.77,16.55,6981.72,48.52,4,12.33,Hydrogen,2214.46,0.0,0.0,0.0,9300723.24
Bulk Carrier,52504.33,16807.76,11.34,11518.75,54.54,4,12.87,LNG,2163.14,5897.72,0.0,105.13,1103850.55
Bulk Carrier,53634.7,19987.16,12.15,7229.52,89.94,3,14.74,LNG,1892.91,5160.93,0.0,92.0,965949.58
Tanker,120838.01,24988.7,12.69,5010.33,81.58,4,14.63,Ammonia,1639.79,0.0,0.0,30.5,762502.94
Tanker,182640.6,29325.85,16.12,1475.92,69.31,1,13.58,LNG,309.73,844.48,0.0,15.05,158057.16
Tanker,140821.49,17326.65,16.18,5018.69,81.88,5,13.62,VLSFO,1101.42,3278.47,22.58,203.21,541896.51
Bulk Carrier,85757.54,11071.84,15.53,11129.66,32.83,5,11.73,VLSFO,789.52,2350.09,16.19,145.67,388444.49
Bulk Carrier,61319.75,12839.24,12.96,4918.58,80.16,4,13.45,LNG,782.26,2132.81,0.0,38.02,399188.85
Tanker,112640.86,35486.66,15.82,5133.04,79.45,3,13.5,Methanol,2282.57,3066.06,0.0,36.34,681347.53
Bulk Carrier,53960.67,12008.65,11.9,4866.61,81.68,2,14.41,Ammonia,774.17,0.0,0.0,14.4,359990.95
Bulk Carrier,67629.84,13063.67,12.8,10641.2,75.08,7,13.11,Ammonia,1953.42,0.0,0.0,36.33,908340.29
Tanker,149803.65,26530.24,13.21,3652.42,55.79,4,13.04,Ammonia,1017.74,0.0,0.0,18.93,473251.39
Container,87245.88,29422.58,19.37,1496.29,46.44,4,12.74,LNG,236.57,644.99,0.0,11.5,120720.89
Tanker,86333.73,34170.92,16.32,1564.57,52.06,5,12.35,Hydrogen,422.8,0.0,0.0,0.0,1775760.73
Tanker,153745.15,28085.33,15.98,5111.99,96.77,3,15.11,VLSFO,1733.25,5159.2,35.53,319.79,852760.69
Container,89401.27,34913.52,16.94,1473.29,68.76,3,13.42,HFO,502.25,1562.74,40.38,100.95,171619.07
Container,93956.51,53171.45,15.74,4856.6,87.98,5,14.49,HFO,3518.73,10948.47,282.91,707.27,1202351.17
Container,103438.32,24237.88,22.65,3484.39,95.04,3,14.83,Hydrogen,701.91,0.0,0.0,0.0,2948018.48
Tanker,87033.2,19863.72,13.07,10521.35,66.32,4,13.13,LNG,2246.07,6123.82,0.0,109.16,1146169.87
Bulk Carrier,37577.08,14592.91,11.35,1521.72,32.9,6,11.25,Hydrogen,200.28,0.0,0.0,0.0,841160.45
Container,64050.98,29543.78,17.58,1487.3,99.4,4,15.71,VLSFO,561.7,1671.95,11.51,103.63,276356.08
Bulk Carrier,52523.68,15680.85,12.73,3482.82,64.04,5,13.06,HFO,727.18,2262.6,58.47,146.16,248476.43
Bulk Carrier,97658.72,13279.12,15.96,4965.57,33.37,3,12.07,Hydrogen,355.27,0.0,0.0,0.0,1492116.05
Bulk Carrier,63676.44,13782.43,15.3,10885.87,68.48,5,13.3,HFO,1671.81,5201.81,134.41,336.03,571258.54
Tanker,116616.38,19014.39,14.5,11284.44,31.8,3,11.76,HFO,1291.2,4017.55,103.81,259.53,441204.05
Container,103407.92,54881.92,17.77,3610.55,83.13,5,14.01,Ammonia,2009.19,0.0,0.0,37.37,934272.29
Bulk Carrier,42976.5,18106.4,12.69,7171.49,81.53,3,14.66,HFO,1890.54,5882.39,152.0,380.0,645998.37
Bulk Carrier,74580.11,12107.62,15.48,11052.93,53.95,4,12.55,HFO,1169.99,3640.41,94.07,235.17,399786.93
Tanker,97479.99,31024.73,16.04,11283.79,87.94,2,14.08,Ammonia,3666.64,0.0,0.0,68.2,1704985.65
Bulk Carrier,39077.67,21538.02,14.7,3636.49,37.14,5,11.58,HFO,590.56,1837.52,47.48,118.7,201795.05
Bulk Carrier,62213.64,14552.12,14.62,3516.15,48.75,4,11.92,VLSFO,459.78,1368.58,9.43,84.83,226212.18
Bulk Carrier,76971.35,21540.6,11.22,4873.45,39.95,4,11.8,Hydrogen,928.77,0.0,0.0,0.0,3900829.26
Bulk Carrier,53341.75,17142.64,15.58,6843.25,81.61,3,14.4,HFO,1356.85,4221.8,109.09,272.73,463634.84
Container,83716.74,22692.47,21.01,3480.66,75.99,4,13.96,HFO,639.28,1989.11,51.4,128.5,218442.22
Tanker,149509.22,36741.45,13.44,11471.64,52.66,3,13.25,VLSFO,3721.89,11078.56,76.3,686.69,1831167.6
Bulk Carrier,96422.59,10692.33,11.16,11171.86,53.72,5,12.22,Methanol,1666.8,2238.93,0.0,26.54,497540.41
Tanker,134370.83,41666.72,15.05,3583.23,82.4,7,13.49,HFO,2093.23,6513.05,168.3,420.74,715257.79
Tanker,124000.05,28489.45,15.01,10988.71,70.28,3,13.83,Methanol,3635.6,4883.52,0.0,57.88,1085225.99
Bulk Carrier,46202.92,12472.86,12.63,6905.51,80.82,5,13.42,Ammonia,1141.47,0.0,0.0,21.23,530785.23
Container,62534.3,42041.11,16.4,3574.77,61.3,4,13.35,Hydrogen,1278.32,0.0,0.0,0.0,5368934.81
Container,144732.2,46090.02,19.22,5240.88,44.31,2,11.69,Ammonia,1242.24,0.0,0.0,23.11,577642.5
Bulk Carrier,87549.67,9128.99,11.29,1445.89,79.71,6,14.13,VLSFO,222.58,662.52,4.56,41.07,109507.9
Tanker,147033.32,32824.47,13.43,1453.2,69.1,5,14.04,HFO,590.52,1837.38,47.48,118.69,201779.02
Bulk Carrier,78467.96,12195.91,13.88,10859.66,97.64,2,14.53,Methanol,2106.9,2830.1,0.0,33.54,628910.59
Bulk Carrier,99800.56,8346.84,15.59,3429.37,37.97,3,11.58,HFO,185.88,578.35,14.94,37.36,63514.38
Bulk Carrier,92514.69,19858.44,14.68,3402.23,43.21,3,12.05,Hydrogen,478.25,0.0,0.0,0.0,2008643.71
Container,120561.7,44900.93,19.17,6674.58,85.68,5,14.25,LNG,2680.19,7307.42,0.0,130.26,1367698.58
Container,132358.53,57670.78,21.2,1521.22,93.37,3,14.3,Hydrogen,731.45,0.0,0.0,0.0,3072105.31
Bulk Carrier,30519.65,16843.31,14.15,11359.8,63.69,3,13.54,Hydrogen,1846.07,0.0,0.0,0.0,7753482.43
Container,141514.33,38664.95,22.64,3356.67,61.54,5,12.95,VLSFO,890.46,2650.56,18.25,164.29,438108.41
Bulk Carrier,98763.9,19146.23,13.29,3454.83,86.29,3,14.54,VLSFO,916.68,2728.6,18.79,169.13,451008.28
Tanker,193489.47,43712.11,15.31,3333.7,78.6,3,14.19,Hydrogen,1519.39,0.0,0.0,0.0,6381438.42
Container,63472.15,29631.22,22.73,4857.58,69.48,5,13.62,Hydrogen,1020.37,0.0,0.0,0.0,4285561.58
Tanker,125262.93,15289.82,14.63,11042.73,84.05,2,14.1,Methanol,2096.57,2816.22,0.0,33.38,625825.97
Tanker,163018.3,25590.57,14.33,11146.4,69.54,2,13.57,Hydrogen,2809.27,0.0,0.0,0.0,11798943.7
Bulk Carrier,35767.12,14680.4,11.06,4858.62,67.01,1,12.82,VLSFO,894.86,2663.63,18.34,165.1,440268.7
Bulk Carrier,88330.82,12947.27,12.5,1526.83,92.42,5,14.29,Hydrogen,315.95,0.0,0.0,0.0,1327006.42
Container,133391.13,23885.74,21.31,7308.36,97.83,4,14.52,VLSFO,1629.12,4849.23,33.4,300.57,801526.19
Tanker,112924.3,38448.74,13.19,7314.43,43.27,4,12.56,LNG,2127.84,5801.47,0.0,103.41,1085836.75
Bulk Carrier,87883.27,8469.74,11.01,4832.81,34.4,4,12.24,LNG,336.19,916.62,0.0,16.34,171559.88
Bulk Carrier,47624.75,21601.72,12.81,1510.66,66.08,5,13.77,Ammonia,401.89,0.0,0.0,7.48,186880.18
Bulk Carrier,99774.77,18832.71,11.67,4867.99,63.53,4,13.67,Hydrogen,1122.5,0.0,0.0,0.0,4714485.66
Tanker,177419.29,37210.96,14.58,10702.04,98.29,3,14.72,Methanol,6020.35,8086.84,0.0,95.84,1797075.57
Container,130448.03,50657.71,22.44,10781.02,45.58,4,11.81,HFO,2889.35,8990.17,232.3,580.76,987292.22
Bulk Carrier,81727.08,21540.33,15.38,3414.39,46.84,4,12.62,Methanol,682.01,916.11,0.0,10.86,203580.19
Container,131119.66,56690.35,23.41,5145.21,30.31,4,12.07,Ammonia,1021.65,0.0,0.0,19.0,475066.03
Tanker,169765.33,44907.32,12.3,10791.02,47.76,3,12.54,Methanol,5194.75,6977.85,0.0,82.7,1550632.61
Tanker,135870.56,38221.8,15.52,7088.97,47.79,2,12.2,LNG,1876.14,5115.22,0.0,91.18,957393.41
Container,62616.67,54808.1,22.14,5249.96,45.17,2,12.03,Hydrogen,1249.7,0.0,0.0,0.0,5248719.77
Tanker,165239.72,41344.2,14.49,4903.36,39.29,4,12.04,VLSFO,1456.04,4334.04,29.85,268.64,716370.46
Tanker,141611.81,27084.81,15.77,5138.8,91.71,4,15.13,HFO,1656.51,5154.2,133.18,332.96,566029.66
Tanker,154580.44,27528.67,12.76,3411.76,66.5,2,13.59,LNG,934.28,2547.27,0.0,45.41,476762.27
Bulk Carrier,76116.3,12823.4,15.76,3658.7,96.3,5,14.89,Ammonia,601.51,0.0,0.0,11.19,279701.48
Bulk Carrier,68902.66,19787.49,14.74,1574.24,54.53,8,12.9,VLSFO,336.43,1001.42,6.9,62.07,165524.47
Container,90498.61,57543.07,18.6,6658.0,95.42,8,14.09,Hydrogen,5166.56,0.0,0.0,0.0,21699548.53
Bulk Carrier,78183.14,14342.72,15.98,3487.61,36.26,4,11.27,VLSFO,337.62,1004.95,6.92,62.29,166107.14
Bulk Carrier,99271.4,18126.01,14.26,11536.96,35.0,4,12.12,LNG,1335.72,3641.79,0.0,64.92,681618.62
Tanker,97114.73,33461.87,13.23,11212.84,99.94,3,15.24,VLSFO,5612.73,16706.85,115.06,1035.55,2761462.16
Container,137309.89,23980.58,15.54,7172.58,67.47,5,13.47,Methanol,2050.21,2753.95,0.0,32.64,611989.16
Tanker,186284.08,42792.47,15.9,11064.4,63.65,3,13.82,Hydrogen,4157.3,0.0,0.0,0.0,17460669.0
Tanker,184022.64,17862.75,15.95,7301.12,87.82,4,14.91,Methanol,1686.81,2265.81,0.0,26.85,503512.99
Bulk Carrier,36048.69,22075.53,13.29,6779.39,98.57,4,14.29,Methanol,2455.52,3298.37,0.0,39.09,732971.28
Bulk Carrier,64866.65,18787.85,14.31,3539.54,98.78,2,14.29,LNG,728.47,1986.14,0.0,35.4,371737.88
Container,95502.13,37385.45,16.07,6658.52,70.33,3,13.6,LNG,2257.37,6154.64,0.0,109.71,1151937.71
Tanker,124256.19,33955.21,16.59,1570.5,54.84,4,13.25,Ammonia,442.21,0.0,0.0,8.23,205627.77
Bulk Carrier,34820.27,18843.07,11.85,3604.89,98.93,5,15.14,HFO,1237.68,3851.03,99.51,248.77,422916.35
Container,134809.82,52606.07,22.98,3432.61,69.22,5,14.0,Hydrogen,1265.2,0.0,0.0,0.0,5313830.4
Tanker,82448.99,16963.06,12.65,10511.81,64.38,3,13.52,LNG,1810.63,4936.62,0.0,88.0,923966.4
Tanker,176760.31,25242.28,15.95,7310.55,42.35,4,12.12,Hydrogen,1266.65,0.0,0.0,0.0,5319930.33
Bulk Carrier,58713.61,19139.36,13.37,3582.02,83.19,3,14.53,VLSFO,935.64,2785.03,19.18,172.63,460335.15
Container,53686.23,36625.85,21.82,10727.77,73.23,4,13.25,VLSFO,2884.74,8586.71,59.14,532.23,1419291.02
Bulk Carrier,63164.63,10663.49,12.19,3335.44,44.48,1,12.69,LNG,265.57,724.07,0.0,12.91,135520.55
Bulk Carrier,59748.65,24861.63,12.47,6989.47,57.05,4,12.24,Methanol,2124.45,2853.67,0.0,33.82,634149.58
Bulk Carrier,32361.51,19886.29,14.79,3502.45,62.34,7,13.44,Methanol,932.01,1251.92,0.0,14.84,278204.38
Tanker,159879.08,22220.14,12.09,10969.54,40.61,6,11.43,HFO,2651.61,8250.42,213.19,532.97,906053.44
Container,71907.14,20796.14,21.19,1428.35,60.22,3,12.9,VLSFO,202.81,603.68,4.16,37.42,99781.63
Tanker,176294.03,39501.57,12.05,6683.47,49.04,3,12.64,Hydrogen,2513.38,0.0,0.0,0.0,10556209.46
Container,130504.6,29654.9,19.23,11309.33,68.57,2,13.46,HFO,2353.29,7322.21,189.2,473.01,804118.76
Container,93440.63,49783.37,21.51,3358.09,50.94,5,12.69,VLSFO,1038.08,3089.94,21.28,191.53,510733.85
Tanker,130656.43,41527.36,15.76,3450.95,55.09,2,12.86,VLSFO,1111.57,3308.71,22.79,205.09,546893.69
Tanker,136289.46,22862.53,15.2,10537.04,99.06,6,14.52,VLSFO,3827.44,11392.77,78.46,706.16,1883102.02
Tanker,146662.26,17116.05,13.73,4933.72,37.06,1,11.82,Ammonia,492.28,0.0,0.0,9.16,228909.35
Bulk Carrier,98696.87,21931.56,12.65,6999.04,87.91,4,13.8,VLSFO,2301.61,6850.98,47.18,424.65,1132393.72
Bulk Carrier,33360.66,18383.96,14.31,3426.54,96.23,5,15.49,Ammonia,875.44,0.0,0.0,16.28,407081.31
Container,92094.58,32712.81,19.53,6718.97,98.61,4,14.54,VLSFO,2289.36,6814.49,46.93,422.39,1126362.69
Container,112023.08,26717.74,14.34,1570.23,82.63,2,14.54,Methanol,582.53,782.48,0.0,9.27,173884.19
Container,141248.77,27863.31,17.15,3411.05,83.44,4,14.66,Ammonia,974.05,0.0,0.0,18.12,452935.08
Container,109804.98,46118.8,19.4,3436.73,87.91,3,14.9,Methanol,1661.46,2231.76,0.0,26.45,495947.18
Bulk Carrier,49709.02,22260.81,15.77,3570.86,71.61,4,13.44,LNG,758.59,2068.26,0.0,36.87,387107.13
Container,113102.96,58159.56,18.32,6800.01,97.46,1,14.68,Hydrogen,3673.65,0.0,0.0,0.0,15429323.63
Bulk Carrier,67812.38,24172.39,15.17,10600.34,86.23,4,14.54,HFO,3239.9,10080.87,260.49,651.22,1107072.27
Tanker,182391.16,43758.11,13.96,1557.15,72.04,5,13.02,Methanol,1009.43,1355.92,0.0,16.07,301316.11
Bulk Carrier,78997.22,20648.18,14.35,3488.41,65.92,3,12.76,LNG,634.22,1729.18,0.0,30.82,323644.03
Tanker,156659.11,36284.76,13.07,3435.64,56.15,3,12.19,LNG,1130.53,3082.35,0.0,54.94,576909.92
Bulk Carrier,34149.81,22529.37,11.24,4991.96,84.92,3,14.15,VLSFO,1767.49,5261.12,36.23,326.1,869606.05
Tanker,145785.86,33809.12,13.36,3494.16,69.84,4,13.63,HFO,1517.77,4722.51,122.03,305.07,518621.46
Container,103348.6,52905.73,14.58,1564.71,97.71,3,14.89,LNG,961.57,2621.69,0.0,46.73,490690.32
Container,77531.65,52874.66,17.69,10892.02,86.96,6,13.84,Ammonia,6776.62,0.0,0.0,126.05,3151129.44
Tanker,158406.2,37032.71,12.64,11504.37,69.07,7,13.25,LNG,6042.16,16473.7,0.0,293.65,3083313.49
Tanker,100994.73,17966.6,14.28,4916.47,51.43,4,12.09,Hydrogen,694.5,0.0,0.0,0.0,2916898.06
Container,96136.25,58847.18,15.37,3468.39,37.58,4,12.23,Hydrogen,1369.99,0.0,0.0,0.0,5753975.66
Container,62370.95,30562.77,22.55,3340.77,34.8,4,11.19,Methanol,481.9,647.32,0.0,7.67,143848.14
Container,64249.01,28241.47,19.06,5232.0,64.97,5,13.53,Hydrogen,1262.66,0.0,0.0,0.0,5303180.12
Tanker,138340.74,17282.66,12.8,7106.96,51.03,3,12.45,Methanol,1251.57,1681.16,0.0,19.92,373592.22
Tanker,121989.61,42979.83,15.14,4934.13,36.23,2,11.7,LNG,1175.55,3205.1,0.0,57.13,599885.48
Tanker,163502.61,39259.31,12.47,6902.55,52.05,6,12.72,HFO,3297.79,10261.0,265.14,662.86,1126854.24
Container,96413.71,36287.83,14.24,1538.49,50.14,3,12.91,HFO,497.49,1547.93,40.0,100.0,169992.22
Bulk Carrier,79104.3,13184.5,14.82,1501.01,90.49,5,14.42,Ammonia,261.92,0.0,0.0,4.87,121794.36
Bulk Carrier,98564.91,24932.5,12.59,7089.03,76.6,5,13.59,VLSFO,2669.98,7947.46,54.73,492.61,1313629.2
Bulk Carrier,97307.44,14288.68,14.67,11039.53,63.03,4,13.74,HFO,1656.96,5155.59,133.22,333.05,566182.17
Container,83448.23,32923.18,22.4,7074.77,33.95,3,11.18,Hydrogen,877.76,0.0,0.0,0.0,3686589.69
Container,119862.54,36825.56,17.42,3477.66,89.06,2,14.65,Hydrogen,1157.97,0.0,0.0,0.0,4863454.95
Tanker,163210.65,34852.94,16.06,3608.75,96.12,3,14.7,VLSFO,1463.92,4357.5,30.01,270.09,720247.43
Tanker,138863.44,23965.21,12.07,7169.14,35.21,6,11.63,Methanol,1759.48,2363.42,0.0,28.01,525203.45
Tanker,133066.92,31054.51,16.93,1427.35,61.19,3,12.75,LNG,346.05,943.5,0.0,16.82,176590.1
Tanker,177265.34,34966.71,13.97,5099.67,51.75,3,12.34,VLSFO,1613.14,4801.68,33.07,297.62,793665.6
Bulk Carrier,39970.48,11895.74,13.49,5225.71,32.89,5,11.43,LNG,439.57,1198.48,0.0,21.36,224314.59
Tanker,144324.85,22706.75,14.96,3444.37,74.87,3,14.42,Methanol,944.73,1269.0,0.0,15.04,282001.09
Bulk Carrier,91550.62,21429.73,12.72,4999.2,66.4,5,13.32,Methanol,1460.14,1961.34,0.0,23.25,435852.69
Tanker,145805.54,38951.31,15.25,3405.48,75.36,5,14.27,HFO,1595.28,4963.69,128.26,320.65,545108.38
Tanker,85091.28,32081.06,15.07,5143.45,78.19,1,14.05,LNG,1505.47,4104.59,0.0,73.17,768239.5
Bulk Carrier,47397.98,8668.69,11.64,4899.89,81.02,3,14.62,Ammonia,558.62,0.0,0.0,10.39,259757.65
Tanker,183631.57,39845.89,13.26,3600.71,59.06,2,13.04,HFO,1441.16,4484.13,115.87,289.67,492443.29
Bulk Carrier,38364.86,22711.2,11.92,11084.87,77.48,1,13.87,Ammonia,3060.85,0.0,0.0,56.93,1423297.35
Tanker,196719.86,34262.41,14.27,6712.44,86.26,4,14.76,Ammonia,2862.28,0.0,0.0,53.24,1330958.67
Bulk Carrier,70771.22,24314.51,13.81,11094.05,40.51,5,11.68,Methanol,2426.78,3259.77,0.0,38.63,724392.5
Tanker,123795.03,21866.9,12.78,5158.91,60.55,3,13.45,Ammonia,1181.97,0.0,0.0,21.98,549615.33
Tanker,177057.2,19829.87,15.5,6750.67,70.39,3,13.76,VLSFO,1392.07,4143.64,28.54,256.84,684899.98
Bulk Carrier,33213.72,21119.51,14.49,5145.45,38.75,2,11.94,Hydrogen,659.79,0.0,0.0,0.0,2771131.91
Container,110557.51,56893.28,17.34,11349.71,52.11,3,12.24,LNG,4246.59,11578.16,0.0,206.38,2167034.95
Tanker,138559.33,22743.57,16.15,1472.61,55.32,3,13.03,HFO,274.71,854.75,22.09,55.22,93868.4
Bulk Carrier,66968.4,20843.44,11.84,1431.19,67.08,5,13.01,LNG,364.04,992.55,0.0,17.69,185771.54
Bulk Carrier,53373.4,16647.09,12.91,5227.87,38.69,2,12.13,HFO,701.6,2183.02,56.41,141.02,239737.49
Bulk Carrier,96886.87,9984.41,13.88,7332.93,63.74,4,12.77,Methanol,946.68,1271.63,0.0,15.07,282584.16
Bulk Carrier,43412.34,10986.75,13.33,3347.94,75.13,4,13.59,Hydrogen,464.36,0.0,0.0,0.0,1950321.71
Tanker,137083.05,18995.58,15.4,7230.76,47.52,5,12.68,HFO,1174.6,3654.74,94.44,236.09,401360.6
Tanker,183119.98,36296.62,12.79,7076.4,75.48,3,13.2,Ammonia,3170.94,0.0,0.0,58.98,1474486.2
Container,89425.3,32133.95,18.53,7070.29,36.07,3,12.13,LNG,1105.87,3015.1,0.0,53.75,564323.65
Tanker,119515.97,23374.1,12.54,4924.68,30.21,7,11.15,VLSFO,945.79,2815.24,19.39,174.5,465328.63
Container,91864.69,54557.76,19.7,6776.31,61.84,4,12.79,Methanol,3128.3,4202.09,0.0,49.8,933798.42
Container,81488.75,50111.8,23.81,11516.75,81.7,2,13.41,Hydrogen,3955.77,0.0,0.0,0.0,16614218.18
Container,105688.61,28080.27,20.25,4845.33,70.09,5,13.29,HFO,1144.18,3560.09,91.99,229.98,390965.72
Container,141872.86,20031.02,15.83,3659.44,60.85,4,13.21,Ammonia,651.33,0.0,0.0,12.11,302867.03
Container,68789.08,49826.36,20.48,5196.87,37.31,2,11.84,Ammonia,1177.59,0.0,0.0,21.9,547578.33
Bulk Carrier,48142.37,15286.49,12.23,1533.37,30.16,2,11.74,Ammonia,148.74,0.0,0.0,2.77,69162.66
Bulk Carrier,37753.42,8878.69,13.38,11409.19,82.67,1,14.82,HFO,1177.18,3662.77,94.65,236.61,402241.96
Container,131332.68,55121.46,14.22,7095.81,33.94,4,11.8,Ammonia,2524.72,0.0,0.0,46.96,1173996.54
Bulk Carrier,42188.61,21359.2,11.93,3543.63,61.41,4,13.55,Ammonia,880.43,0.0,0.0,16.38,409399.61
Tanker,144163.15,26514.4,12.81,4988.24,82.51,3,14.45,Hydrogen,1641.4,0.0,0.0,0.0,6893882.78
Bulk Carrier,59745.99,9261.91,14.62,4983.18,82.39,5,14.53,VLSFO,638.63,1900.95,13.09,117.83,314207.4
Tanker,171349.47,35774.61,15.45,6834.75,53.09,4,12.29,HFO,2094.45,6516.85,168.39,420.99,715674.94
Tanker,127288.21,32972.18,16.34,7146.78,33.92,2,11.23,VLSFO,1190.29,3543.01,24.4,219.61,585620.87
Tanker,138867.92,36483.07,14.78,3446.02,43.9,3,11.93,Ammonia,913.43,0.0,0.0,16.99,424744.75
Tanker,173329.7,15363.2,13.4,6907.65,60.79,5,13.05,Hydrogen,1134.2,0.0,0.0,0.0,4763629.37
Bulk Carrier,31325.62,19333.91,15.06,11490.89,63.5,6,12.86,Hydrogen,2460.35,0.0,0.0,0.0,10333477.95
Tanker,99359.85,17807.77,15.97,4932.37,57.76,8,13.38,Methanol,1083.59,1455.53,0.0,17.25,323450.92
Tanker,86483.15,16682.55,12.14,3620.39,93.66,4,14.97,Hydrogen,854.94,0.0,0.0,0.0,3590742.18
Container,136576.39,52609.83,14.24,3408.23,74.21,3,13.67,HFO,2066.98,6431.38,166.19,415.46,706288.11
Container,64374.22,53592.57,15.03,1536.62,73.76,3,13.39,VLSFO,892.78,2657.44,18.3,164.72,439246.79
Bulk Carrier,46163.63,12958.71,15.4,6888.43,63.42,5,12.58,Ammonia,828.33,0.0,0.0,15.41,385173.03
Container,76596.05,55674.47,23.75,3401.47,43.19,4,12.29,Hydrogen,872.73,0.0,0.0,0.0,3665469.85
Tanker,111639.85,28116.65,14.47,6694.92,33.74,3,11.63,VLSFO,1190.92,3544.9,24.41,219.73,585933.95
Container,58745.47,50075.81,23.58,1513.18,36.74,3,12.11,HFO,332.14,1033.44,26.7,66.76,113491.56
Bulk Carrier,58212.46,21723.74,15.83,4751.53,70.67,2,13.24,HFO,934.61,2908.03,75.14,187.86,319357.25
Tanker,138169.45,24735.72,15.9,1521.23,60.19,2,13.18,LNG,275.74,751.81,0.0,13.4,140712.18
Tanker,123249.33,26532.73,13.61,7161.59,32.83,7,11.89,Hydrogen,1489.93,0.0,0.0,0.0,6257724.19
Tanker,89873.57,17963.66,15.75,3490.74,67.46,7,13.57,Methanol,848.06,1139.15,0.0,13.5,253144.66
Container,59397.04,24819.95,19.78,11100.67,64.2,5,13.57,Ammonia,2221.32,0.0,0.0,41.32,1032913.26
Tanker,124573.12,28735.4,12.4,3334.19,87.96,4,13.82,HFO,1498.85,4663.65,120.51,301.27,512158.48
Container,93932.57,27100.35,22.78,3504.54,53.7,3,12.69,HFO,521.25,1621.85,41.91,104.77,178109.96
Tanker,142078.26,16300.02,15.87,3501.83,50.86,5,13.01,LNG,450.78,1229.04,0.0,21.91,230034.3
Container,145910.47,22844.47,18.59,1473.67,40.82,4,12.28,Ammonia,190.59,0.0,0.0,3.54,88622.95
Bulk Carrier,33068.05,14756.1,15.04,5150.6,43.32,5,11.93,HFO,629.57,1958.89,50.62,126.54,215123.16
Container,130024.06,30179.38,18.91,5067.86,87.23,4,14.7,LNG,1443.4,3935.36,0.0,70.15,736565.59
Bulk Carrier,96774.0,18177.92,15.01,3610.48,51.56,4,13.03,HFO,581.8,1810.27,46.78,116.94,198802.19
Container,90876.42,58497.98,20.36,1440.15,98.6,4,14.64,LNG,746.16,2034.37,0.0,36.26,380763.91
Bulk Carrier,70677.09,9120.72,12.08,5023.67,38.72,4,11.53,HFO,413.68,1287.15,33.26,83.15,141354.11
Bulk Carrier,94057.82,10731.94,12.85,1501.24,87.56,2,13.82,Methanol,252.29,338.89,0.0,4.02,75308.98
Container,131513.39,29869.9,14.11,10669.24,48.19,4,12.78,LNG,2396.22,6533.19,0.0,116.46,1222788.81
Tanker,124638.37,44416.4,16.71,3419.79,34.75,1,11.31,HFO,813.84,2532.24,65.43,163.58,278087.89
Bulk Carrier,80656.15,9327.83,11.33,1461.4,63.56,4,12.54,Hydrogen,169.51,0.0,0.0,0.0,711943.88
Bulk Carrier,36201.17,20666.67,15.59,10810.45,72.51,4,13.18,Methanol,2778.05,3731.61,0.0,44.23,829247.6
Bulk Carrier,80643.22,11101.85,13.74,10760.38,69.37,3,14.07,Ammonia,1260.16,0.0,0.0,23.44,585974.38
Bulk Carrier,79001.57,14916.79,11.93,10953.66,52.66,4,12.99,LNG,1598.86,4359.23,0.0,77.7,815897.92
Container,149960.01,37569.17,14.84,1440.36,61.98,5,12.47,LNG,486.3,1325.87,0.0,23.63,248158.13
Bulk Carrier,34587.38,17172.59,11.41,11407.92,45.6,2,11.77,VLSFO,1872.75,5574.43,38.39,345.52,921392.66
Tanker,190261.46,34293.71,14.89,5145.66,68.49,5,12.83,Methanol,2152.06,2890.75,0.0,34.26,642389.04
Container,116672.25,55795.6,19.75,3438.47,48.08,1,12.74,Ammonia,940.36,0.0,0.0,17.49,437265.64
Container,57450.14,44233.95,16.75,10869.29,58.43,5,13.09,Hydrogen,3899.87,0.0,0.0,0.0,16379451.52
Tanker,155794.68,26579.61,15.84,11226.6,32.93,5,12.17,Ammonia,1853.55,0.0,0.0,34.48,861901.6
Tanker,126610.9,15048.5,15.37,1432.99,99.36,3,14.25,Ammonia,280.24,0.0,0.0,5.21,130313.72
Container,84472.77,25703.83,19.0,1481.92,43.51,4,12.42,LNG,205.5,560.28,0.0,9.99,104865.15
Container,86000.35,58322.61,15.97,3497.17,33.87,5,11.4,Methanol,1414.24,1899.67,0.0,22.51,422149.46
Container,110984.76,58507.58,20.79,1475.93,51.62,1,12.11,VLSFO,474.6,1412.7,9.73,87.56,233503.55
Container,146555.01,40386.87,23.32,11443.78,36.05,4,11.85,Hydrogen,2016.55,0.0,0.0,0.0,8469519.65
Tanker,98794.94,33372.61,16.51,4806.4,68.51,4,14.0,LNG,1369.36,3733.52,0.0,66.55,698786.51
Bulk Carrier,59467.31,19302.25,11.34,11339.34,61.57,4,13.0,LNG,2602.06,7094.41,0.0,126.46,1327829.98
Container,123454.56,41602.94,23.91,10698.91,99.18,5,15.43,Hydrogen,3720.61,0.0,0.0,0.0,15626549.77
Tanker,125416.21,25790.63,13.06,10988.7,57.19,4,13.03,VLSFO,3222.13,9591.0,66.05,594.48,1585289.58
Container,142785.69,48035.89,18.94,3589.45,64.14,4,13.7,HFO,1353.23,4210.56,108.8,272.0,462399.65
Tanker,146894.54,17376.46,12.87,7195.65,49.47,6,12.48,Methanol,1465.94,1969.12,0.0,23.34,437582.87
Bulk Carrier,36969.54,10951.09,13.67,11416.05,87.49,3,14.96,Ammonia,1422.46,0.0,0.0,26.46,661445.45
Container,93019.22,43457.55,14.22,1568.37,53.29,2,12.78,HFO,584.76,1819.46,47.01,117.54,199811.52
Container,105057.5,28237.11,21.47,11108.66,99.57,3,15.17,Methanol,3128.79,4202.75,0.0,49.81,933943.62
Bulk Carrier,98209.66,12033.06,14.16,3510.49,73.49,3,13.47,Hydrogen,489.78,0.0,0.0,0.0,2057072.05
Container,59564.73,30489.2,21.95,4987.18,37.93,2,11.86,VLSFO,627.92,1869.05,12.87,115.85,308934.2
Tanker,116062.09,27416.02,15.68,1488.52,41.42,5,12.32,HFO,309.1,961.77,24.85,62.13,105620.84
Tanker,198778.79,42845.51,15.27,5188.99,54.69,2,12.43,VLSFO,1745.17,5194.68,35.78,321.98,858624.8
Tanker,124362.55,19311.32,13.65,3393.96,99.51,5,14.45,HFO,1101.04,3425.86,88.52,221.31,376224.92
Tanker,92398.0,30068.41,15.8,3386.71,65.96,4,13.32,HFO,993.96,3092.68,79.91,199.79,339635.85
Bulk Carrier,79644.57,10160.79,11.18,4852.69,48.34,4,12.36,HFO,559.79,1741.77,45.01,112.52,191279.91
Tanker,155213.75,37384.48,14.74,7097.29,82.84,2,13.83,VLSFO,2976.94,8861.16,61.03,549.25,1464653.89
Tanker,187417.73,33348.08,16.13,6829.7,59.6,5,12.37,LNG,1991.68,5430.24,0.0,96.8,1016355.16
Bulk Carrier,90102.98,21120.75,13.5,6654.35,35.46,3,11.96,Methanol,1151.81,1547.17,0.0,18.34,343815.4
Bulk Carrier,61973.13,15160.3,11.85,10943.71,92.53,4,14.88,VLSFO,2802.91,8343.13,57.46,517.14,1379029.83
Container,119217.95,54652.24,14.24,11415.28,61.95,1,13.63,Ammonia,5719.25,0.0,0.0,106.38,2659449.54
Tanker,190910.36,27924.43,12.43,1506.08,77.02,5,14.32,Ammonia,592.66,0.0,0.0,11.02,275587.7
Bulk Carrier,96209.22,18439.25,13.56,6842.66,62.64,4,12.74,HFO,1338.88,4165.91,107.65,269.12,457496.92
Tanker,112619.11,26191.69,16.15,3380.83,56.4,4,13.18,LNG,680.15,1854.4,0.0,33.06,347079.88
Container,83601.78,34443.83,16.4,3412.52,75.88,2,14.45,Methanol,1267.96,1703.19,0.0,20.19,378486.68
Container,102388.84,36259.96,14.53,5111.71,86.83,4,14.73,Methanol,2592.48,3482.35,0.0,41.27,773855.27
Bulk Carrier,86746.36,24050.33,14.19,5225.15,91.02,5,13.98,Methanol,2158.43,2899.31,0.0,34.36,644290.7
Tanker,181408.03,43549.15,12.93,11123.51,99.81,4,15.42,LNG,6821.8,18599.36,0.0,331.54,3481164.48
Tanker,92722.71,22717.41,14.87,10828.89,46.09,4,12.79,Hydrogen,1766.4,0.0,0.0,0.0,7418872.92
Container,133135.21,27300.67,22.1,4988.53,85.63,4,13.67,Hydrogen,1141.74,0.0,0.0,0.0,4795319.27
Container,85636.73,43051.37,19.28,3644.96,89.14,5,15.11,VLSFO,1604.59,4776.23,32.89,296.05,789458.69
Container,109189.43,21359.84,22.89,6695.75,39.41,4,12.4,HFO,684.11,2128.61,55.0,137.51,233761.79
Bulk Carrier,33315.71,15997.05,12.96,4853.29,78.44,4,13.74,Methanol,1221.95,1641.38,0.0,19.45,364751.76
Container,98186.8,31052.77,16.84,1483.67,54.95,3,12.46,LNG,311.62,849.61,0.0,15.14,159018.57
Container,92878.88,33354.05,18.41,3572.11,32.48,8,11.13,Methanol,906.3,1217.38,0.0,14.43,270529.44
Tanker,94383.4,36912.22,15.4,5139.6,80.46,1,14.12,HFO,2028.43,6311.42,163.09,407.71,693114.27
Tanker,129463.39,26997.17,15.99,3560.6,73.99,5,13.55,Methanol,1129.19,1516.78,0.0,17.98,337063.32
Tanker,82319.43,42201.41,12.95,3513.74,53.67,4,12.97,VLSFO,1617.03,4813.26,33.15,298.34,795580.21
Bulk Carrier,69800.94,13820.23,12.56,5071.4,42.13,5,11.52,HFO,649.14,2019.8,52.19,130.48,221812.43
Bulk Carrier,55694.86,16982.99,12.44,4764.25,58.98,3,12.64,Methanol,984.49,1322.41,0.0,15.67,293869.76
Container,107289.04,40662.09,20.12,10610.53,63.8,4,12.91,Hydrogen,2964.17,0.0,0.0,0.0,12449518.08
Container,81657.73,51793.05,19.31,1434.48,77.34,4,13.24,LNG,566.18,1543.67,0.0,27.52,288921.6
Bulk Carrier,39239.0,12167.12,14.17,7186.85,32.79,3,11.25,Hydrogen,516.84,0.0,0.0,0.0,2170737.12
Bulk Carrier,93655.57,21414.26,13.81,6890.83,32.25,4,11.54,VLSFO,1037.99,3089.69,21.28,191.51,510692.89
Tanker,137514.24,42035.17,14.64,1523.67,72.84,4,13.22,HFO,714.21,2222.27,57.42,143.56,244047.27
Container,80576.45,34598.26,14.53,3668.19,34.77,4,11.37,Methanol,974.47,1308.95,0.0,15.51,290878.11
Container,116093.24,36757.17,15.5,1493.07,86.12,4,14.99,LNG,595.8,1624.41,0.0,28.96,304034.74
Bulk Carrier,90330.18,21338.01,12.67,5094.43,93.04,5,14.11,Ammonia,1754.92,0.0,0.0,32.64,816039.99
Container,52518.81,23227.4,21.1,3464.57,88.43,2,15.13,HFO,662.33,2060.82,53.25,133.13,226317.21
Tanker,163822.41,26207.44,15.16,7068.39,53.71,5,13.0,LNG,1485.3,4049.62,0.0,72.19,757950.42
Bulk Carrier,99438.64,10477.41,14.5,3542.04,32.89,4,11.36,Methanol,293.63,394.42,0.0,4.67,87649.56
Container,103952.41,50211.18,18.36,1534.35,95.86,1,14.92,Ammonia,719.66,0.0,0.0,13.39,334641.39
Bulk Carrier,84186.44,18279.49,13.63,7291.21,30.25,6,11.39,Hydrogen,904.78,0.0,0.0,0.0,3800057.5
Container,146353.26,38256.04,20.88,11096.85,65.02,2,13.65,Ammonia,2584.02,0.0,0.0,48.06,1201568.99
Tanker,105180.34,35040.8,13.0,3460.96,99.02,3,14.28,Hydrogen,1760.35,0.0,0.0,0.0,7393480.51
Tanker,153556.96,37172.44,12.61,3536.42,87.96,3,14.72,VLSFO,1851.24,5510.39,37.95,341.55,910808.76
Tanker,133136.92,28368.97,14.01,5203.73,40.57,4,11.54,Hydrogen,1045.47,0.0,0.0,0.0,4390975.72
Bulk Carrier,48266.1,13794.4,15.42,11469.75,50.33,5,12.7,Methanol,1511.74,2030.65,0.0,24.07,451255.15
Tanker,128308.97,18937.55,13.04,3417.15,64.16,4,12.79,HFO,717.83,2233.5,57.71,144.28,245281.4
Bulk Carrier,34344.5,9972.7,14.54,3471.84,34.29,4,12.02,Ammonia,228.29,0.0,0.0,4.25,106153.72
Container,101747.55,27766.58,17.48,1571.03,86.97,4,13.95,Ammonia,462.48,0.0,0.0,8.6,215054.64
Container,64140.31,24191.59,16.13,7161.4,98.08,5,14.35,VLSFO,2388.92,7110.86,48.97,440.76,1175348.67
Container,104167.52,42496.98,21.38,3451.23,99.33,3,15.4,HFO,1283.2,3992.64,103.17,257.92,438468.3
Bulk Carrier,50989.75,20459.82,13.71,3328.06,31.95,3,11.8,Methanol,525.05,705.28,0.0,8.36,156728.48
Container,66219.08,34935.79,19.12,4781.32,67.94,2,13.82,Hydrogen,1210.89,0.0,0.0,0.0,5085736.59
Container,53306.01,22902.71,19.37,10565.74,50.13,4,12.54,VLSFO,1612.86,4800.84,33.06,297.57,793527.79
Container,56933.8,49578.97,21.94,4902.64,92.12,5,14.85,Ammonia,2147.91,0.0,0.0,39.95,998775.93
Container,109132.2,21809.37,20.8,3538.15,31.41,8,11.37,Hydrogen,395.67,0.0,0.0,0.0,1661817.44
Tanker,81148.3,32951.46,13.75,11396.43,84.77,4,14.15,Ammonia,4642.4,0.0,0.0,86.35,2158714.63
Tanker,186234.64,40114.26,15.54,4863.08,77.94,1,14.31,Ammonia,1724.25,0.0,0.0,32.07,801775.26
Tanker,119835.7,35817.22,15.27,4915.65,41.19,3,12.46,Hydrogen,1169.17,0.0,0.0,0.0,4910507.1
Container,96469.17,21606.17,23.56,3472.4,76.64,2,13.45,LNG,450.4,1228.01,0.0,21.89,229840.63
Tanker,89504.1,20523.09,12.02,6712.01,71.93,3,13.76,Hydrogen,1649.52,0.0,0.0,0.0,6927996.52
Bulk Carrier,82851.95,22401.84,13.38,1525.24,77.48,6,14.51,Methanol,542.55,728.79,0.0,8.64,161952.24
Tanker,197156.6,25967.53,14.89,1513.29,79.47,6,14.04,HFO,502.01,1562.01,40.36,100.9,171538.46
Bulk Carrier,58689.94,17382.05,13.54,5138.06,62.32,3,13.13,LNG,848.87,2314.4,0.0,41.25,433177.02
Container,93462.69,28182.19,17.15,3336.85,65.34,3,13.05,LNG,685.55,1869.11,0.0,33.32,349833.96
Bulk Carrier,56136.04,16584.66,11.99,1498.29,82.35,6,14.57,Methanol,491.6,660.34,0.0,7.83,146741.27
Bulk Carrier,57771.27,13456.72,15.21,7068.27,53.02,4,12.56,Ammonia,808.2,0.0,0.0,15.03,375811.82
Tanker,108825.31,25059.19,16.18,1564.07,56.62,3,13.45,LNG,273.57,745.89,0.0,13.3,139604.33
Bulk Carrier,33983.46,16386.41,15.55,3586.88,56.08,5,12.19,Ammonia,543.53,0.0,0.0,10.11,252743.08
Tanker,186248.02,30440.65,14.34,10706.2,31.72,5,11.56,LNG,1993.15,5434.23,0.0,96.87,1017102.4
Tanker,149402.91,42931.57,15.39,3642.12,62.59,4,12.91,VLSFO,1502.69,4472.9,30.81,277.25,739321.77
Tanker,89484.52,37067.65,14.28,5231.91,75.4,2,13.77,HFO,2218.88,6903.99,178.4,445.99,758189.63
Tanker,145409.12,41620.27,14.08,6743.17,61.95,3,12.9,HFO,2848.02,8861.56,228.98,572.45,973169.24
Tanker,152242.92,17635.16,12.71,11000.53,30.09,5,11.33,Ammonia,1322.21,0.0,0.0,24.59,614825.87
Tanker,121119.78,20032.6,12.43,5223.58,36.98,3,11.63,Ammonia,782.36,0.0,0.0,14.55,363798.78
Tanker,139457.96,18793.52,13.7,1536.5,34.23,5,11.5,Methanol,239.6,321.84,0.0,3.81,71520.11
Container,137136.07,25423.61,14.55,1459.08,56.63,3,12.86,Ammonia,328.62,0.0,0.0,6.11,152806.92
Bulk Carrier,66161.72,8587.71,15.9,4795.89,91.68,1,15.3,LNG,406.2,1107.48,0.0,19.74,207282.6
Bulk Carrier,95774.07,16458.56,14.06,10996.15,41.33,2,12.27,Hydrogen,1205.77,0.0,0.0,0.0,5064237.95
Tanker,102802.41,18920.12,12.74,5005.94,76.8,2,13.96,HFO,1253.32,3899.68,100.77,251.92,428258.93
Bulk Carrier,70149.03,20921.67,12.89,1498.7,67.49,3,14.04,Ammonia,372.21,0.0,0.0,6.92,173079.38
Tanker,123847.36,41754.14,15.55,11206.4,73.26,4,14.17,Hydrogen,4590.87,0.0,0.0,0.0,19281642.53
Bulk Carrier,36031.91,18087.41,13.57,4786.6,46.05,2,11.85,Hydrogen,636.22,0.0,0.0,0.0,2672123.85
Bulk Carrier,83686.58,18365.06,11.41,7081.35,64.74,3,13.35,Methanol,1876.69,2520.86,0.0,29.88,560191.85
Container,145995.12,57552.18,14.34,10820.28,82.58,3,14.35,LNG,6618.1,18044.0,0.0,321.64,3377218.98
Bulk Carrier,88287.12,23840.19,14.98,3437.03,96.42,4,14.55,HFO,1044.39,3249.59,83.97,209.92,356867.18
Bulk Carrier,95219.02,8733.36,15.92,7290.08,60.39,4,13.31,Hydrogen,564.4,0.0,0.0,0.0,2370472.57
Bulk Carrier,78702.62,21733.46,12.47,5037.74,77.64,5,13.77,VLSFO,1736.26,5168.15,35.59,320.34,854239.84
Container,50957.79,26114.66,15.14,3382.85,92.93,1,14.9,LNG,901.63,2458.27,0.0,43.82,460103.82
Tanker,97813.38,29595.7,12.96,5181.28,66.17,4,13.08,VLSFO,1741.5,5183.74,35.7,321.31,856816.86
Bulk Carrier,72538.31,23372.31,14.25,10473.51,82.94,4,14.74,LNG,2743.57,7480.24,0.0,133.34,1400044.79
Container,121005.18,48590.09,20.22,10967.59,48.05,4,11.91,Methanol,3757.74,5047.58,0.0,59.82,1121685.21
Container,103184.25,59387.57,17.87,5118.75,59.7,5,12.51,VLSFO,2622.27,7805.46,53.76,483.81,1290157.94
Bulk Carrier,79739.28,17684.78,13.51,3432.35,44.59,5,12.25,HFO,575.74,1791.4,46.29,115.72,196729.65
Bulk Carrier,89359.78,8631.89,15.42,3485.3,82.89,4,14.78,LNG,316.5,862.93,0.0,15.38,161511.38
Bulk Carrier,60868.5,17927.61,14.58,1442.16,92.98,4,14.78,VLSFO,333.22,991.86,6.83,61.48,163943.96
Bulk Carrier,89419.73,16316.57,12.36,4864.58,43.71,5,12.58,Hydrogen,766.42,0.0,0.0,0.0,3218963.37
Container,91763.25,24476.59,22.49,1517.96,96.81,2,15.16,LNG,270.62,737.82,0.0,13.15,138094.97
Container,107548.85,20808.67,23.1,1441.99,55.29,3,13.1,Methanol,178.53,239.81,0.0,2.84,53290.27
Container,82178.99,49187.77,17.51,4852.26,91.29,4,14.78,Ammonia,2451.74,0.0,0.0,45.6,1140058.89
Container,122124.4,34570.76,21.24,7007.68,67.94,3,12.82,LNG,1495.4,4077.15,0.0,72.68,763103.61
Bulk Carrier,88030.61,21594.34,15.14,3669.89,75.72,5,13.92,Ammonia,908.9,0.0,0.0,16.91,422639.97
Bulk Carrier,85239.43,22084.36,11.13,6697.06,67.49,5,13.94,HFO,2250.97,7003.85,180.98,452.45,769156.66
Container,71429.09,48287.86,20.49,1535.89,73.61,4,13.88,HFO,624.25,1942.34,50.19,125.47,213306.3
Container,85009.31,45963.19,19.48,3596.5,78.94,4,13.96,HFO,1492.96,4645.33,120.03,300.09,510146.06
Container,146171.8,34711.91,20.3,3474.96,74.23,4,13.34,Hydrogen,942.87,0.0,0.0,0.0,3960036.67
Container,141309.28,32934.79,23.45,5203.92,72.76,4,14.09,LNG,1158.88,3159.65,0.0,56.32,591378.41
Tanker,140654.41,27293.42,14.62,3520.03,47.94,4,12.22,Methanol,888.52,1193.5,0.0,14.15,265222.99
Container,94032.81,30020.79,18.24,5152.04,40.05,2,11.53,Ammonia,844.82,0.0,0.0,15.71,392839.17
Bulk Carrier,50947.99,18293.96,13.91,4810.57,97.65,7,15.46,Ammonia,1481.99,0.0,0.0,27.57,689127.08
Bulk Carrier,83618.36,14734.03,13.15,1488.91,93.71,4,15.02,HFO,336.79,1047.91,27.08,67.69,115080.75
Tanker,114081.43,30155.87,15.91,7286.18,76.17,3,13.65,LNG,2022.66,5514.7,0.0,98.3,1032163.85
Tanker,197146.29,31855.6,14.98,3569.61,98.27,3,15.11,Ammonia,1454.85,0.0,0.0,27.06,676505.99
Tanker,100789.08,43209.27,13.46,1524.94,83.05,1,14.27,Methanol,864.89,1161.77,0.0,13.77,258170.53
Container,59647.18,30246.16,21.62,10951.17,91.16,4,14.6,HFO,3247.19,10103.57,261.07,652.69,1109565.06
Bulk Carrier,40866.28,13122.67,13.78,5105.55,48.72,5,12.6,HFO,672.43,2092.26,54.06,135.16,229770.04
Tanker,135727.74,29757.95,13.5,1532.21,76.76,5,14.1,Methanol,701.74,942.62,0.0,11.17,209470.11
Bulk Carrier,98853.76,13877.93,13.87,1444.7,84.1,3,13.74,Ammonia,241.82,0.0,0.0,4.5,112448.19
Container,95777.93,52985.86,16.06,4977.98,58.02,5,13.2,Ammonia,2331.73,0.0,0.0,43.37,1084253.33
Bulk Carrier,77654.62,18181.11,11.07,1491.1,40.69,2,12.43,Ammonia,225.43,0.0,0.0,4.19,104823.14
Container,76312.03,45374.97,22.85,1480.51,59.45,4,13.38,Ammonia,390.75,0.0,0.0,7.27,181698.76
Container,93612.19,57114.55,23.04,7269.18,76.43,2,13.96,HFO,2833.86,8817.5,227.84,569.61,968330.1
Tanker,108603.0,43188.24,14.68,7187.7,82.29,5,13.87,LNG,3509.28,9567.91,0.0,170.55,1790785.63
Container,72609.63,20735.57,14.78,1572.7,85.26,3,13.68,LNG,338.43,922.73,0.0,16.45,172702.95
Tanker,138420.58,35923.74,12.45,5114.35,96.1,5,15.1,Ammonia,3194.33,0.0,0.0,59.41,1485361.99
Bulk Carrier,45982.83,17777.94,15.08,6956.86,87.09,3,13.81,HFO,1485.64,4622.53,119.45,298.61,507642.46
Tanker,152331.97,29443.27,14.94,5111.06,30.47,4,11.64,LNG,840.76,2292.29,0.0,40.86,429038.47
Bulk Carrier,34668.75,8309.37,11.05,3421.5,91.78,2,15.22,HFO,500.72,1557.97,40.26,100.64,171094.79
Bulk Carrier,79351.77,23084.05,14.47,6969.24,90.63,4,14.33,Hydrogen,1895.04,0.0,0.0,0.0,7959181.13
Container,96436.53,28743.15,16.19,6773.95,95.31,5,15.28,Hydrogen,2469.04,0.0,0.0,0.0,10369958.84
Bulk Carrier,98186.68,8733.05,14.49,10462.8,59.55,5,12.58,Hydrogen,920.34,0.0,0.0,0.0,3865421.75
Tanker,178012.3,36670.76,15.01,5210.43,94.64,4,15.17,Ammonia,2277.41,0.0,0.0,42.36,1058995.78
Container,60356.16,46048.58,19.38,6750.63,93.05,3,14.77,VLSFO,3099.42,9225.73,63.54,571.84,1524913.89
Bulk Carrier,35822.55,22267.86,14.1,3504.01,42.25,8,12.0,Ammonia,763.17,0.0,0.0,14.2,354875.83
Container,116682.19,50233.41,14.7,3440.96,88.88,7,14.43,Ammonia,2635.5,0.0,0.0,49.02,1225506.05
Bulk Carrier,80681.87,20692.88,14.33,10794.23,86.41,3,14.2,Hydrogen,2855.45,0.0,0.0,0.0,11992892.79
Tanker,105916.53,27081.98,12.94,6690.29,33.67,4,11.88,LNG,1150.96,3138.05,0.0,55.94,587335.11
Container,142479.34,28808.38,22.16,5041.57,51.01,4,12.98,Hydrogen,821.19,0.0,0.0,0.0,3448983.49
Tanker,138366.59,15065.86,15.22,7134.26,55.1,4,12.19,Hydrogen,938.07,0.0,0.0,0.0,3939912.4
Bulk Carrier,41630.83,19389.52,12.17,3540.21,67.93,7,13.02,LNG,953.22,2598.91,0.0,46.33,486427.22
Tanker,136157.93,26199.67,16.6,11362.48,59.69,8,12.77,HFO,3556.79,11066.87,285.97,714.91,1215353.84
Tanker,152814.5,15880.44,14.78,1436.44,55.53,7,13.26,VLSFO,244.33,727.28,5.01,45.08,120211.03
Container,67603.85,53668.8,17.3,10632.61,65.7,3,12.95,HFO,4902.23,15253.18,394.14,985.35,1675091.05
Bulk Carrier,54104.67,21108.35,12.04,1559.16,59.32,5,12.73,Methanol,480.2,645.03,0.0,7.64,143339.09
Container,123324.35,51997.28,16.98,3341.74,79.65,1,13.32,Methanol,1722.57,2313.85,0.0,27.42,514188.33
Tanker,188151.85,39252.71,14.92,7195.92,31.15,1,11.71,Ammonia,1483.14,0.0,0.0,27.59,689660.61
Bulk Carrier,37696.74,19032.62,12.75,3627.57,98.86,3,14.27,Methanol,1189.8,1598.2,0.0,18.94,355155.67
Bulk Carrier,40396.44,21753.81,14.67,11211.29,52.15,4,12.85,Ammonia,2045.21,0.0,0.0,38.04,951024.93
Container,122527.46,25417.63,22.07,10551.69,36.48,5,11.93,VLSFO,1330.7,3960.97,27.28,245.51,654705.61
Tanker,86491.01,23411.8,16.91,7111.31,60.9,6,13.42,Methanol,1971.69,2648.47,0.0,31.39,588549.41
Bulk Carrier,63638.77,13738.47,13.8,1463.64,39.05,5,12.3,Methanol,183.36,246.3,0.0,2.92,54734.17
Container,50841.87,23117.67,20.76,4823.18,36.19,5,12.02,Ammonia,569.9,0.0,0.0,10.6,265005.09
Tanker,87776.9,34534.93,16.39,1546.42,60.54,5,13.47,HFO,493.87,1536.67,39.71,99.27,168756.03
Bulk Carrier,48479.2,24622.26,11.81,4885.79,85.15,2,13.62,Hydrogen,1610.9,0.0,0.0,0.0,6765795.8
Container,73770.56,37459.33,22.35,1503.63,40.11,5,11.44,Ammonia,254.27,0.0,0.0,4.73,118234.7
Bulk Carrier,48782.11,14949.21,12.92,6768.36,69.82,3,13.67,HFO,1218.07,3790.01,97.93,244.83,416215.05
Bulk Carrier,57036.47,11997.43,13.6,7239.79,93.59,5,15.04,LNG,1193.66,3254.47,0.0,58.01,609125.51
Container,115497.97,53827.8,16.5,5105.29,67.33,3,13.33,LNG,2323.12,6333.89,0.0,112.9,1185487.7
Tanker,135324.39,23648.16,15.58,1568.91,79.68,4,13.98,Methanol,452.42,607.72,0.0,7.2,135048.5
Tanker,117065.95,15962.41,15.25,11533.11,91.51,5,15.28,Hydrogen,2314.48,0.0,0.0,0.0,9720827.44
Bulk Carrier,31784.77,13910.12,14.37,11532.77,33.2,3,11.27,Ammonia,1026.53,0.0,0.0,19.09,477338.42
Container,53330.71,29271.48,18.94,7093.9,93.06,4,14.8,HFO,2231.45,6943.1,179.41,448.52,762484.85
Tanker,87306.17,42560.32,13.41,3507.78,46.12,3,12.17,Hydrogen,1189.22,0.0,0.0,0.0,4994721.96
Bulk Carrier,66124.76,13995.88,13.54,6772.14,54.95,3,12.29,Methanol,1055.24,1417.46,0.0,16.8,314990.58
Tanker,108368.25,43457.63,15.14,1455.7,51.26,5,13.09,Ammonia,552.2,0.0,0.0,10.27,256774.21
Tanker,93333.21,25788.13,15.45,3573.92,55.03,5,12.69,VLSFO,910.98,2711.63,18.68,168.08,448203.7
Tanker,162986.53,36117.49,13.36,7206.72,31.54,3,11.78,VLSFO,1769.81,5268.02,36.28,326.53,870746.62
Bulk Carrier,69349.8,24331.09,11.91,4840.47,41.79,5,12.11,HFO,1204.03,3746.31,96.8,242.01,411415.99
Container,111047.32,46832.74,19.12,1566.54,81.39,7,13.71,Ammonia,813.04,0.0,0.0,15.12,378065.21
Tanker,142368.82,28139.76,12.06,5229.39,49.77,2,12.3,Methanol,1622.83,2179.87,0.0,25.84,484415.61
Tanker,132792.49,31247.81,14.68,11243.77,44.64,8,12.29,VLSFO,3544.35,10550.11,72.66,653.93,1743819.94
Container,67163.78,52455.26,16.3,3446.89,54.44,5,12.46,Ammonia,1518.77,0.0,0.0,28.25,706226.25
Bulk Carrier,33236.87,15462.93,12.2,5114.77,55.77,4,12.66,Methanol,1027.24,1379.84,0.0,16.35,306631.64
Bulk Carrier,71702.85,9612.98,12.54,4934.33,79.57,8,14.57,HFO,768.03,2389.71,61.75,154.37,262435.99
Container,91557.1,20150.45,22.22,1458.79,69.54,5,13.92,VLSFO,219.99,654.83,4.51,40.59,108235.99
Bulk Carrier,71461.77,9636.11,11.55,6886.63,98.59,1,15.08,HFO,1062.56,3306.12,85.43,213.57,363075.72
Tanker,176842.62,35784.13,13.43,3555.8,64.07,2,13.26,Methanol,1529.33,2054.28,0.0,24.35,456506.37
Bulk Carrier,72472.47,11607.81,11.49,5080.1,36.71,4,11.86,Methanol,583.8,784.19,0.0,9.29,174263.63
Bulk Carrier,70079.43,14371.4,12.84,3517.23,51.33,4,12.83,HFO,509.27,1584.57,40.95,102.36,174016.54
Tanker,160778.06,21332.13,13.65,4772.07,30.19,3,11.63,Hydrogen,549.44,0.0,0.0,0.0,2307641.28
Bulk Carrier,81856.53,16475.86,14.74,1446.05,68.96,5,14.05,HFO,291.94,908.37,23.47,58.68,99756.54
Tanker,86847.89,44483.21,12.81,1533.91,79.82,3,14.24,HFO,892.31,2776.41,71.74,179.35,304902.8
Tanker,137667.83,21166.73,15.27,5024.15,65.66,2,12.77,Hydrogen,925.8,0.0,0.0,0.0,3888357.89
Bulk Carrier,84177.85,21105.51,12.81,11042.53,70.4,5,13.73,VLSFO,3259.81,9703.16,66.83,601.44,1603827.33
Container,76539.92,31079.91,18.04,1566.23,98.89,2,14.76,Methanol,603.18,810.23,0.0,9.6,180050.11
Bulk Carrier,70636.23,22439.49,13.13,4812.9,81.55,4,14.25,VLSFO,1444.94,4300.99,29.62,266.59,710908.03
Tanker,97574.21,15089.4,13.51,6700.61,92.96,5,15.09,LNG,1511.69,4121.57,0.0,73.47,771417.61
Container,98405.66,49345.17,14.27,10807.82,48.64,2,12.81,Hydrogen,4170.65,0.0,0.0,0.0,17516738.79
Container,50918.27,43523.4,14.47,3459.66,84.93,2,14.2,HFO,1750.98,5448.14,140.78,351.95,598309.96
Bulk Carrier,90522.8,18544.33,12.14,5140.67,59.24,5,13.05,VLSFO,1210.9,3604.36,24.82,223.41,595761.94
Tanker,131529.31,23075.64,14.71,11113.74,72.38,5,14.13,VLSFO,2958.74,8806.99,60.65,545.89,1455701.09
Tanker,145444.99,38017.45,16.59,1491.26,57.04,1,12.57,HFO,425.57,1324.16,34.22,85.54,145417.75
Container,57252.56,33426.34,22.16,3366.76,91.57,3,14.9,HFO,916.58,2851.91,73.69,184.23,313193.92
Tanker,103446.12,16808.48,12.92,4838.39,35.45,4,11.38,LNG,556.26,1516.62,0.0,27.03,283859.63
Container,135557.82,46128.27,16.3,7306.99,67.19,5,13.03,VLSFO,3386.05,10078.92,69.41,624.73,1665937.79
Tanker,112792.41,33813.3,12.41,11203.97,99.88,4,14.39,LNG,5499.36,14993.78,0.0,267.27,2806321.85
Container,80691.61,38821.51,19.68,10828.93,37.85,2,12.17,Ammonia,1876.13,0.0,0.0,34.9,872399.63
Tanker,96171.2,21064.79,13.05,7307.73,81.25,4,13.87,Methanol,2473.68,3322.77,0.0,39.38,738393.4
Tanker,126641.09,15201.98,12.34,10458.14,68.6,1,13.32,LNG,1647.23,4491.11,0.0,80.06,840581.55
Container,131764.95,23597.52,22.66,6741.75,49.79,4,12.34,Methanol,949.42,1275.31,0.0,15.11,283403.1
Tanker,191758.86,40269.73,16.2,3485.86,41.61,4,11.94,Ammonia,904.75,0.0,0.0,16.83,420709.58
Container,114775.05,24861.05,22.26,3406.15,90.74,5,13.97,HFO,792.72,2466.55,63.74,159.34,270873.96
Bulk Carrier,54805.84,15240.25,14.51,4847.18,33.85,6,11.77,Ammonia,502.67,0.0,0.0,9.35,233742.67
Container,93747.87,57388.57,16.32,10871.61,97.87,4,15.08,Hydrogen,7615.44,0.0,0.0,0.0,31984848.4
Bulk Carrier,99892.15,8765.52,13.68,1546.5,46.64,2,12.46,HFO,120.88,376.12,9.72,24.3,41305.7
Bulk Carrier,60449.99,19782.08,14.9,7023.37,90.25,2,15.05,LNG,1495.79,4078.2,0.0,72.7,763299.52
Bulk Carrier,62597.49,19846.53,11.68,11146.93,78.89,3,13.64,Methanol,3690.31,4957.0,0.0,58.75,1101556.34
Container,57624.03,52544.75,15.78,1528.45,76.46,4,13.49,VLSFO,869.51,2588.19,17.82,160.42,427799.87
Bulk Carrier,52342.44,16472.75,12.6,3547.92,36.68,3,12.2,Hydrogen,451.19,0.0,0.0,0.0,1895015.33
Container,122896.44,39868.06,22.3,3423.16,52.27,3,12.06,Hydrogen,694.25,0.0,0.0,0.0,2915844.68
Container,106639.42,55887.48,16.01,1442.94,97.38,6,15.26,Ammonia,1046.4,0.0,0.0,19.46,486576.27
Container,96149.24,29393.81,17.59,10484.51,30.14,3,11.11,LNG,1221.73,3331.01,0.0,59.38,623450.74
Bulk Carrier,56742.41,12896.51,12.73,10487.72,81.55,4,14.71,LNG,1854.86,5057.19,0.0,90.15,946533.74
Container,91132.59,52937.3,23.38,5196.39,64.93,5,13.45,Methanol,2103.24,2825.17,0.0,33.48,627815.67
Container,55266.18,52515.84,22.29,3480.13,64.3,3,13.8,Methanol,1396.35,1875.65,0.0,22.23,416810.15
Tanker,161111.48,18106.72,15.13,4986.9,65.71,1,13.25,Hydrogen,726.11,0.0,0.0,0.0,3049641.46
Tanker,166948.57,39336.0,16.85,3415.55,45.59,1,11.86,VLSFO,873.89,2601.22,17.91,161.23,429953.76
Bulk Carrier,44322.99,18887.23,14.96,4779.93,45.29,5,11.65,VLSFO,737.15,2194.21,15.11,136.0,362679.35
Bulk Carrier,90859.5,9727.88,12.81,4770.82,97.28,4,14.42,LNG,674.81,1839.84,0.0,32.8,344355.26
Tanker,91086.38,37975.65,12.26,6683.04,66.68,4,13.98,Hydrogen,3127.3,0.0,0.0,0.0,13134661.62
Container,139513.41,48584.3,21.38,6710.79,67.71,5,13.52,Methanol,2775.05,3727.58,0.0,44.18,828351.05
Tanker,186117.58,37340.37,15.31,3561.84,74.22,6,13.63,LNG,1399.06,3814.48,0.0,67.99,713940.62
Bulk Carrier,72222.17,16584.33,14.4,1431.72,69.71,2,14.08,HFO,241.11,750.21,19.39,48.46,82387.07
Bulk Carrier,39539.09,14101.25,15.3,3512.63,46.32,4,12.81,Hydrogen,371.97,0.0,0.0,0.0,1562259.38
Bulk Carrier,95418.52,18597.25,13.62,1522.15,59.77,4,13.16,Hydrogen,294.5,0.0,0.0,0.0,1236889.97
Tanker,165759.21,25954.01,15.58,1432.16,99.48,7,15.59,VLSFO,614.72,1829.77,12.6,113.42,302441.34
Bulk Carrier,99148.98,10698.74,13.62,11402.64,70.63,4,13.28,Ammonia,1392.72,0.0,0.0,25.9,647615.49
Container,101467.13,44546.05,17.82,4909.61,92.82,1,14.21,Hydrogen,2089.56,0.0,0.0,0.0,8776166.82
Tanker,197944.83,30701.14,13.27,10513.12,56.37,5,12.52,VLSFO,3483.45,10368.84,71.41,642.7,1713857.3
Container,61133.42,29315.99,15.7,10949.15,61.58,4,12.68,Ammonia,3035.43,0.0,0.0,56.46,1411475.98
Container,73830.31,39322.95,23.24,3552.69,89.52,2,13.84,LNG,879.85,2398.88,0.0,42.76,448988.11
Container,138242.13,50254.7,18.5,5231.8,59.14,4,12.89,HFO,2072.42,6448.29,166.62,416.56,708145.51
Tanker,196328.57,26076.57,12.77,1510.23,44.53,7,12.11,Methanol,494.32,664.0,0.0,7.87,147555.81
Bulk Carrier,43268.67,24158.02,15.08,6802.8,55.21,1,12.32,Hydrogen,1195.61,0.0,0.0,0.0,5021554.52
Bulk Carrier,69652.23,16233.92,15.92,10919.8,39.26,4,11.81,VLSFO,1223.01,3640.42,25.07,225.65,601723.03
Bulk Carrier,31633.36,19237.37,15.29,3353.65,39.46,2,11.56,VLSFO,443.33,1319.62,9.09,81.79,218118.76
Bulk Carrier,66493.11,21554.03,13.72,11408.67,86.24,5,15.02,Hydrogen,3330.16,0.0,0.0,0.0,13986670.01
Tanker,135063.01,35476.51,16.59,5108.2,93.35,2,15.31,Methanol,2280.9,3063.82,0.0,36.31,680847.86
Container,73958.83,39224.69,16.57,7085.17,55.57,4,12.56,VLSFO,2329.6,6934.29,47.76,429.81,1146163.75
Container,114185.18,27037.42,14.38,6958.54,52.58,3,12.78,HFO,1648.6,5129.6,132.55,331.37,563328.13
Container,56416.07,38372.84,23.71,10552.69,87.2,3,13.68,Ammonia,2677.49,0.0,0.0,49.8,1245032.04
Tanker,141477.04,29574.9,16.94,1465.89,88.19,3,13.77,Methanol,492.05,660.95,0.0,7.83,146877.53
Bulk Carrier,91330.75,8988.92,11.5,6881.32,31.82,2,11.7,Methanol,494.43,664.14,0.0,7.87,147586.64
Bulk Carrier,88207.11,16856.38,14.7,4837.33,79.05,4,14.55,VLSFO,1006.63,2996.32,20.64,185.72,495260.14
Tanker,119394.3,33586.39,15.98,1516.94,55.41,4,12.65,VLSFO,435.1,1295.13,8.92,80.28,214070.83
Tanker,172200.37,29393.95,14.04,1483.02,59.65,5,12.87,Ammonia,437.59,0.0,0.0,8.14,203480.47
Container,123427.95,23448.92,16.14,4871.95,95.29,3,15.41,Methanol,1479.67,1987.57,0.0,23.56,441681.52
Bulk Carrier,95681.3,13778.4,14.35,10627.24,98.87,4,15.2,HFO,2159.11,6718.04,173.59,433.98,737769.19
Container,78147.88,24138.66,23.53,10799.46,55.99,8,12.96,HFO,1957.34,6090.22,157.37,393.43,668822.65
Bulk Carrier,56112.75,22396.1,12.11,5018.87,53.52,6,12.73,Ammonia,1207.96,0.0,0.0,22.47,561699.22
Container,103366.34,38828.8,16.94,3669.43,46.55,5,12.64,Methanol,1231.5,1654.21,0.0,19.61,367602.97
Tanker,105817.47,27571.76,14.11,7331.79,43.77,4,11.69,Methanol,1890.07,2538.84,0.0,30.09,564186.38
Container,112020.24,37649.74,15.89,3500.01,82.87,4,14.74,LNG,1299.0,3541.67,0.0,63.13,662879.17
Bulk Carrier,94530.78,14880.53,15.18,5070.9,80.36,5,14.38,LNG,850.9,2319.94,0.0,41.35,434212.49
Tanker,155523.34,30672.08,13.03,3331.38,83.88,4,14.82,Hydrogen,1335.45,0.0,0.0,0.0,5608889.64
Tanker,125804.0,34158.28,14.06,5149.72,70.52,4,14.05,Ammonia,1837.67,0.0,0.0,34.18,854518.78
Bulk Carrier,33000.37,20367.8,13.74,4752.23,50.56,1,12.38,Hydrogen,790.52,0.0,0.0,0.0,3320177.45
Container,70931.08,24702.03,23.15,1426.46,43.48,4,12.19,Hydrogen,163.32,0.0,0.0,0.0,685929.5
Bulk Carrier,84289.38,12162.13,12.33,1491.43,89.64,4,13.89,Ammonia,267.07,0.0,0.0,4.97,124186.29
Bulk Carrier,64701.83,19449.81,11.93,3420.11,36.14,4,11.6,Ammonia,523.28,0.0,0.0,9.73,243327.26
Tanker,192714.1,37714.43,13.07,7068.32,83.51,4,14.31,LNG,3311.48,9028.61,0.0,160.94,1689846.33
Container,52680.66,26544.83,16.27,3560.8,37.76,3,11.39,HFO,537.29,1671.78,43.2,108.0,183593.04
Container,104768.12,31140.95,17.56,6844.35,31.57,5,11.28,LNG,1022.61,2788.12,0.0,49.7,521840.22
Container,73038.53,50335.37,16.48,5039.76,73.22,4,13.73,Hydrogen,2402.56,0.0,0.0,0.0,10090764.77
Container,116528.92,48089.57,22.04,11248.25,91.48,8,14.83,Ammonia,5832.73,0.0,0.0,108.49,2712218.73
Tanker,189444.92,36224.14,16.57,6807.95,31.9,4,12.11,HFO,1401.05,4359.33,112.64,281.61,478737.85
Container,52609.91,34195.94,18.91,7175.28,69.91,5,13.34,Hydrogen,2089.7,0.0,0.0,0.0,8776754.91
Tanker,83256.83,30661.64,14.53,11106.96,68.49,5,13.66,Methanol,4734.5,6359.62,0.0,75.37,1413248.19
Bulk Carrier,48794.2,20916.33,13.48,6690.85,37.04,3,12.28,Hydrogen,997.55,0.0,0.0,0.0,4189725.88
Tanker,188987.79,19527.59,16.34,3419.02,41.38,4,12.07,HFO,482.7,1501.92,38.81,97.02,164939.78
Tanker,99636.34,22960.25,14.78,6885.18,40.79,8,11.91,Ammonia,1370.68,0.0,0.0,25.49,637367.9
Bulk Carrier,81231.59,11319.91,13.8,5092.02,84.95,2,14.68,Hydrogen,671.65,0.0,0.0,0.0,2820920.14
Container,85833.7,29388.37,19.22,5015.06,50.1,3,12.85,HFO,921.66,2867.72,74.1,185.25,314930.89
Container,98339.61,36105.09,20.2,3348.6,99.95,7,15.53,Methanol,1761.58,2366.24,0.0,28.04,525831.92
Container,77661.58,27616.77,19.87,1464.08,95.72,5,14.77,Hydrogen,416.33,0.0,0.0,0.0,1748567.19
Bulk Carrier,84523.57,22422.95,11.68,10911.0,50.67,3,12.36,Methanol,2971.93,3992.05,0.0,47.31,887121.59
Bulk Carrier,40956.92,12892.62,11.61,10795.32,33.39,4,11.67,Hydrogen,1124.48,0.0,0.0,0.0,4722827.03
Tanker,119298.37,37652.11,16.01,5090.05,72.38,3,14.15,HFO,1952.0,6073.61,156.94,392.35,666998.53
Bulk Carrier,69780.04,16909.96,13.27,4960.85,35.21,4,11.79,Ammonia,654.54,0.0,0.0,12.17,304359.25
Tanker,107468.99,22804.96,12.39,4871.3,34.41,1,11.26,LNG,718.2,1958.14,0.0,34.9,366497.14
Bulk Carrier,87064.48,17068.6,13.49,5225.55,87.97,4,14.36,LNG,1111.28,3029.86,0.0,54.01,567085.24
Container,85986.72,21773.82,24.0,5191.26,90.39,5,14.42,HFO,974.05,3030.72,78.31,195.78,332831.49
Container,99898.48,23189.54,21.49,10788.03,70.36,3,12.97,HFO,1874.53,5832.56,150.71,376.78,640526.34
Bulk Carrier,36666.98,23543.71,12.08,7001.65,83.66,4,14.75,Hydrogen,2518.52,0.0,0.0,0.0,10577764.7
Tanker,133604.86,26327.24,14.62,3634.56,72.68,5,13.88,Methanol,1272.79,1709.68,0.0,20.26,379928.41
Tanker,86880.53,36776.3,12.06,4790.75,32.51,3,12.1,VLSFO,1235.24,3676.8,25.32,227.9,607736.17
Tanker,197112.7,25982.39,14.5,3350.87,94.99,4,15.22,HFO,1179.35,3669.51,94.82,237.05,402982.85
Tanker,130052.57,30416.26,13.44,7077.41,37.63,3,12.2,Methanol,1710.44,2297.55,0.0,27.23,510567.39
Tanker,133527.18,24909.0,13.09,1544.41,56.04,2,12.79,LNG,337.44,920.02,0.0,16.4,172196.77
Container,104274.94,52784.03,19.54,3491.83,55.1,4,12.6,HFO,1334.97,4153.73,107.33,268.33,456158.89
Tanker,176989.99,31139.71,13.04,1533.13,60.15,3,13.32,VLSFO,510.24,1518.77,10.46,94.14,251036.18
Bulk Carrier,61716.17,24173.21,12.49,6679.42,57.03,5,12.35,Methanol,2174.75,2921.23,0.0,34.62,649162.29
Tanker,159793.38,17934.42,14.03,4928.11,34.9,4,11.59,LNG,560.8,1529.0,0.0,27.25,286176.06
Bulk Carrier,90356.02,10747.86,14.69,5181.5,57.95,3,12.65,VLSFO,477.39,1421.01,9.79,88.08,234876.94
Container,137867.76,53383.03,18.39,6660.67,45.31,3,12.68,HFO,2356.17,7331.19,189.44,473.59,805104.89
Container,142763.72,41945.49,14.01,10880.88,47.39,3,12.22,HFO,3575.72,11125.77,287.49,718.72,1221822.22
Tanker,94474.72,35228.47,13.1,1543.58,80.32,3,14.28,Ammonia,672.48,0.0,0.0,12.51,312703.53
Container,136184.94,55667.57,15.99,7015.82,86.03,7,14.11,VLSFO,5074.66,15105.23,104.03,936.27,2496732.59
Bulk Carrier,95385.53,16181.89,12.99,1558.45,56.82,1,12.45,VLSFO,251.71,749.25,5.16,46.44,123843.61
Bulk Carrier,43279.35,14360.24,12.85,3401.72,88.43,2,14.17,Methanol,749.65,1006.97,0.0,11.93,223770.73
Bulk Carrier,52568.02,16804.56,15.47,5086.53,78.58,5,13.87,HFO,1034.76,3219.62,83.19,207.99,353576.06
Tanker,80928.49,43481.29,14.75,4931.37,76.09,3,13.56,LNG,2152.52,5868.76,0.0,104.61,1098430.32
Tanker,118833.01,43136.33,15.57,1531.58,78.34,4,14.47,VLSFO,741.11,2205.99,15.19,136.74,364627.0
Bulk Carrier,46772.46,11437.44,14.3,1450.0,45.17,8,12.27,LNG,140.03,381.79,0.0,6.81,71457.76
Container,94381.44,24843.9,19.57,10729.46,37.57,5,12.05,HFO,1577.66,4908.85,126.84,317.11,539085.7
Bulk Carrier,49723.23,16131.99,11.79,4758.98,41.58,4,12.38,LNG,654.98,1785.77,0.0,31.83,334234.17
Container,88105.05,35798.95,20.27,3549.49,84.08,4,13.96,Ammonia,1081.78,0.0,0.0,20.12,503029.43
Bulk Carrier,84015.31,23576.87,12.69,4763.62,89.61,3,14.11,Ammonia,1581.76,0.0,0.0,29.42,735520.34
Bulk Carrier,59663.81,12988.01,13.17,3374.29,37.4,3,12.17,LNG,296.42,808.18,0.0,14.41,151263.91
Bulk Carrier,83880.48,23984.41,12.09,3645.32,54.45,7,13.07,LNG,1085.8,2960.39,0.0,52.77,554083.78
Container,121990.8,50528.78,19.83,4967.36,63.51,2,12.98,Methanol,2020.16,2713.58,0.0,32.16,603017.06
Container,107572.44,38805.57,23.41,7286.34,87.06,6,13.82,HFO,2489.25,7745.24,200.14,500.34,850575.07
Bulk Carrier,47564.89,21604.86,15.56,7348.8,46.32,4,12.14,LNG,1162.34,3169.07,0.0,56.49,593141.01
Tanker,192295.86,41429.78,15.21,4936.72,56.38,3,13.32,Hydrogen,1615.31,0.0,0.0,0.0,6784302.1
Container,130118.91,21141.29,17.98,3498.29,37.85,5,12.44,LNG,434.45,1184.52,0.0,21.11,221701.43
Tanker,160718.16,25120.97,15.52,1511.68,96.53,4,14.93,LNG,471.45,1285.38,0.0,22.91,240578.56
Container,109893.39,36157.52,21.41,3386.62,43.63,4,12.44,Ammonia,631.98,0.0,0.0,11.75,293871.72
Tanker,161296.48,37527.19,13.0,4757.22,44.83,5,12.41,LNG,1436.66,3916.99,0.0,69.82,733127.14
Bulk Carrier,84652.41,19059.64,15.64,11100.66,73.29,4,13.12,Methanol,2560.28,3439.1,0.0,40.76,764243.35
Tanker,155211.21,42850.02,16.18,1533.33,32.96,5,11.26,HFO,389.55,1212.09,31.32,78.3,133110.91
Container,62177.15,37323.63,17.08,3627.74,90.72,2,15.21,Methanol,1562.78,2099.21,0.0,24.88,466490.92
Tanker,108852.88,28523.27,14.8,6711.74,37.16,7,11.6,Methanol,1746.13,2345.49,0.0,27.8,521221.07
Bulk Carrier,75483.53,16908.37,13.45,3586.24,82.1,3,14.54,Ammonia,722.07,0.0,0.0,13.43,335762.05
Container,114492.97,58758.48,17.03,1530.85,49.74,5,12.82,HFO,756.68,2354.38,60.84,152.09,258556.24
Bulk Carrier,34395.79,24717.17,11.19,5211.54,75.67,4,13.56,Methanol,2210.03,2968.63,0.0,35.18,659695.31
Container,54132.68,29656.67,21.35,10700.33,50.71,2,12.13,HFO,1868.96,5815.23,150.26,375.66,638623.47
Bulk Carrier,85369.53,13172.63,11.37,11549.38,81.26,4,14.0,HFO,2414.37,7512.26,194.12,485.29,824989.71
Tanker,141460.92,36958.5,13.56,5065.65,44.53,4,12.37,VLSFO,1660.77,4943.45,34.05,306.41,817098.91
Bulk Carrier,99970.95,18015.81,14.88,1528.22,78.82,5,14.36,Hydrogen,327.41,0.0,0.0,0.0,1375119.74
Tanker,191567.61,40600.38,16.04,11319.56,88.69,2,14.69,Hydrogen,4835.49,0.0,0.0,0.0,20309072.42
Tanker,161899.12,22518.02,14.96,3480.3,94.1,3,14.02,Ammonia,945.83,0.0,0.0,17.59,439812.71
Tanker,162197.26,15056.2,16.78,6795.78,89.84,2,14.49,Ammonia,997.44,0.0,0.0,18.55,463810.75
Container,120485.88,49808.77,17.8,3413.95,90.05,1,14.64,Hydrogen,1468.35,0.0,0.0,0.0,6167060.78
Bulk Carrier,67220.38,21361.84,11.16,1458.5,91.03,4,15.05,VLSFO,550.28,1637.96,11.28,101.53,270736.93
Tanker,100710.34,26490.39,12.49,1501.96,45.74,7,11.83,Hydrogen,434.9,0.0,0.0,0.0,1826559.49
Tanker,190360.02,21428.35,16.02,7305.17,94.26,5,14.33,VLSFO,2183.04,6498.04,44.75,402.77,1074056.99
Bulk Carrier,35734.0,21581.58,11.81,6873.02,82.9,1,14.79,Hydrogen,1777.91,0.0,0.0,0.0,7467208.45
Tanker,132552.01,15106.99,16.78,1451.49,86.53,3,13.68,Methanol,243.99,327.74,0.0,3.88,72831.19
Bulk Carrier,93251.34,19195.53,13.48,11505.09,83.3,5,14.04,Hydrogen,3048.31,0.0,0.0,0.0,12802890.4
Container,57675.42,35542.57,14.28,1448.67,68.76,2,13.84,VLSFO,537.11,1598.77,11.01,99.1,264259.22
Container,85584.8,25459.39,17.73,3434.34,63.42,4,12.97,Methanol,795.24,1068.21,0.0,12.66,237379.37
Container,123093.1,39603.67,15.14,1464.04,85.62,3,14.63,Ammonia,647.59,0.0,0.0,12.05,301128.24
Bulk Carrier,35632.73,14219.28,12.58,3372.48,47.8,6,12.03,Methanol,588.47,790.47,0.0,9.37,175659.7
Container,89089.57,21917.29,18.86,4997.63,92.58,3,15.0,VLSFO,1055.84,3142.82,21.64,194.8,519474.88
Bulk Carrier,58407.97,16869.31,15.79,3460.57,74.23,4,13.92,Ammonia,628.5,0.0,0.0,11.69,292250.2
Tanker,164142.38,31018.34,13.48,10764.1,41.75,7,11.57,Methanol,3724.71,5003.22,0.0,59.3,1111827.33
Tanker,122647.9,30613.1,12.36,1456.16,60.46,4,13.34,LNG,473.82,1291.86,0.0,23.03,241791.63
Container,88937.31,24738.37,19.13,1522.22,54.3,5,13.07,Hydrogen,256.41,0.0,0.0,0.0,1076920.4
Container,103676.07,37377.0,18.06,3341.3,49.2,1,12.84,LNG,658.58,1795.6,0.0,32.01,336075.35
Tanker,122776.9,39133.22,14.58,1532.85,46.82,4,11.8,Hydrogen,493.52,0.0,0.0,0.0,2072789.99
Bulk Carrier,52365.92,13336.68,15.3,6774.23,38.42,3,12.03,HFO,588.35,1830.65,47.3,118.26,201040.14
Container,58743.71,33897.07,23.66,7166.93,76.88,5,13.33,Methanol,2196.08,2949.88,0.0,34.96,655529.83
Tanker,151239.6,40755.39,16.47,4780.7,75.66,4,13.94,Ammonia,2087.89,0.0,0.0,38.83,970867.35
Bulk Carrier,95695.97,11706.2,11.27,6731.55,83.79,2,14.63,Methanol,1332.0,1789.21,0.0,21.21,397601.71
Tanker,105128.31,41311.74,15.75,3423.93,44.44,4,11.69,LNG,908.35,2476.59,0.0,44.15,463533.47
Tanker,159958.81,15498.18,14.59,1447.0,68.21,6,13.02,HFO,265.4,825.79,21.34,53.35,90687.37
Tanker,186110.25,21757.31,12.98,4841.29,87.54,4,14.37,Ammonia,1435.91,0.0,0.0,26.71,667698.36
Container,74083.53,45588.9,23.04,1475.12,87.0,3,13.66,Ammonia,472.07,0.0,0.0,8.78,219510.45
Tanker,137220.24,19675.8,14.02,7004.53,73.92,2,13.17,Ammonia,1428.44,0.0,0.0,26.57,664226.12
Bulk Carrier,68625.3,15709.04,14.32,1425.71,50.22,5,12.04,LNG,179.18,488.54,0.0,8.71,91437.83
Bulk Carrier,71780.11,21181.14,13.22,5080.17,56.47,4,12.76,Ammonia,1008.46,0.0,0.0,18.76,468935.47
Tanker,111948.33,30903.96,13.43,5217.91,56.85,4,12.22,HFO,1694.74,5273.16,136.26,340.64,579094.04
Tanker,183958.67,32284.53,15.55,5232.25,76.31,4,13.55,VLSFO,1892.69,5633.77,38.8,349.2,931202.11
Tanker,130686.76,37773.52,14.26,5026.99,36.85,2,11.7,Methanol,1433.4,1925.42,0.0,22.82,427870.99
Bulk Carrier,98385.54,9122.64,15.42,11294.18,49.83,3,12.18,Methanol,962.82,1293.3,0.0,15.33,287400.54
Tanker,146470.52,26336.51,13.49,1469.82,84.05,3,14.43,Hydrogen,475.15,0.0,0.0,0.0,1995647.88
Bulk Carrier,98929.73,19039.63,15.5,7201.34,94.91,3,14.58,Ammonia,1481.45,0.0,0.0,27.55,688874.28
Container,104346.05,25497.3,22.21,11158.52,83.29,5,14.49,Hydrogen,2186.24,0.0,0.0,0.0,9182210.87
Tanker,168695.9,24751.86,12.1,7097.9,75.3,4,13.35,Ammonia,2299.66,0.0,0.0,42.77,1069339.66
Bulk Carrier,99180.6,24641.65,13.09,3629.29,88.77,6,14.48,Ammonia,1470.87,0.0,0.0,27.36,683952.42
Tanker,112109.77,40206.46,13.91,6952.66,32.3,6,11.13,Ammonia,2039.22,0.0,0.0,37.93,948235.9
Container,77108.09,40416.9,19.81,3605.4,64.37,5,12.78,LNG,1040.77,2837.61,0.0,50.58,531104.34
Container,81506.42,27955.36,17.95,1537.95,74.14,5,13.16,LNG,375.91,1024.92,0.0,18.27,191829.27
Container,122675.65,37609.24,20.78,4840.54,51.98,4,13.18,VLSFO,1149.47,3421.5,23.56,212.08,565537.9
Tanker,104710.19,26964.91,14.06,6874.95,78.41,5,13.81,LNG,2209.83,6025.02,0.0,107.4,1127678.25
Tanker,179121.43,28304.06,16.63,5111.85,87.44,3,14.3,HFO,1714.73,5335.34,137.86,344.66,585921.91
Bulk Carrier,88709.67,10592.09,11.92,11048.77,67.95,3,13.71,Ammonia,1426.6,0.0,0.0,26.53,663370.17
Container,82166.71,22784.99,14.16,6859.01,70.18,5,13.95,Ammonia,1810.66,0.0,0.0,33.68,841956.51
Bulk Carrier,63107.04,14573.59,11.16,1481.58,84.78,4,14.54,Ammonia,338.64,0.0,0.0,6.3,157468.77
Tanker,154594.3,34285.78,12.61,6840.53,35.91,3,11.54,HFO,1771.27,5511.26,142.41,356.02,605241.95
Tanker,114405.1,41938.94,13.48,6980.58,97.6,4,14.96,VLSFO,4180.1,12442.5,85.69,771.23,2056611.33
Tanker,118413.57,33098.97,14.43,1467.03,48.9,4,12.96,LNG,370.17,1009.24,0.0,17.99,188895.35
Bulk Carrier,74994.68,22185.35,15.09,5065.89,45.56,3,12.57,Hydrogen,808.17,0.0,0.0,0.0,3394294.0
Container,113405.48,21862.44,14.45,6827.88,41.78,4,12.17,LNG,1039.06,2832.95,0.0,50.5,530230.42
Tanker,191042.22,35174.79,15.97,4838.23,53.75,3,13.01,Methanol,1487.69,1998.34,0.0,23.68,444074.5
Tanker,154252.0,41597.58,12.86,3388.51,65.03,5,13.31,HFO,1787.71,5562.44,143.73,359.33,610862.08
Bulk Carrier,30346.88,19261.05,13.65,3563.58,89.83,3,15.08,HFO,928.0,2887.45,74.61,186.53,317097.11
Bulk Carrier,42120.0,8848.39,13.08,4863.91,60.42,3,13.54,Hydrogen,410.7,0.0,0.0,0.0,1724923.35
Tanker,189715.97,16027.63,13.32,11467.58,68.66,1,13.05,VLSFO,1870.65,5568.17,38.35,345.13,920359.32
Container,102580.8,31877.78,17.54,4832.89,93.68,4,14.01,Methanol,1997.4,2683.01,0.0,31.8,596224.71
Bulk Carrier,32269.6,20008.13,13.07,3518.5,70.22,1,12.95,LNG,679.2,1851.8,0.0,33.01,346594.24
Bulk Carrier,73291.08,13086.35,11.05,1439.6,50.54,3,12.05,HFO,207.08,644.32,16.65,41.62,70758.7
Tanker,130329.66,25562.77,12.09,3567.09,32.54,4,11.52,Ammonia,675.02,0.0,0.0,12.56,313883.62
Container,100020.64,20351.43,17.99,4823.87,40.24,4,11.59,HFO,636.48,1980.39,51.17,127.93,217485.18
Tanker,88429.57,29862.43,14.06,3624.95,46.92,5,12.19,Hydrogen,1007.6,0.0,0.0,0.0,4231931.88
Tanker,136777.4,42868.7,13.94,1535.58,39.21,5,11.52,Methanol,560.79,753.28,0.0,8.93,167396.08
Tanker,118797.02,37690.38,16.96,10510.21,43.69,5,12.0,VLSFO,2723.89,8107.94,55.84,502.56,1340155.64
Tanker,197947.94,21392.94,14.19,4997.8,39.1,8,12.51,Hydrogen,893.31,0.0,0.0,0.0,3751916.73
Bulk Carrier,74899.54,12433.75,13.85,3334.62,46.19,3,11.9,Ammonia,306.16,0.0,0.0,5.69,142366.33
Tanker,126371.56,20965.4,13.15,7343.79,35.72,8,11.61,Hydrogen,1518.35,0.0,0.0,0.0,6377089.98
Bulk Carrier,50225.06,20573.91,13.6,11281.87,61.68,4,13.18,VLSFO,2533.96,7542.58,51.95,467.52,1246706.96
Tanker,92466.31,24430.93,16.25,5068.48,97.99,6,14.41,Ammonia,1704.53,0.0,0.0,31.7,792605.94
Container,113697.0,21230.87,17.45,3415.22,62.39,6,13.07,VLSFO,731.66,2177.87,15.0,134.99,359978.67
Bulk Carrier,68554.07,18574.63,13.55,1505.4,84.01,4,14.89,VLSFO,380.92,1133.85,7.81,70.28,187414.03
Container,91176.67,38442.02,23.62,6827.97,40.46,2,11.51,Methanol,1274.47,1711.93,0.0,20.29,380428.94
Container,96254.89,25643.09,21.77,5154.93,55.35,5,13.02,VLSFO,940.77,2800.31,19.29,173.57,462860.67
Container,81578.95,43512.99,19.22,11034.73,47.23,4,12.57,Hydrogen,2920.06,0.0,0.0,0.0,12264242.17
Bulk Carrier,99953.15,22697.92,15.78,3402.28,83.68,4,14.16,LNG,782.91,2134.57,0.0,38.05,399518.01
Bulk Carrier,71693.51,10543.99,11.17,11525.87,98.8,3,15.34,Hydrogen,2027.77,0.0,0.0,0.0,8516634.21
Bulk Carrier,95340.95,22188.22,13.11,6901.2,98.19,5,15.54,Hydrogen,2466.38,0.0,0.0,0.0,10358785.9
Container,112171.68,50618.52,16.19,3641.34,75.65,2,14.01,Hydrogen,1730.35,0.0,0.0,0.0,7267481.59
Tanker,103861.99,38969.95,12.71,7057.44,82.55,4,13.71,Ammonia,3805.28,0.0,0.0,70.78,1769455.26
Bulk Carrier,80002.49,20416.34,11.2,4860.44,31.82,7,11.75,Hydrogen,909.49,0.0,0.0,0.0,3819867.84
Tanker,111809.14,15786.49,12.16,5112.75,36.51,2,12.2,VLSFO,598.22,1780.65,12.26,110.37,294322.77
Bulk Carrier,42964.51,9825.82,14.79,5023.83,54.68,6,12.28,Methanol,560.9,753.43,0.0,8.93,167427.98
Bulk Carrier,84153.17,12024.34,15.9,6917.82,71.59,4,13.23,Hydrogen,783.15,0.0,0.0,0.0,3289224.71
Tanker,165618.7,21556.3,15.6,1464.41,84.71,1,14.51,Ammonia,294.31,0.0,0.0,5.47,136855.04
Tanker,81506.23,41529.53,13.93,10546.65,96.92,4,14.78,VLSFO,6122.88,18225.37,125.52,1129.67,3012458.11
Container,75411.98,40061.09,19.84,4826.01,68.0,3,13.12,Ammonia,1425.0,0.0,0.0,26.5,662624.88
Container,51885.47,53914.29,20.27,7084.48,48.54,3,12.13,Hydrogen,2205.82,0.0,0.0,0.0,9264423.39
Bulk Carrier,64348.05,16027.76,11.0,6663.71,87.92,5,14.85,VLSFO,2141.59,6374.66,43.9,395.12,1053662.96
Container,120254.14,21557.52,23.34,4963.93,91.37,3,14.03,Hydrogen,861.24,0.0,0.0,0.0,3617218.76
Tanker,113279.5,17128.98,13.87,3518.2,87.99,5,14.34,VLSFO,902.19,2685.46,18.49,166.45,443877.16
Container,129387.16,55685.39,22.99,3507.34,39.82,2,12.42,LNG,726.47,1980.69,0.0,35.31,370716.58
Container,64674.53,58767.2,19.45,5066.47,87.62,4,14.28,Ammonia,2808.16,0.0,0.0,52.23,1305795.04
Bulk Carrier,36466.32,19242.44,11.53,11541.78,51.76,3,12.68,Hydrogen,2259.3,0.0,0.0,0.0,9489079.66
Bulk Carrier,60252.96,21818.88,13.07,1478.53,46.17,5,11.99,Hydrogen,278.43,0.0,0.0,0.0,1169387.06
Container,91019.14,38003.53,16.52,11272.87,78.71,1,13.84,VLSFO,3936.24,11716.61,80.69,726.24,1936630.17
Tanker,125519.28,19928.84,14.14,10683.42,34.72,5,11.42,Methanol,1848.3,2482.73,0.0,29.42,551717.91
Tanker,196369.72,36862.87,13.04,1553.92,86.01,4,13.81,LNG,781.17,2129.84,0.0,37.97,398632.5
Tanker,149930.66,18811.3,16.27,3510.74,82.81,5,14.14,LNG,695.05,1895.02,0.0,33.78,354683.04
Tanker,189973.13,29704.71,12.03,11392.94,45.22,1,12.17,Ammonia,2630.66,0.0,0.0,48.93,1223256.1
Tanker,162714.41,36985.78,13.11,5003.85,60.42,3,12.89,HFO,1985.68,6178.4,159.65,399.12,678506.19
Bulk Carrier,53808.7,9477.74,13.3,7205.0,75.02,5,13.83,LNG,802.99,2189.31,0.0,39.03,409764.52
Tanker,100641.92,25727.42,16.81,3382.14,34.56,6,11.17,LNG,544.25,1483.88,0.0,26.45,277731.81
Container,81732.98,57325.19,18.5,10670.4,48.22,1,12.21,HFO,3424.36,10654.82,275.32,688.3,1170103.06
Tanker,134476.98,22365.45,13.39,3557.42,70.03,2,13.98,HFO,874.21,2720.08,70.29,175.72,298716.57
Bulk Carrier,65679.26,18302.0,11.69,4935.51,67.6,3,12.99,Ammonia,1081.12,0.0,0.0,20.11,502721.57
Bulk Carrier,40067.45,11601.2,14.41,6925.3,75.04,3,14.07,Hydrogen,840.8,0.0,0.0,0.0,3531375.02
Container,145770.32,20935.26,18.93,4819.22,47.72,4,11.98,Ammonia,596.42,0.0,0.0,11.09,277335.37
Tanker,183218.82,18346.2,12.21,1430.74,34.89,3,11.43,Hydrogen,182.59,0.0,0.0,0.0,766894.54
Tanker,164428.31,22353.66,16.21,3384.29,96.8,5,14.12,LNG,820.46,2236.95,0.0,39.87,418681.1
Container,132897.41,42834.89,16.45,6726.91,50.52,2,12.96,HFO,2063.75,6421.32,165.93,414.81,705183.46
Container,76038.93,44257.88,15.42,5249.72,47.37,1,12.68,Methanol,1821.01,2446.07,0.0,28.99,543571.01
Tanker,180146.9,15697.9,15.22,5052.04,80.16,5,14.05,LNG,909.62,2480.05,0.0,44.21,464180.79
Container,112596.3,43724.8,18.59,5119.47,46.23,3,12.25,LNG,1289.12,3514.74,0.0,62.65,657839.79
Bulk Carrier,61471.85,17562.12,11.43,3618.09,40.25,3,11.91,Ammonia,594.18,0.0,0.0,11.05,276293.96
Bulk Carrier,62923.25,12668.77,11.61,5003.73,62.71,5,13.18,Methanol,929.12,1248.05,0.0,14.79,277343.64
Bulk Carrier,38211.83,20060.94,13.56,11517.65,71.95,4,13.47,Methanol,3189.16,4283.84,0.0,50.77,951964.33
Bulk Carrier,37338.98,9484.78,14.06,6883.6,60.29,4,13.0,VLSFO,689.12,2051.23,14.13,127.14,339046.11
Container,112901.58,36186.67,16.69,1566.9,32.12,5,11.4,LNG,312.55,852.15,0.0,15.19,159493.73
Bulk Carrier,43475.61,23418.56,13.38,7132.0,74.38,4,14.0,VLSFO,2082.86,6199.84,42.7,384.29,1024767.36
Bulk Carrier,92935.86,21000.54,15.97,3587.24,55.38,1,12.57,HFO,568.15,1767.78,45.68,114.2,194136.16
Bulk Carrier,79407.68,16623.68,14.95,1493.55,48.48,2,12.31,Ammonia,184.44,0.0,0.0,3.43,85762.57
Tanker,150122.42,22720.69,15.55,11277.26,33.82,2,11.85,VLSFO,1476.77,4395.75,30.27,272.46,726570.01
Bulk Carrier,56190.19,19369.26,13.08,11183.36,60.26,4,12.72,Ammonia,2276.4,0.0,0.0,42.34,1058527.72
Container,120691.16,21506.36,23.66,11528.99,40.85,6,12.45,LNG,1100.43,3000.27,0.0,53.48,561548.37
Tanker,93166.52,36155.7,13.26,1450.88,80.86,2,14.03,Ammonia,616.74,0.0,0.0,11.47,286782.41
Tanker,179769.12,40887.1,12.43,11406.49,33.59,3,11.26,HFO,3348.62,10419.15,269.23,673.07,1144222.15
Container,114624.09,30434.18,21.32,7276.58,35.64,2,12.22,HFO,1000.8,3113.97,80.46,201.16,341973.68
Container,78796.21,54642.75,22.75,11162.68,88.18,5,14.12,HFO,5646.51,17568.99,453.98,1134.95,1929411.44
Tanker,181226.51,36908.06,15.35,10689.46,45.81,6,12.51,VLSFO,3536.37,10526.37,72.5,652.46,1739896.35
Container,115382.05,54735.8,19.84,4872.79,31.66,4,11.48,Hydrogen,1143.31,0.0,0.0,0.0,4801909.14
Bulk Carrier,52705.81,23403.45,15.72,10816.08,56.69,4,12.43,Methanol,2550.55,3426.03,0.0,40.6,761340.02
Container,83025.43,48727.74,15.95,6730.48,52.73,4,12.54,VLSFO,2585.73,7696.67,53.01,477.07,1272176.75
Tanker,86128.31,24094.7,13.73,4764.12,53.77,3,13.12,Ammonia,1013.32,0.0,0.0,18.85,471193.62
Bulk Carrier,45273.57,14768.88,11.06,6874.89,54.86,4,12.61,Methanol,1340.31,1800.37,0.0,21.34,400083.14
Bulk Carrier,52798.14,19158.41,12.96,3500.31,42.58,3,12.02,Methanol,642.99,863.69,0.0,10.24,191931.9
Bulk Carrier,97880.06,8769.77,11.65,1528.11,81.35,5,13.95,LNG,198.25,540.52,0.0,9.63,101167.43
Container,76119.67,36822.98,22.14,6733.06,48.62,1,12.46,VLSFO,1280.01,3810.09,26.24,236.16,629767.13
Container,63416.8,49124.6,18.31,1544.82,65.7,5,13.66,Hydrogen,643.26,0.0,0.0,0.0,2701672.94
Tanker,106080.43,30875.56,14.5,4790.01,59.21,2,12.55,VLSFO,1321.3,3932.97,27.09,243.78,650077.77
Container,138494.99,50342.84,18.29,1532.14,90.64,5,15.25,Ammonia,865.4,0.0,0.0,16.1,402412.53
Tanker,165725.64,25016.99,12.76,3452.7,53.2,5,12.23,Hydrogen,879.8,0.0,0.0,0.0,3695147.46
Tanker,188468.76,29435.74,13.3,5241.9,89.83,3,14.7,HFO,2063.33,6420.01,165.89,414.73,705040.32
Bulk Carrier,78383.64,13534.52,12.35,7091.34,68.13,2,13.79,Ammonia,1026.2,0.0,0.0,19.09,477182.72
Container,112872.44,43536.2,15.59,1471.07,85.0,5,14.07,Hydrogen,730.73,0.0,0.0,0.0,3069064.02
Bulk Carrier,72334.05,12066.36,14.03,10838.23,55.55,3,12.8,Ammonia,1144.65,0.0,0.0,21.29,532262.07
Container,115662.64,24493.93,19.39,3570.82,61.66,4,12.69,HFO,643.16,2001.19,51.71,129.28,219768.45
Tanker,169878.95,40761.27,14.62,7003.46,54.01,5,13.22,Ammonia,2510.62,0.0,0.0,46.7,1167437.53
Bulk Carrier,32728.11,24378.26,15.7,7276.62,57.24,5,12.33,Methanol,1976.53,2654.98,0.0,31.47,589995.62
Bulk Carrier,99789.07,17276.42,11.03,5216.18,61.23,2,12.47,VLSFO,1138.93,3390.13,23.35,210.13,560351.53
Bulk Carrier,70224.43,21035.83,12.84,5224.98,43.26,5,11.69,LNG,907.13,2473.26,0.0,44.09,462909.05
Bulk Carrier,98726.19,12570.28,11.14,6991.69,74.67,5,13.78,LNG,1247.73,3401.89,0.0,60.64,636716.7
Tanker,173341.26,16096.27,13.32,4775.82,50.93,4,12.07,Ammonia,721.97,0.0,0.0,13.43,335714.39
Bulk Carrier,57663.0,13527.19,14.3,4972.52,73.27,4,13.9,Hydrogen,756.93,0.0,0.0,0.0,3179104.12
Bulk Carrier,42117.91,17018.32,15.08,1511.03,73.82,5,14.0,Hydrogen,301.7,0.0,0.0,0.0,1267132.46
Bulk Carrier,31643.89,13305.99,15.63,7147.52,41.82,1,11.74,Ammonia,586.57,0.0,0.0,10.91,272754.47
Container,91784.11,58144.71,23.25,3332.73,56.15,4,12.58,VLSFO,1179.83,3511.9,24.19,217.68,580478.78
Tanker,153861.41,42605.05,15.28,7291.46,77.85,4,13.59,VLSFO,3386.69,10080.83,69.43,624.85,1666253.55
Bulk Carrier,58758.08,11522.97,15.0,6913.51,88.28,4,14.99,VLSFO,995.84,2964.22,20.41,183.73,489954.06
Container,103754.81,35282.19,21.27,10879.96,99.63,4,15.67,Ammonia,3543.88,0.0,0.0,65.92,1647904.76
Tanker,95885.89,21737.08,13.23,3581.47,57.14,8,12.4,HFO,1016.37,3162.4,81.72,204.29,347292.37
Tanker,116009.33,20064.31,15.95,3430.69,77.14,5,13.59,VLSFO,762.23,2268.84,15.63,140.63,375015.57
Container,139095.34,41356.96,22.68,7303.39,87.07,4,13.8,Hydrogen,2212.45,0.0,0.0,0.0,9292296.26
Container,133782.0,43115.91,23.67,1492.61,60.75,1,13.37,Methanol,427.94,574.83,0.0,6.81,127739.46
Bulk Carrier,81663.43,20572.05,11.9,3391.38,61.14,5,13.56,Methanol,1075.08,1444.1,0.0,17.12,320910.14
Bulk Carrier,45260.47,19049.21,15.38,11530.46,49.65,3,12.37,LNG,1573.06,4288.89,0.0,76.45,802733.56
Tanker,151629.84,27244.05,15.83,6942.46,69.37,5,13.18,Methanol,2235.39,3002.69,0.0,35.59,667263.91
Container,92800.66,25623.61,20.31,4862.19,94.78,4,14.81,HFO,1282.72,3991.17,103.13,257.83,438306.34
Tanker,133212.39,33066.55,12.19,1470.89,56.04,5,12.19,LNG,491.69,1340.58,0.0,23.9,250910.87
Bulk Carrier,45915.85,15623.26,12.03,1572.0,32.68,5,11.99,HFO,193.31,601.48,15.54,38.86,66054.06
Tanker,94701.65,39042.25,15.18,6713.19,55.2,4,13.25,Hydrogen,2367.16,0.0,0.0,0.0,9942054.8
Bulk Carrier,99736.26,21876.83,14.33,3340.19,74.24,2,13.1,VLSFO,739.43,2200.97,15.16,136.42,363797.24
Bulk Carrier,62568.78,24686.9,13.33,6986.21,42.3,3,12.53,HFO,1372.87,4271.66,110.38,275.95,469109.57
Bulk Carrier,71370.0,20778.37,15.34,7212.44,89.39,3,14.27,LNG,1593.3,4344.07,0.0,77.43,813061.01
Container,61286.27,26049.8,14.77,11010.98,98.78,5,15.25,VLSFO,4211.47,12535.86,86.34,777.02,2072043.32
Tanker,181651.84,34149.45,15.25,3525.58,57.91,4,12.53,VLSFO,1157.51,3445.43,23.73,213.56,569492.94
Container,130654.24,42058.59,20.11,10752.32,92.24,4,14.34,VLSFO,4077.91,12138.31,83.6,752.37,2006332.09
Bulk Carrier,92672.01,19373.92,11.02,7302.49,43.17,6,12.52,VLSFO,1653.84,4922.82,33.9,305.13,813689.84
Container,140744.62,30650.44,14.11,11480.0,87.97,3,14.59,Hydrogen,4159.73,0.0,0.0,0.0,17470858.97
Bulk Carrier,41536.7,20512.31,11.65,1464.39,40.9,3,11.46,Methanol,277.53,372.79,0.0,4.42,82842.78
Tanker,80467.46,37211.99,14.91,6733.23,37.13,4,12.29,LNG,1614.15,4400.91,0.0,78.45,823699.79
Container,51331.86,28861.52,17.33,1532.77,96.37,3,14.79,HFO,483.64,1504.83,38.88,97.21,165258.89
Tanker,96069.89,18940.9,14.14,4771.35,65.12,4,13.03,Hydrogen,933.46,0.0,0.0,0.0,3920527.79
Tanker,171633.83,17988.71,16.77,3586.51,75.21,4,13.32,LNG,587.3,1601.26,0.0,28.54,299700.68
Container,103983.49,59796.07,18.08,10881.55,51.51,4,12.05,Methanol,5486.77,7370.1,0.0,87.35,1637800.07
Container,80889.79,37245.19,14.04,3468.48,72.57,4,13.91,HFO,1663.06,5174.58,133.71,334.28,568267.97
Tanker,95406.67,25891.63,16.48,7125.27,92.47,3,14.42,HFO,2035.46,6333.31,163.65,409.13,695518.05
Bulk Carrier,69872.5,11526.87,13.86,1551.11,32.75,5,11.07,LNG,110.7,301.81,0.0,5.38,56487.76
Bulk Carrier,40335.87,9181.2,14.17,5248.11,42.62,5,12.27,Methanol,443.41,595.61,0.0,7.06,132358.61
Container,60789.26,21205.13,19.74,3479.83,88.81,3,14.1,Methanol,770.5,1034.98,0.0,12.27,229994.79
Tanker,96578.08,25565.17,14.07,4825.8,36.1,5,11.55,HFO,920.85,2865.22,74.04,185.09,314655.53
Bulk Carrier,82744.37,24457.17,11.95,1542.08,40.13,3,11.75,Hydrogen,327.16,0.0,0.0,0.0,1374058.14
Bulk Carrier,92578.13,16200.92,13.33,11213.01,31.86,2,11.03,Ammonia,1076.71,0.0,0.0,20.03,500669.15
Container,128793.59,52250.05,19.23,5245.22,93.96,4,15.08,LNG,2696.68,7352.4,0.0,131.06,1376118.06
Container,132196.74,56460.6,18.38,1518.16,73.29,8,14.18,Methanol,1174.45,1577.58,0.0,18.7,350574.07
Bulk Carrier,40555.87,21234.75,11.92,7249.98,36.62,5,12.35,HFO,1430.73,4451.7,115.03,287.58,488881.73
Tanker,98907.09,15071.76,15.85,3578.7,31.54,3,11.15,HFO,296.42,922.32,23.83,59.58,101288.08
Bulk Carrier,76223.62,10824.76,14.77,3444.81,62.91,5,13.74,Ammonia,407.14,0.0,0.0,7.57,189320.07
Container,102433.87,47514.58,22.85,10811.17,73.02,4,12.97,Methanol,4104.55,5513.44,0.0,65.34,1225209.53
Tanker,121436.83,26184.48,12.18,6789.29,56.87,4,13.37,Hydrogen,1977.74,0.0,0.0,0.0,8306494.78
Container,124839.86,54485.64,20.33,1570.16,81.46,3,13.59,VLSFO,715.79,2130.61,14.67,132.06,352167.18
Bulk Carrier,30611.7,13420.65,14.24,5118.99,36.91,3,12.15,Hydrogen,479.09,0.0,0.0,0.0,2012176.58
Bulk Carrier,94398.39,12257.23,13.51,4863.69,80.15,3,13.82,Ammonia,660.64,0.0,0.0,12.29,307198.49
Bulk Carrier,33358.74,18039.2,13.03,11115.61,78.86,8,13.26,Methanol,3689.06,4955.33,0.0,58.73,1101183.38
Tanker,112548.89,18654.63,16.71,11028.8,47.48,3,11.8,VLSFO,1394.67,4151.38,28.59,257.32,686178.6
Tanker,168033.15,31583.08,16.35,3415.12,44.79,1,11.68,VLSFO,724.81,2157.47,14.86,133.73,356607.09
Container,116422.22,35084.26,18.29,3562.75,62.62,5,12.98,Ammonia,1048.17,0.0,0.0,19.5,487401.11
Bulk Carrier,41501.27,21293.19,14.86,1559.02,33.99,5,11.94,LNG,195.22,532.26,0.0,9.49,99621.75
Tanker,175228.79,42106.75,12.05,1565.3,98.11,7,15.16,VLSFO,1260.18,3751.04,25.83,232.5,620006.43
Container,85952.27,28327.59,18.32,5136.23,47.8,4,12.35,HFO,1022.33,3180.97,82.2,205.49,349331.69
Tanker,144960.34,43311.4,14.12,11081.53,93.65,7,14.37,VLSFO,8026.16,23890.67,164.54,1480.83,3948871.67
Tanker,89428.09,23528.51,13.65,10878.83,70.19,4,14.07,Ammonia,2717.71,0.0,0.0,50.55,1263732.84
Container,85493.94,23990.88,16.29,7139.18,44.04,3,11.73,Methanol,1256.22,1687.42,0.0,20.0,374982.73
Tanker,178168.65,36114.31,14.15,3447.0,38.05,5,12.14,HFO,933.28,2903.89,75.04,187.59,318902.41
Container,110326.7,30775.08,17.01,5245.72,76.97,3,13.27,Hydrogen,1398.96,0.0,0.0,0.0,5875648.76
Container,147857.78,49586.64,22.02,3602.47,88.91,5,14.7,VLSFO,1684.03,5012.68,34.52,310.7,828541.44
Bulk Carrier,59345.88,23386.3,13.64,3456.82,45.23,3,12.48,VLSFO,644.83,1919.4,13.22,118.97,317256.42
Bulk Carrier,37016.45,23985.26,13.58,5135.31,80.65,2,13.73,HFO,1457.53,4535.07,117.19,292.96,498037.45
Bulk Carrier,73805.77,16903.87,12.65,5130.74,77.06,3,14.49,HFO,1082.04,3366.74,87.0,217.49,369732.37
Bulk Carrier,52778.7,11632.71,13.83,1433.3,44.24,3,12.28,LNG,116.7,318.19,0.0,5.67,59553.72
Bulk Carrier,42687.99,24390.9,13.96,7265.82,58.9,4,12.84,HFO,1814.62,5646.15,145.9,364.74,620055.46
Container,87369.43,49033.68,20.1,1567.18,81.09,5,14.56,HFO,716.08,2228.07,57.57,143.93,244685.02
Container,61195.03,41262.86,19.0,3609.57,93.47,3,15.34,HFO,1553.11,4832.49,124.87,312.18,530699.37
Tanker,98562.17,29532.11,16.5,3661.86,85.94,2,13.79,LNG,1038.49,2831.41,0.0,50.47,529943.81
Bulk Carrier,70017.84,8529.72,14.09,6723.98,75.4,4,13.57,VLSFO,648.77,1931.13,13.3,119.7,319195.59
Tanker,120622.42,32658.7,15.94,6729.92,94.42,5,14.97,Ammonia,2721.81,0.0,0.0,50.63,1265639.42
Container,65556.28,29633.85,17.38,1538.88,60.51,5,12.72,LNG,331.72,904.43,0.0,16.12,169278.07
Container,94443.63,42471.2,16.61,4783.3,35.2,4,11.53,LNG,1101.91,3004.31,0.0,53.55,562304.57
Tanker,162638.14,39979.44,16.37,7179.76,81.23,3,13.84,Hydrogen,2886.54,0.0,0.0,0.0,12123482.48
Container,135713.3,22853.91,23.21,11089.3,49.38,3,12.33,Ammonia,1194.96,0.0,0.0,22.23,555658.41
Tanker,87735.08,20217.36,15.59,3583.01,70.02,5,13.2,Ammonia,731.34,0.0,0.0,13.6,340072.64
Bulk Carrier,30472.3,21944.07,15.93,4843.34,57.38,2,13.0,Hydrogen,811.42,0.0,0.0,0.0,3407961.78
Container,128231.61,20049.71,23.12,1553.64,54.62,3,13.22,Hydrogen,172.8,0.0,0.0,0.0,725739.2
Container,67771.98,46950.14,16.81,1500.98,72.75,5,13.69,LNG,636.9,1736.49,0.0,30.95,325011.98
Tanker,90014.47,17106.8,14.81,7212.79,40.48,3,11.72,HFO,812.4,2527.78,65.32,163.29,277598.24
Tanker,169560.38,23072.92,13.71,6715.94,31.49,1,12.01,Methanol,952.28,1279.15,0.0,15.16,284255.0
Container,66174.54,50348.22,17.75,10730.24,86.45,3,14.04,Ammonia,5540.21,0.0,0.0,103.05,2576199.14
Tanker,180761.91,20671.99,15.99,6836.01,63.22,4,13.64,LNG,1221.2,3329.56,0.0,59.35,623179.82
Container,144537.22,31759.52,18.51,11444.44,78.25,7,14.21,HFO,4479.3,13937.25,360.14,900.34,1530576.78
Bulk Carrier,40569.86,14671.61,15.66,1495.01,54.28,5,13.07,Hydrogen,184.17,0.0,0.0,0.0,773494.28
Container,70504.48,56219.26,22.28,3605.62,91.83,5,14.6,LNG,1714.31,4673.99,0.0,83.32,874811.01
Bulk Carrier,98028.23,19368.77,12.19,1540.16,56.41,2,12.97,Hydrogen,303.68,0.0,0.0,0.0,1275464.94
Tanker,102602.28,25346.83,16.5,1449.78,90.42,3,14.17,Methanol,454.19,610.09,0.0,7.23,135576.64
Bulk Carrier,79342.29,22874.7,15.96,10803.64,39.11,7,12.0,Methanol,2041.74,2742.57,0.0,32.5,609459.25
Container,76274.24,31739.01,18.82,10729.86,73.09,2,13.25,Methanol,3107.89,4174.68,0.0,49.48,927705.92
Tanker,88360.06,35971.02,14.95,7181.5,75.28,8,13.77,Hydrogen,3525.25,0.0,0.0,0.0,14806030.97
Tanker,105176.1,34145.05,12.32,11534.98,93.86,4,15.31,HFO,6181.74,19234.37,497.01,1242.53,2112301.65
Bulk Carrier,76147.35,11161.06,14.67,3662.49,37.23,5,11.8,Ammonia,281.09,0.0,0.0,5.23,130706.48
Bulk Carrier,53333.66,10333.88,14.49,4822.46,93.18,3,14.89,LNG,554.25,1511.15,0.0,26.94,282834.99
Tanker,190481.6,31541.56,14.67,3607.14,86.47,1,14.91,VLSFO,1287.76,3833.15,26.4,237.59,633578.55
Tanker,190847.52,36332.06,14.43,3616.78,78.24,1,13.54,HFO,1378.22,4288.31,110.81,277.02,470938.48
Container,75609.74,28875.55,20.38,4848.65,64.23,3,13.62,LNG,944.52,2575.2,0.0,45.9,481988.58
Bulk Carrier,71693.19,22284.81,15.44,6674.0,61.21,2,13.57,HFO,1347.65,4193.19,108.35,270.88,460492.69
Bulk Carrier,71202.78,13851.37,13.85,1485.61,96.92,7,14.66,Hydrogen,339.32,0.0,0.0,0.0,1425160.55
Bulk Carrier,58892.91,18074.2,14.43,10876.61,33.24,5,12.16,Ammonia,1212.38,0.0,0.0,22.55,563757.04
Tanker,149706.5,25980.97,12.06,1459.93,75.54,5,13.1,LNG,517.2,1410.12,0.0,25.14,263925.32
Bulk Carrier,34856.53,12458.55,12.52,3559.09,52.89,3,12.86,Methanol,523.82,703.62,0.0,8.34,156360.67
Tanker,89908.69,25522.62,16.9,4856.22,80.9,5,14.51,Hydrogen,1230.92,0.0,0.0,0.0,5169868.32
Container,107479.34,52945.95,23.67,1570.19,76.22,4,14.23,LNG,517.31,1410.42,0.0,25.14,263982.49
Container,50987.14,57652.34,21.41,11082.1,42.97,6,11.56,VLSFO,3978.14,11841.34,81.55,733.97,1957246.85
Tanker,161112.49,25572.07,13.35,1516.68,44.61,3,12.45,LNG,296.92,809.53,0.0,14.43,151515.79
Bulk Carrier,82657.71,8739.46,15.33,1534.0,42.34,3,12.31,LNG,77.18,210.42,0.0,3.75,39384.24
Bulk Carrier,67196.23,19598.91,13.54,1460.23,58.63,4,12.71,HFO,282.72,879.69,22.73,56.83,96606.91
Tanker,109122.4,28072.6,15.82,4782.49,35.53,2,12.11,LNG,678.87,1850.91,0.0,32.99,346426.14
Container,83659.75,25052.26,21.52,5183.72,48.99,3,12.11,Hydrogen,665.96,0.0,0.0,0.0,2797033.91
Tanker,121975.94,41899.26,12.58,1533.49,34.85,4,11.95,Ammonia,523.39,0.0,0.0,9.74,243377.58
Bulk Carrier,43846.2,11910.86,13.24,1446.49,87.22,5,13.84,LNG,234.48,639.29,0.0,11.4,119653.43
Container,92683.85,52335.83,15.3,3639.2,36.96,6,11.64,VLSFO,1386.7,4127.64,28.43,255.85,682255.32
Tanker,180291.56,18480.88,13.84,1566.68,73.16,7,13.3,VLSFO,419.43,1248.46,8.6,77.38,206357.41
Container,125655.73,25768.79,18.37,5152.62,63.99,4,12.67,HFO,1147.41,3570.13,92.25,230.63,392068.58
Bulk Carrier,98584.21,24588.98,15.27,3661.57,32.96,4,11.72,Methanol,605.91,813.89,0.0,9.65,180865.09
Container,94345.31,56413.04,21.42,1552.95,34.87,2,12.2,LNG,338.41,922.65,0.0,16.45,172688.73
Container,59490.9,41469.77,15.33,3576.73,85.11,6,14.47,Ammonia,1957.21,0.0,0.0,36.4,910102.61
Container,100431.85,42825.98,19.39,3577.17,78.89,3,14.3,Ammonia,1307.53,0.0,0.0,24.32,608001.51
Tanker,107745.63,23627.93,12.12,6671.4,50.31,4,12.27,LNG,1533.33,4180.56,0.0,74.52,782457.64
Bulk Carrier,73093.16,18935.51,11.71,5011.12,81.95,4,14.6,Methanol,1693.31,2274.54,0.0,26.96,505452.46
Tanker,96676.59,26903.86,15.01,6975.78,68.0,4,13.76,VLSFO,1932.88,5753.42,39.62,356.62,950977.93
Container,121672.41,36932.96,20.6,4963.41,61.72,4,13.49,Ammonia,1262.99,0.0,0.0,23.49,587291.32
Container,145915.64,37335.06,22.84,10687.61,78.1,3,14.12,VLSFO,2881.5,8577.08,59.07,531.64,1417698.72
Tanker,108271.08,15749.15,14.88,1437.17,59.12,3,12.34,Ammonia,193.19,0.0,0.0,3.59,89835.13
Container,100626.06,55838.65,15.62,11328.69,65.26,2,12.68,Hydrogen,5449.36,0.0,0.0,0.0,22887297.57
Container,136840.81,43734.78,17.39,3358.31,86.71,3,14.34,VLSFO,1605.34,4778.46,32.91,296.19,789827.61
Bulk Carrier,86053.96,12386.33,13.86,11446.46,47.19,3,12.0,Hydrogen,1149.88,0.0,0.0,0.0,4829490.65
Bulk Carrier,64969.78,11177.91,11.63,1460.99,87.16,1,14.51,HFO,239.11,743.99,19.22,48.06,81704.23
Tanker,134713.65,39003.9,15.12,10560.89,38.44,5,11.58,LNG,2783.4,7588.83,0.0,135.27,1420368.48
Container,108805.49,28537.23,16.52,5062.08,84.43,4,14.32,Ammonia,1503.7,0.0,0.0,27.97,699221.61
Tanker,89943.15,35484.49,12.81,6920.08,67.26,4,13.23,Hydrogen,2986.91,0.0,0.0,0.0,12545038.0
Bulk Carrier,77317.44,9371.44,15.45,10774.43,62.04,3,13.44,Ammonia,891.45,0.0,0.0,16.58,414525.53
Tanker,188595.1,28994.9,15.93,3555.17,73.58,5,13.94,VLSFO,1182.95,3521.18,24.25,218.25,582013.27
Tanker,82549.54,22650.57,16.81,3357.37,60.46,6,12.95,HFO,749.95,2333.46,60.3,150.74,256258.47
Tanker,81352.8,30522.68,13.18,1431.57,45.63,4,12.68,Hydrogen,397.06,0.0,0.0,0.0,1667654.73
Container,72561.15,59543.36,19.49,10544.2,78.8,2,14.47,Methanol,5964.38,8011.65,0.0,94.95,1780367.29
Tanker,97114.93,39357.42,12.57,7233.94,76.01,2,13.51,VLSFO,3459.78,10298.37,70.93,638.33,1702210.42
Tanker,126904.18,17908.98,13.21,3532.31,87.36,5,14.36,VLSFO,940.58,2799.74,19.28,173.54,462767.22
Container,57881.98,33086.7,15.01,3328.49,92.52,3,15.08,Ammonia,1307.66,0.0,0.0,24.32,608061.73
Container,53048.39,24168.8,17.36,1553.31,65.05,7,13.58,Methanol,406.4,545.9,0.0,6.47,121310.36
Bulk Carrier,77065.62,14644.66,15.67,3615.45,79.05,5,13.75,VLSFO,636.44,1894.42,13.05,117.42,313126.89
Bulk Carrier,82538.58,24909.97,15.81,5177.39,36.66,4,12.05,VLSFO,825.3,2456.58,16.92,152.27,406046.23
Container,110088.21,27348.36,20.19,3434.34,35.86,4,12.3,VLSFO,492.2,1465.08,10.09,90.81,242161.18
Bulk Carrier,59269.46,14685.32,14.1,10865.61,67.06,4,13.56,Hydrogen,1689.3,0.0,0.0,0.0,7095059.26
Bulk Carrier,71230.45,14947.05,12.38,3398.95,33.27,4,11.98,HFO,402.69,1252.95,32.38,80.94,137597.81
Bulk Carrier,47992.97,15391.66,15.99,7229.29,82.03,5,14.64,Ammonia,1202.57,0.0,0.0,22.37,559193.11
Bulk Carrier,71347.79,24088.15,11.75,4780.66,39.09,7,11.85,Methanol,1462.37,1964.32,0.0,23.28,436516.13
Bulk Carrier,88269.81,24568.55,14.45,10555.61,34.02,7,11.23,Ammonia,1895.34,0.0,0.0,35.25,881331.01
Tanker,166389.74,16235.87,16.72,3471.46,95.94,7,15.48,Hydrogen,718.67,0.0,0.0,0.0,3018393.53
Bulk Carrier,77144.26,17607.18,15.92,1468.02,40.74,2,12.59,Ammonia,164.9,0.0,0.0,3.07,76679.01
Bulk Carrier,56844.49,18553.41,12.37,4792.06,33.25,5,11.54,VLSFO,727.72,2166.13,14.92,134.26,358038.37
Tanker,130733.38,19301.41,16.17,1427.93,70.26,4,13.49,Hydrogen,259.53,0.0,0.0,0.0,1090032.89
Tanker,93194.46,18879.0,14.12,6694.16,56.86,2,13.26,HFO,1217.5,3788.22,97.89,244.72,416018.77
Tanker,111042.41,24067.24,15.94,3376.48,53.17,4,12.91,LNG,597.62,1629.39,0.0,29.04,304966.51
Bulk Carrier,83589.79,18233.85,12.54,7283.13,78.83,3,14.54,Methanol,2029.58,2726.24,0.0,32.31,605830.73
Bulk Carrier,44759.81,14900.05,15.18,4996.38,85.45,6,14.63,VLSFO,984.07,2929.19,20.17,181.56,484164.15
Bulk Carrier,51127.76,22407.78,11.1,10645.63,83.21,3,14.19,VLSFO,3787.0,11272.37,77.63,698.7,1863202.03
Bulk Carrier,80101.31,18339.29,11.28,3491.75,31.33,2,11.25,Hydrogen,471.64,0.0,0.0,0.0,1980881.61
Bulk Carrier,92991.63,15314.51,12.87,6903.53,74.18,5,13.59,VLSFO,1447.18,4307.67,29.67,267.0,712011.09
Tanker,162344.6,35524.21,14.44,4801.75,53.01,2,12.12,HFO,1491.92,4642.08,119.95,299.88,509789.08
Tanker,115296.72,35740.1,12.37,6699.52,91.5,5,14.45,Hydrogen,3954.61,0.0,0.0,0.0,16609364.14
Bulk Carrier,47059.24,22815.38,13.58,10987.48,51.31,2,12.85,HFO,2360.15,7343.56,189.76,474.39,806463.81
Tanker,185493.39,17955.79,14.64,3492.98,68.07,7,13.96,VLSFO,801.08,2384.49,16.42,147.8,394131.3
Bulk Carrier,67384.63,11117.89,15.18,6705.15,49.32,4,12.1,LNG,564.52,1539.14,0.0,27.44,288074.69
Bulk Carrier,46753.86,22298.8,13.62,3524.66,55.5,3,12.56,Hydrogen,718.54,0.0,0.0,0.0,3017877.63
Tanker,186742.51,42462.24,13.17,3513.79,54.33,3,12.74,Methanol,1655.57,2223.85,0.0,26.36,494188.87
Tanker,172081.05,23621.36,14.39,3544.48,55.21,5,13.24,HFO,874.65,2721.45,70.32,175.8,298867.67
Bulk Carrier,90461.82,19797.13,13.11,10530.69,46.01,6,12.88,HFO,2091.84,6508.71,168.18,420.46,714780.4
Bulk Carrier,62810.47,18763.22,11.25,3482.19,85.98,3,14.19,LNG,884.49,2411.52,0.0,42.99,451353.48
Container,59412.76,39458.42,19.33,6904.84,31.26,5,11.05,Ammonia,1361.23,0.0,0.0,25.32,632971.07
Tanker,196092.7,24512.69,12.19,6839.86,59.17,2,13.12,Hydrogen,1658.39,0.0,0.0,0.0,6965219.4
Bulk Carrier,97093.67,24056.43,15.11,1502.1,37.93,3,11.59,Methanol,262.23,352.23,0.0,4.17,78274.26
Bulk Carrier,47515.39,17415.84,11.91,11425.75,32.88,2,11.83,LNG,1314.8,3584.75,0.0,63.9,670941.91
Bulk Carrier,49092.83,19067.38,13.68,3591.72,98.09,3,15.31,VLSFO,1011.37,3010.46,20.73,186.6,497596.47
Bulk Carrier,81231.5,18151.51,12.59,11381.31,99.15,4,15.0,LNG,3283.27,8951.69,0.0,159.57,1675450.29
Bulk Carrier,57067.89,19196.42,15.08,6720.35,67.53,1,13.63,Methanol,1318.43,1770.98,0.0,20.99,393551.36
Container,61058.43,44543.11,19.85,1437.93,77.98,2,13.83,Ammonia,487.82,0.0,0.0,9.07,226836.62
Container,91288.43,22051.17,21.1,11007.39,76.55,3,14.13,Methanol,2073.55,2785.29,0.0,33.01,618953.45
Bulk Carrier,39610.59,16992.53,13.51,11458.46,65.6,4,12.82,HFO,2252.72,7009.29,181.12,452.8,769753.97
Bulk Carrier,34976.7,18307.71,11.02,1545.86,73.22,3,14.32,LNG,364.99,995.13,0.0,17.74,186253.39
Tanker,127245.95,31256.75,12.48,6863.6,80.27,4,14.55,Methanol,3384.37,4546.06,0.0,53.88,1010234.57
Container,69463.02,47230.4,23.17,10594.49,77.61,4,13.35,LNG,3089.94,8424.59,0.0,150.17,1576793.98
Tanker,148229.11,27083.46,15.34,4800.32,96.06,4,15.39,VLSFO,1722.77,5128.0,35.32,317.85,847603.93
Bulk Carrier,39974.19,11605.42,11.26,4854.33,95.13,4,14.73,Hydrogen,917.63,0.0,0.0,0.0,3854061.29
Tanker,143832.79,28160.84,14.58,1445.32,60.87,3,13.35,Methanol,440.47,591.66,0.0,7.01,131480.11
Tanker,195696.33,34857.3,14.27,1462.07,43.29,3,12.64,Hydrogen,386.26,0.0,0.0,0.0,1622294.66
Bulk Carrier,78489.26,10890.7,11.39,1446.71,84.33,4,14.14,LNG,228.45,622.86,0.0,11.1,116577.8
Tanker,127683.47,26931.93,13.85,7321.44,63.57,5,13.26,Hydrogen,2222.55,0.0,0.0,0.0,9334717.85
Tanker,142813.96,27313.43,14.28,6829.51,61.68,3,12.72,LNG,1669.39,4551.52,0.0,81.13,851889.43
Container,109318.49,38901.28,19.73,11181.06,65.8,5,12.7,VLSFO,3551.4,10571.09,72.8,655.23,1747286.79
Container,70980.48,45995.12,21.55,5132.63,90.73,5,14.18,Methanol,2548.11,3422.75,0.0,40.57,760611.27
Container,62677.97,54057.83,20.82,5173.36,50.23,3,12.86,Methanol,1860.87,2499.61,0.0,29.63,555468.88
Container,92938.75,22244.72,23.98,5107.98,38.39,1,12.36,LNG,392.1,1069.03,0.0,19.06,200086.15
Container,107848.62,22106.08,17.76,7184.64,40.37,5,11.85,LNG,970.27,2645.39,0.0,47.15,495127.03
Tanker,122432.41,31786.15,12.28,7319.2,86.52,5,14.02,Ammonia,3543.59,0.0,0.0,65.91,1647767.04
Tanker,106917.32,30570.24,13.64,11420.47,50.08,5,12.01,Methanol,3964.2,5324.91,0.0,63.11,1183313.0
Container,111557.44,56601.15,20.31,7049.83,97.95,6,14.62,HFO,4243.44,13203.38,341.17,852.93,1449983.6
Bulk Carrier,71727.11,20729.15,15.79,5149.24,41.55,4,12.67,Hydrogen,673.75,0.0,0.0,0.0,2829746.64
Container,56732.75,53746.96,23.28,1561.65,54.53,3,12.55,Hydrogen,427.18,0.0,0.0,0.0,1794169.29
Container,136683.5,53246.39,20.66,6866.34,48.33,4,12.41,VLSFO,2224.97,6622.85,45.61,410.51,1094686.04
Container,82026.98,47299.37,21.17,3357.8,74.78,5,13.74,Ammonia,1255.82,0.0,0.0,23.36,583957.07
Bulk Carrier,34238.58,11933.94,12.79,10780.73,46.63,4,12.91,HFO,1295.24,4030.13,104.14,260.34,442584.9
Tanker,133682.91,39916.04,13.77,3416.32,38.27,5,11.41,LNG,955.74,2605.77,0.0,46.45,487711.87
Container,93949.56,33850.84,21.5,10516.71,35.59,2,11.73,Methanol,1693.05,2274.19,0.0,26.95,505376.0
Bulk Carrier,43315.6,14768.56,11.38,5094.38,94.73,1,14.64,LNG,1011.28,2757.21,0.0,49.15,516054.44
Tanker,173656.73,26628.84,15.55,1553.59,65.05,5,13.05,Ammonia,423.15,0.0,0.0,7.87,196766.89
Bulk Carrier,31119.37,22769.14,11.06,1460.65,79.58,2,13.35,Ammonia,431.79,0.0,0.0,8.03,200782.06
Tanker,85770.23,32413.57,13.54,3388.98,51.3,3,13.06,Ammonia,986.39,0.0,0.0,18.35,458671.41
Container,116023.63,51727.57,15.27,3336.7,94.42,5,14.84,Hydrogen,2103.5,0.0,0.0,0.0,8834711.93
Bulk Carrier,98829.29,22390.59,14.42,10957.28,43.74,2,12.42,HFO,1833.77,5705.74,147.44,368.59,626599.05
Tanker,120422.65,43580.13,16.57,4923.51,86.42,4,14.03,LNG,2089.33,5696.46,0.0,101.54,1066183.06
Tanker,88075.65,35596.47,13.42,4986.16,86.93,3,15.05,HFO,2448.11,7617.25,196.83,492.07,836519.8
Tanker,182861.47,41907.9,12.13,1489.96,42.81,5,12.63,VLSFO,613.95,1827.47,12.59,113.27,302061.33
Tanker,198228.86,18166.3,13.58,5210.72,40.8,5,11.61,Methanol,888.0,1192.81,0.0,14.14,265068.33
Tanker,183283.21,44004.98,13.84,5112.34,58.15,5,13.18,Methanol,2725.29,3660.75,0.0,43.39,813499.69
Tanker,150448.68,40609.07,15.03,5070.56,51.51,4,12.99,Ammonia,1608.7,0.0,0.0,29.92,748044.76
Bulk Carrier,82569.02,9070.42,11.01,1510.92,80.07,3,14.67,HFO,218.62,680.24,17.58,43.94,74703.61
Bulk Carrier,37795.46,14090.61,12.86,11229.03,97.74,4,14.46,HFO,2509.11,7807.04,201.73,504.33,857362.59
Container,97250.81,30045.22,15.46,3443.51,99.19,6,15.34,Hydrogen,1400.06,0.0,0.0,0.0,5880236.0
Container,54573.39,35949.01,21.85,5113.28,78.51,3,14.37,Hydrogen,1380.76,0.0,0.0,0.0,5799174.85
Bulk Carrier,76706.74,16409.31,14.59,7123.19,33.88,3,11.97,HFO,746.6,2323.04,60.03,150.07,255113.98
Tanker,121333.56,23900.91,16.16,10887.19,67.33,3,13.43,LNG,2119.4,5778.47,0.0,103.0,1081531.83
Tanker,134328.36,18421.6,15.76,3621.3,59.12,4,13.07,Ammonia,563.55,0.0,0.0,10.48,262053.02
Tanker,193234.37,35032.07,13.31,7148.52,74.7,3,13.68,VLSFO,3124.69,9300.96,64.06,576.51,1537348.8
Container,108248.49,52228.69,20.54,1513.97,91.39,4,13.88,LNG,663.57,1809.2,0.0,32.25,338619.42
Tanker,131369.34,44469.39,14.52,6957.61,93.97,5,14.09,HFO,4569.78,14218.79,367.41,918.53,1561494.93
Tanker,92943.54,31589.32,15.9,10879.68,91.42,4,14.56,Ammonia,3820.45,0.0,0.0,71.06,1776510.2
Tanker,191788.11,16618.06,14.48,5108.67,93.52,8,14.81,Hydrogen,1362.1,0.0,0.0,0.0,5720833.82
Container,143607.83,34135.27,14.02,7111.48,99.81,4,14.64,Methanol,3733.88,5015.54,0.0,59.44,1114564.17
Tanker,161007.84,25015.06,12.52,1553.36,62.12,4,13.53,HFO,471.79,1467.97,37.93,94.83,161211.44
Container,57959.23,46570.4,16.37,1463.2,49.82,5,12.89,Methanol,662.2,889.5,0.0,10.54,197667.5
Tanker,150388.36,36569.59,15.01,3567.42,94.96,2,14.51,Hydrogen,1372.1,0.0,0.0,0.0,5762820.91
Tanker,86071.47,38006.22,16.23,3405.64,61.24,3,12.43,Ammonia,1062.55,0.0,0.0,19.76,494084.25
Container,121913.11,28450.74,22.91,5002.21,85.49,2,13.83,VLSFO,981.08,2920.3,20.11,181.01,482693.58
Container,62466.38,55082.41,23.05,3525.06,80.49,3,14.13,LNG,1300.45,3545.63,0.0,63.2,663621.41
Tanker,118830.33,19214.29,13.14,11010.55,42.34,2,12.52,HFO,1719.89,5351.41,138.28,345.7,587687.16
Container,107390.98,22064.69,19.88,5211.58,70.4,3,13.48,HFO,895.28,2785.66,71.98,179.95,305918.58
Bulk Carrier,65857.51,21500.51,15.96,3563.25,85.03,4,14.45,Ammonia,856.93,0.0,0.0,15.94,398472.3
Tanker,137140.33,20553.37,12.96,1561.4,70.63,5,14.18,HFO,444.54,1383.18,35.74,89.35,151899.52
Container,113313.72,29596.37,20.29,1428.38,52.8,6,12.02,Hydrogen,289.54,0.0,0.0,0.0,1216068.86
Tanker,169994.46,27373.08,14.72,1460.31,92.47,5,14.72,Methanol,660.3,886.94,0.0,10.51,197098.69
Bulk Carrier,37616.12,22896.19,11.99,4914.4,48.14,2,12.24,LNG,942.97,2570.98,0.0,45.83,481198.8
Bulk Carrier,45630.43,10733.7,13.72,4905.14,99.66,4,14.35,VLSFO,774.25,2304.64,15.87,142.85,380932.32
Bulk Carrier,50898.39,9597.75,13.87,10632.05,75.82,5,14.29,VLSFO,1284.77,3824.23,26.34,237.04,632104.85
Tanker,135013.49,43142.99,14.63,6881.74,67.0,4,13.41,HFO,3005.9,9352.78,241.67,604.19,1027114.63
Bulk Carrier,98331.09,19101.46,15.81,7097.0,98.28,5,14.27,Ammonia,1810.15,0.0,0.0,33.67,841721.37
Tanker,175063.39,44590.44,14.42,1435.09,57.43,4,12.55,HFO,619.63,1927.96,49.82,124.55,211726.59
Bulk Carrier,55463.23,11973.33,15.63,7265.36,80.54,4,13.65,HFO,947.73,2948.86,76.2,190.49,323840.67
Bulk Carrier,85499.46,20632.89,13.64,4874.93,96.46,5,15.2,Ammonia,1512.03,0.0,0.0,28.12,703092.93
Tanker,134852.77,34603.63,13.53,7217.81,39.72,4,12.13,Ammonia,1904.52,0.0,0.0,35.42,885601.85
Tanker,99008.62,17936.46,14.18,11325.3,75.48,7,13.52,HFO,2861.06,8902.14,230.03,575.07,977624.75
Bulk Carrier,49238.14,12616.29,11.88,5201.22,30.29,4,11.03,LNG,441.76,1204.45,0.0,21.47,225431.06
Tanker,180400.67,35007.55,12.47,5102.38,76.11,7,14.4,Hydrogen,2828.0,0.0,0.0,0.0,11877600.03
Container,113430.71,27051.36,19.49,10706.63,63.3,5,13.4,LNG,2040.38,5563.02,0.0,99.16,1041207.65
Tanker,199357.16,19450.57,12.02,11020.46,88.47,4,14.44,Hydrogen,3251.62,0.0,0.0,0.0,13656811.99
Bulk Carrier,41175.03,19444.22,13.56,6788.23,90.1,4,13.93,LNG,1785.19,4867.26,0.0,86.76,910983.77
Container,107572.27,43655.75,17.79,10916.88,84.84,5,14.71,LNG,4580.17,12487.65,0.0,222.6,2337261.14
Container,58642.11,47539.8,21.54,6876.25,69.25,6,13.61,LNG,2391.69,6520.85,0.0,116.24,1220480.33
Bulk Carrier,61225.25,21533.75,12.67,5180.43,36.38,2,11.67,VLSFO,781.01,2324.75,16.01,144.1,384255.76
Bulk Carrier,46965.76,22551.86,15.26,6743.87,99.32,2,14.55,Methanol,2107.25,2830.56,0.0,33.55,629013.22
Tanker,114444.79,20357.6,15.52,5170.55,50.19,4,12.09,Methanol,979.44,1315.63,0.0,15.59,292361.9
Bulk Carrier,78696.22,11719.51,15.58,10512.04,78.43,4,14.57,VLSFO,1407.36,4189.13,28.85,259.66,692418.76
Container,79658.97,47154.15,23.07,11315.27,48.39,3,12.9,VLSFO,2814.03,8376.24,57.69,519.19,1384502.66
Tanker,155702.46,19224.21,13.82,1548.2,99.5,3,14.87,LNG,378.36,1031.58,0.0,18.39,193077.19
Bulk Carrier,36409.69,11513.24,13.18,3362.81,57.31,3,12.9,VLSFO,369.66,1100.33,7.58,68.2,181873.32
Tanker,131527.27,35934.72,12.54,1467.68,98.52,1,15.57,Hydrogen,708.11,0.0,0.0,0.0,2974054.67
Bulk Carrier,56855.65,15912.39,15.01,10820.73,45.99,3,12.04,VLSFO,1343.57,3999.26,27.54,247.89,661035.21
Container,52936.31,55775.22,22.54,6671.77,54.38,3,12.21,HFO,2150.14,6690.12,172.87,432.18,734703.54
Tanker,165838.29,15446.75,13.5,11108.2,77.78,1,13.92,VLSFO,1914.51,5698.72,39.25,353.23,941936.63
Container,62519.6,36863.41,15.48,5234.39,61.35,5,13.37,HFO,1787.67,5562.29,143.73,359.32,610845.54
Container,60638.35,54001.51,20.42,1573.64,98.81,3,15.45,LNG,748.35,2040.34,0.0,36.37,381882.06
Container,143493.06,36850.57,21.07,3638.05,42.87,3,11.82,LNG,599.05,1633.29,0.0,29.11,305696.39
Container,59867.17,50088.23,16.54,1507.09,41.18,5,12.38,Hydrogen,526.16,0.0,0.0,0.0,2209868.95
Bulk Carrier,41616.39,17081.15,12.18,10979.26,49.54,3,12.05,Ammonia,1724.42,0.0,0.0,32.07,801857.15
Container,143956.77,31827.99,18.4,3667.47,56.73,6,12.79,VLSFO,1040.37,3096.77,21.33,191.95,511863.03
Container,74000.11,39438.58,18.71,6712.31,30.28,4,11.43,HFO,1280.1,3983.0,102.92,257.3,437409.18
Bulk Carrier,47518.61,21560.36,13.33,7177.8,80.09,4,13.59,LNG,1817.06,4954.15,0.0,88.31,927246.5
Bulk Carrier,72463.56,14518.96,15.15,7307.78,45.9,4,11.77,Ammonia,771.38,0.0,0.0,14.35,358691.16
Tanker,117283.6,27993.1,15.45,10501.8,37.33,3,11.87,Ammonia,1777.76,0.0,0.0,33.07,826657.54
Tanker,174585.64,20846.6,13.26,10794.55,58.1,4,13.05,VLSFO,2414.66,7187.48,49.5,445.5,1188012.57
Container,135496.12,24277.98,14.66,11401.9,57.14,6,12.86,Hydrogen,2860.33,0.0,0.0,0.0,12013406.52
Tanker,169280.98,38809.79,14.62,7046.76,58.16,5,12.35,LNG,2424.42,6610.09,0.0,117.83,1237183.07
Bulk Carrier,30707.97,10765.61,11.71,6709.15,58.64,5,12.39,Hydrogen,904.05,0.0,0.0,0.0,3796992.95
Bulk Carrier,78180.28,8548.51,14.83,7298.5,57.52,5,12.83,Hydrogen,552.21,0.0,0.0,0.0,2319280.21
Container,109160.21,24744.87,17.23,1473.03,80.22,4,14.06,Methanol,407.35,547.17,0.0,6.49,121594.33
Tanker,153668.2,25381.6,14.66,5207.34,68.01,4,13.53,HFO,1377.34,4285.56,110.74,276.84,470636.18
Bulk Carrier,75423.54,22066.07,15.72,10561.2,91.35,3,14.2,VLSFO,2653.67,7898.93,54.4,489.6,1305607.77
Container,132761.95,43514.35,16.92,5173.4,68.28,7,13.12,LNG,2250.49,6135.88,0.0,109.37,1148426.03
Container,84607.25,32014.13,18.13,7046.36,44.04,5,12.79,LNG,1291.08,3520.07,0.0,62.75,658836.13
Tanker,192101.93,36113.32,15.86,6674.24,72.61,3,13.87,VLSFO,2387.22,7105.8,48.94,440.44,1174511.79
Bulk Carrier,61782.93,9428.91,14.4,10959.95,55.05,7,12.91,Methanol,1285.23,1726.38,0.0,20.46,383639.74
Container,142385.29,27147.61,17.41,1534.4,67.98,5,12.96,Hydrogen,401.01,0.0,0.0,0.0,1684226.13
Tanker,168338.2,26337.62,13.14,4942.9,61.02,6,13.16,HFO,1573.28,4895.24,126.49,316.23,537591.26
Container,119653.59,49451.42,18.7,1456.75,48.22,5,12.39,VLSFO,517.99,1541.85,10.62,95.57,254851.0
Bulk Carrier,67837.36,15933.47,12.25,6760.28,99.45,2,15.13,LNG,1500.2,4090.23,0.0,72.91,765550.19
Bulk Carrier,88570.62,20674.69,13.24,7106.44,66.91,4,13.51,LNG,1497.76,4083.59,0.0,72.79,764309.19
Container,63370.43,57600.41,15.65,1484.79,94.35,4,14.24,LNG,997.06,2718.43,0.0,48.46,508797.98
Container,71895.53,22715.13,21.8,4826.27,87.96,4,14.94,Methanol,1054.63,1416.64,0.0,16.79,314808.13
Bulk Carrier,46997.42,23381.29,11.09,1450.44,83.35,7,14.08,LNG,565.29,1541.25,0.0,27.47,288469.37
Tanker,82723.74,41261.06,16.44,1463.65,78.03,5,13.37,Hydrogen,669.9,0.0,0.0,0.0,2813580.28
Tanker,132830.07,27600.63,15.86,5132.54,51.67,3,13.16,HFO,1165.5,3626.44,93.71,234.27,398252.72
Tanker,95391.81,32563.23,16.77,5099.27,85.69,4,13.68,Methanol,2019.4,2712.56,0.0,32.15,602790.67
Tanker,108336.52,27222.45,12.49,5127.56,36.02,1,11.66,VLSFO,963.98,2869.39,19.76,177.85,474279.8
Container,117867.71,54187.7,19.68,1540.96,73.8,4,14.13,Hydrogen,727.03,0.0,0.0,0.0,3053533.98
Container,105257.37,44280.65,17.28,7025.2,92.03,1,14.17,Ammonia,2910.23,0.0,0.0,54.13,1353255.48
Tanker,122671.96,26138.43,15.59,1552.76,94.18,2,14.28,HFO,481.19,1497.22,38.69,96.72,164423.14
Tanker,107555.93,27241.01,14.49,6672.02,71.45,4,12.97,Ammonia,1978.81,0.0,0.0,36.81,920148.65
Bulk Carrier,43025.72,8462.9,13.67,11285.91,67.04,5,13.65,Hydrogen,1054.3,0.0,0.0,0.0,4428046.47
Bulk Carrier,42104.86,10405.44,12.4,6736.54,74.75,2,13.14,HFO,877.28,2729.63,70.53,176.33,299765.92
Tanker,127608.18,32637.35,12.3,6698.6,50.66,4,13.14,Methanol,2629.75,3532.42,0.0,41.87,784981.31
Bulk Carrier,60645.93,8366.33,12.31,5045.81,74.27,4,14.22,Ammonia,525.25,0.0,0.0,9.77,244242.05
Tanker,103696.38,19834.03,16.46,10541.31,51.66,4,12.51,LNG,1529.77,4170.86,0.0,74.35,780641.6
Bulk Carrier,57862.14,10794.08,12.9,3473.16,70.45,6,14.01,Methanol,561.08,753.67,0.0,8.93,167482.1
Container,136071.48,54962.57,23.46,6961.84,58.6,3,12.98,Hydrogen,2189.28,0.0,0.0,0.0,9194958.42
Tanker,133896.67,22530.03,15.12,7336.72,53.81,4,12.97,Ammonia,1308.88,0.0,0.0,24.35,608627.73
Bulk Carrier,47784.11,12009.66,13.12,3405.17,78.06,3,14.16,LNG,462.61,1261.28,0.0,22.48,236068.04
Container,67217.31,46466.0,18.66,3639.57,72.31,5,13.78,Ammonia,1620.01,0.0,0.0,30.13,753303.84
Container,114418.6,49146.47,15.82,7207.33,70.27,2,13.18,Hydrogen,3122.91,0.0,0.0,0.0,13116228.74
Container,126424.49,38642.22,14.45,3671.18,30.2,3,11.09,VLSFO,829.21,2468.22,17.0,152.99,407969.96
Container,110045.55,57698.21,19.7,1571.73,42.47,3,12.63,Hydrogen,484.4,0.0,0.0,0.0,2034472.43
Bulk Carrier,87533.17,24915.38,12.43,7252.24,37.08,6,12.44,LNG,1609.85,4389.19,0.0,78.24,821506.04
Tanker,149944.62,33443.44,16.55,1530.68,91.16,3,14.12,Methanol,633.77,851.31,0.0,10.09,189180.19
Tanker,100025.37,20306.93,14.87,3606.41,63.44,5,13.0,LNG,688.82,1878.05,0.0,33.48,351507.26
Bulk Carrier,67181.75,10203.38,13.82,3341.17,65.05,3,13.74,Hydrogen,347.19,0.0,0.0,0.0,1458203.25
Container,143799.16,37959.66,20.23,1552.42,56.87,2,13.26,Hydrogen,362.46,0.0,0.0,0.0,1522350.52
Container,146836.38,21238.72,18.4,5197.54,35.15,5,12.34,Ammonia,577.32,0.0,0.0,10.74,268454.93
Tanker,178231.22,36846.48,14.11,6716.01,56.21,4,12.86,Methanol,2834.63,3807.62,0.0,45.13,846138.13
Bulk Carrier,50871.52,14258.82,14.26,6881.83,88.3,4,13.77,Ammonia,1305.76,0.0,0.0,24.29,607178.03
Container,145171.18,30482.54,22.67,1518.04,60.65,3,12.97,Methanol,318.46,427.77,0.0,5.07,95059.81
Bulk Carrier,96827.26,24043.89,11.51,6859.41,58.85,4,12.79,VLSFO,2041.37,6076.33,41.85,376.63,1004352.5
Tanker,145082.36,24658.01,15.38,4791.88,48.67,4,12.58,VLSFO,959.2,2855.14,19.66,176.97,471924.51
Bulk Carrier,86815.01,11072.09,15.61,1490.05,45.83,3,12.14,Ammonia,122.72,0.0,0.0,2.28,57063.81
Container,126307.48,22652.57,19.48,10855.91,67.57,4,13.12,Ammonia,1780.27,0.0,0.0,33.11,827823.34
Tanker,161013.26,30302.11,14.73,11182.48,54.73,4,13.01,HFO,3138.32,9764.83,252.32,630.8,1072364.55
Bulk Carrier,48047.07,12124.32,14.48,3483.13,45.72,4,11.82,Hydrogen,356.9,0.0,0.0,0.0,1498974.09
Tanker,177960.39,15489.49,12.06,11326.31,44.06,1,12.19,LNG,1234.48,3365.75,0.0,60.0,629952.88
Bulk Carrier,98316.19,16067.49,13.47,3390.11,30.59,5,11.21,Ammonia,361.13,0.0,0.0,6.72,167923.15
Bulk Carrier,61865.55,23436.93,15.09,3640.24,48.17,6,11.81,Ammonia,746.54,0.0,0.0,13.89,347142.72
Bulk Carrier,33835.88,19030.28,12.25,1450.15,52.92,5,12.83,Hydrogen,315.49,0.0,0.0,0.0,1325056.95
Container,144783.03,58521.92,15.59,4840.85,33.04,4,11.85,HFO,1757.57,5468.64,141.31,353.27,600560.8
Container,56194.43,55234.02,20.64,10636.05,50.37,4,12.07,LNG,3220.51,8780.59,0.0,156.52,1643425.33
Bulk Carrier,57069.2,12854.84,14.06,1522.47,90.89,5,15.23,Ammonia,271.02,0.0,0.0,5.04,126022.12
Bulk Carrier,55208.67,11358.99,11.39,4934.57,41.5,5,12.11,Methanol,648.31,870.85,0.0,10.32,193521.49
Bulk Carrier,83662.71,9067.1,12.22,6655.61,98.34,4,15.0,LNG,858.22,2339.89,0.0,41.71,437947.38
Tanker,87506.22,25668.22,15.08,4993.63,55.38,3,12.62,Methanol,1185.33,1592.2,0.0,18.87,353821.86
Tanker,165526.41,20004.3,14.54,3366.99,30.49,5,11.47,VLSFO,431.62,1284.75,8.85,79.63,212354.88
Bulk Carrier,74836.76,14494.42,15.18,5103.19,44.88,4,12.68,Methanol,617.41,829.34,0.0,9.83,184297.83
Bulk Carrier,43585.11,8121.84,13.48,6945.83,99.47,4,15.67,Hydrogen,820.09,0.0,0.0,0.0,3444386.71
Container,93810.43,44237.11,17.41,10591.28,59.42,8,12.43,VLSFO,5001.9,14888.67,102.54,922.85,2460936.87
Tanker,196782.52,33986.91,15.91,11356.29,53.69,3,12.94,VLSFO,2985.72,8887.29,61.21,550.86,1468973.22
Tanker,179798.31,31743.81,16.76,3422.82,97.97,3,14.41,Ammonia,1157.76,0.0,0.0,21.53,538360.0
Container,142442.26,43542.32,22.53,11252.83,57.32,4,12.73,Ammonia,2835.31,0.0,0.0,52.74,1318417.54
Container,87785.95,46184.46,20.76,5022.31,48.64,4,12.26,Ammonia,1220.08,0.0,0.0,22.69,567335.4
Bulk Carrier,62251.74,16724.95,14.12,1531.33,56.77,1,12.24,Hydrogen,213.83,0.0,0.0,0.0,898069.26
Tanker,197497.27,20943.07,15.15,1536.13,75.94,4,14.11,Hydrogen,363.7,0.0,0.0,0.0,1527544.45
Container,118490.33,32725.22,15.66,7230.68,83.25,4,14.87,Methanol,3139.98,4217.78,0.0,49.99,937285.02
Container,117637.42,35353.4,21.48,5161.95,97.29,2,15.35,Ammonia,1511.66,0.0,0.0,28.12,702920.86
Tanker,107792.38,31354.6,15.29,3459.86,68.96,3,13.71,Ammonia,1038.3,0.0,0.0,19.31,482808.89
Container,89192.07,21063.78,22.68,3521.8,85.91,2,14.63,LNG,513.01,1398.7,0.0,24.93,261789.24
Tanker,147457.21,44935.79,15.89,10959.52,99.86,5,15.17,Hydrogen,6342.7,0.0,0.0,0.0,26639326.73
Bulk Carrier,83628.73,11479.43,12.05,4754.93,67.28,5,13.44,Methanol,887.16,1191.68,0.0,14.12,264817.03
Tanker,149009.77,35516.79,16.97,3560.07,88.88,2,15.08,VLSFO,1377.7,4100.88,28.24,254.19,677830.75
Container,71071.34,21461.3,19.82,1466.95,38.33,4,11.81,VLSFO,174.92,520.66,3.59,32.27,86058.78
Container,57266.5,24891.47,22.82,3410.24,74.75,2,13.61,VLSFO,563.62,1677.68,11.55,103.99,277303.18
Bulk Carrier,83507.62,13165.07,14.37,11236.92,70.85,3,14.04,LNG,1389.21,3787.64,0.0,67.52,708916.08
Bulk Carrier,30299.38,22700.86,15.78,11486.28,32.51,4,11.31,Methanol,1722.68,2313.99,0.0,27.43,514220.16
Bulk Carrier,72633.15,15541.6,13.47,3454.35,91.25,3,14.55,VLSFO,766.41,2281.29,15.71,141.4,377073.24
Bulk Carrier,34800.11,23578.57,14.28,6869.65,72.15,5,13.44,Ammonia,1872.56,0.0,0.0,34.83,870740.33
Tanker,167584.12,35013.84,16.95,10880.53,83.6,2,14.87,Methanol,4486.17,6026.05,0.0,71.42,1339121.99
Tanker,191165.67,30930.16,12.21,1445.44,41.89,4,12.17,Ammonia,391.35,0.0,0.0,7.28,181978.59
Tanker,127706.26,31439.55,14.25,3414.42,93.45,5,14.08,LNG,1369.05,3732.67,0.0,66.54,698627.58
Container,115428.26,29706.48,21.17,6684.14,97.76,4,14.26,VLSFO,1883.63,5606.82,38.61,347.53,926747.67
Tanker,166323.59,36088.07,14.67,11283.84,53.14,3,12.43,LNG,3088.94,8421.87,0.0,150.12,1576286.26
Bulk Carrier,94062.65,21055.81,11.56,3509.49,35.28,6,12.29,LNG,654.6,1784.74,0.0,31.81,334041.91
Container,130202.61,49310.38,23.77,3501.99,49.45,2,12.1,Ammonia,731.49,0.0,0.0,13.61,340142.86
Container,81059.79,25432.42,15.77,10934.54,65.51,3,12.72,HFO,2632.85,8192.05,211.68,529.2,899644.17
Bulk Carrier,97307.57,13527.3,12.43,6935.31,64.15,4,13.24,LNG,1045.09,2849.4,0.0,50.79,533309.72
Bulk Carrier,69294.22,9784.07,12.72,11505.44,74.84,1,13.11,Methanol,1380.74,1854.69,0.0,21.98,412152.34
Bulk Carrier,31883.01,24552.07,11.9,10491.13,70.44,3,13.56,VLSFO,3556.7,10586.88,72.91,656.21,1749896.85
Tanker,153570.92,42948.29,15.64,3667.29,90.19,3,14.27,Methanol,1936.0,2600.53,0.0,30.82,577894.6
Bulk Carrier,87358.38,24074.36,13.45,6730.62,82.03,2,13.72,Methanol,2334.43,3135.72,0.0,37.16,696826.73
Container,86338.08,32805.21,21.51,3491.58,69.79,3,12.9,HFO,853.85,2656.73,68.65,171.62,291759.63
Container,87245.15,27586.94,15.02,5004.14,70.31,4,13.92,Methanol,1592.16,2138.68,0.0,25.35,475261.24
Tanker,193101.34,17649.26,16.45,4806.83,75.07,2,13.91,LNG,667.43,1819.72,0.0,32.44,340588.75
Bulk Carrier,86660.0,11521.7,14.88,11176.15,36.33,3,12.34,Methanol,940.76,1263.68,0.0,14.98,280816.72
Tanker,103798.06,16334.26,14.01,5083.07,83.21,7,14.09,HFO,1212.01,3771.14,97.45,243.61,414143.43
Bulk Carrier,77017.67,14568.05,13.96,3387.62,42.67,3,11.74,VLSFO,394.13,1173.18,8.08,72.72,193914.32
Tanker,174967.68,29359.81,16.29,3399.05,98.66,3,14.57,LNG,1005.98,2742.78,0.0,48.89,513353.99
Container,145048.32,45077.43,18.24,1530.03,67.75,4,12.97,LNG,522.78,1425.34,0.0,25.41,266775.76
Bulk Carrier,67744.5,16881.28,14.8,3599.85,96.8,5,14.68,Hydrogen,844.0,0.0,0.0,0.0,3544811.4
Bulk Carrier,40525.98,24777.28,12.87,1482.2,42.27,3,12.4,LNG,268.05,730.83,0.0,13.03,136785.81
Tanker,185721.62,39434.91,16.88,6681.2,41.73,6,11.49,Ammonia,1828.34,0.0,0.0,34.01,850178.12
Container,148579.63,55177.91,19.93,5114.84,90.9,4,14.96,Hydrogen,2592.17,0.0,0.0,0.0,10887121.17
Container,97189.45,26453.4,16.43,4869.55,90.91,3,14.92,Ammonia,1389.25,0.0,0.0,25.84,646002.77
Bulk Carrier,32509.71,22095.85,14.24,11166.93,69.25,3,12.82,Methanol,2980.46,4003.51,0.0,47.45,889668.37
Container,95408.97,44755.18,20.25,6828.09,97.04,3,15.52,Ammonia,2563.37,0.0,0.0,47.68,1191966.64
Bulk Carrier,41113.0,20174.65,14.97,11472.6,77.79,5,14.55,VLSFO,2810.95,8367.08,57.62,518.62,1382988.81
Tanker,151856.87,16503.65,12.39,1462.68,94.57,3,14.48,Methanol,418.5,562.15,0.0,6.66,124921.71
Bulk Carrier,95150.34,15596.34,14.19,10679.66,77.13,1,13.36,VLSFO,1826.71,5437.39,37.45,337.03,898742.65
Tanker,187011.67,15507.46,13.63,11314.95,97.16,4,15.19,LNG,2443.71,6662.68,0.0,118.76,1247024.92
Bulk Carrier,81445.59,9095.9,15.62,3351.96,88.42,2,14.77,Ammonia,325.4,0.0,0.0,6.05,151310.73
Bulk Carrier,79149.79,20355.69,12.78,1524.93,92.5,4,15.08,LNG,423.85,1155.62,0.0,20.6,216291.69
Container,115882.97,52752.7,18.43,11004.57,30.81,5,11.02,LNG,2753.11,7506.25,0.0,133.8,1404913.52
Container,133380.39,46711.98,16.52,4864.51,84.87,3,14.89,VLSFO,2546.36,7579.5,52.2,469.8,1252809.51
Container,120527.36,55325.0,20.05,5085.41,99.08,4,14.85,VLSFO,3009.49,8958.04,61.69,555.25,1480668.07
Bulk Carrier,74801.04,23695.86,15.83,1516.52,58.27,5,12.65,VLSFO,344.32,1024.92,7.06,63.53,169407.82
Container,53943.73,40738.67,15.12,3526.58,33.15,4,11.53,VLSFO,843.22,2509.92,17.29,155.57,414862.06
Tanker,151366.12,39723.26,16.59,5214.94,93.84,4,14.0,LNG,2335.13,6366.65,0.0,113.49,1191618.86
Bulk Carrier,90560.19,13302.21,13.59,10913.87,39.05,5,11.76,LNG,1091.93,2977.09,0.0,53.07,557209.81
Bulk Carrier,76163.89,21524.17,13.07,5129.81,47.58,5,12.87,Ammonia,1063.81,0.0,0.0,19.79,494672.34
Bulk Carrier,97991.4,8407.87,12.11,11444.76,93.76,5,14.77,Ammonia,1586.26,0.0,0.0,29.5,737610.08
Tanker,178704.76,34017.91,12.35,7190.22,62.93,4,13.27,Hydrogen,2741.83,0.0,0.0,0.0,11515705.08
Tanker,83998.05,19046.21,14.39,1573.43,99.96,4,15.25,Methanol,488.2,655.78,0.0,7.77,145728.81
Container,112876.76,45564.31,19.79,1510.39,44.92,4,12.39,Ammonia,403.6,0.0,0.0,7.51,187676.02
Tanker,108674.27,36339.4,14.27,4764.23,97.28,4,14.77,Ammonia,2468.38,0.0,0.0,45.91,1147797.3
Container,81866.83,28307.89,16.38,3661.3,80.55,1,14.34,Hydrogen,909.52,0.0,0.0,0.0,3819972.82
Bulk Carrier,97944.61,19108.07,15.13,4752.38,99.99,3,14.67,LNG,994.77,2712.2,0.0,48.35,507630.77
Tanker,120060.61,24669.74,14.83,11423.68,55.84,5,12.29,Hydrogen,2666.23,0.0,0.0,0.0,11198151.92
Container,74755.25,34762.94,17.34,7186.88,77.73,1,13.66,LNG,1978.82,5395.18,0.0,96.17,1009793.3
Container,65003.9,48152.88,23.0,7290.15,58.82,3,13.48,Ammonia,1852.9,0.0,0.0,34.46,861598.38
Tanker,130490.38,29562.73,15.43,5046.97,48.72,5,12.45,Hydrogen,1141.95,0.0,0.0,0.0,4796186.9
Tanker,156303.99,32259.3,15.45,11272.95,89.39,5,15.13,VLSFO,4736.84,14099.67,97.11,873.95,2330524.7
Container,89721.17,52828.5,20.17,10614.44,98.71,4,15.27,LNG,5193.41,14159.63,0.0,252.4,2650197.96
Bulk Carrier,71563.8,24907.55,12.87,10803.15,54.49,1,12.84,VLSFO,2555.32,7606.16,52.38,471.46,1257216.86
Bulk Carrier,94069.32,12699.79,12.76,6908.69,77.68,5,14.33,LNG,1144.41,3120.19,0.0,55.62,583993.07
Bulk Carrier,77524.94,15166.36,12.81,7021.39,91.5,5,14.0,HFO,1739.02,5410.91,139.82,349.54,594221.77
Tanker,150424.76,35878.35,13.99,4832.5,91.91,4,14.41,Methanol,2685.7,3607.56,0.0,42.76,801681.1
Container,55625.72,50136.63,15.23,3543.25,50.23,4,12.88,VLSFO,1454.68,4330.01,29.82,268.39,715704.24
Tanker,138984.47,38249.68,12.3,11292.22,92.95,5,14.4,Hydrogen,6865.18,0.0,0.0,0.0,28833758.66
Tanker,192308.08,16903.87,16.04,4972.04,55.96,4,12.52,VLSFO,708.96,2110.29,14.53,130.8,348808.45
Tanker,120179.6,37283.75,16.64,1504.28,85.02,3,14.04,LNG,542.33,1478.64,0.0,26.36,276750.39
Tanker,101200.72,37070.6,12.05,3622.08,65.76,4,13.6,Hydrogen,1600.63,0.0,0.0,0.0,6722641.78
Tanker,120484.62,23785.85,15.97,1560.56,84.01,5,14.01,HFO,444.7,1383.66,35.75,89.38,151952.66
Tanker,192623.66,44522.78,15.32,1482.28,67.37,5,13.8,VLSFO,694.02,2065.83,14.23,128.05,341459.21
Bulk Carrier,68870.74,22985.58,11.89,3380.1,45.34,1,12.05,Ammonia,642.11,0.0,0.0,11.94,298581.82
Bulk Carrier,47332.32,12275.74,11.06,5155.07,48.6,5,12.75,VLSFO,766.18,2280.61,15.71,141.36,376959.67
Bulk Carrier,68536.22,18563.7,13.77,3347.45,58.05,4,12.52,Methanol,704.0,945.65,0.0,11.21,210145.37
Bulk Carrier,54053.45,21059.03,15.33,1549.39,48.62,3,12.4,HFO,254.94,793.25,20.5,51.24,87114.54
Container,128302.5,37241.61,22.61,7123.36,82.54,2,13.84,Hydrogen,1839.38,0.0,0.0,0.0,7725396.45
Bulk Carrier,43269.75,21013.92,14.81,3333.93,54.22,4,12.2,Ammonia,577.85,0.0,0.0,10.75,268699.33
Bulk Carrier,54350.48,17225.78,12.49,3332.68,66.27,5,13.48,Ammonia,737.07,0.0,0.0,13.71,342737.85
Bulk Carrier,84868.28,12450.28,15.34,3597.51,83.54,3,14.81,VLSFO,521.28,1551.65,10.69,96.18,256471.22
Container,86829.68,38967.56,17.31,3416.57,33.92,3,11.26,Ammonia,662.82,0.0,0.0,12.33,308213.09
Container,129152.52,22036.52,22.78,7131.53,94.46,2,14.99,Methanol,1469.16,1973.44,0.0,23.39,438542.94
Container,58924.23,48035.47,18.28,3449.52,71.64,3,13.37,LNG,1162.38,3169.18,0.0,56.49,593161.98
Tanker,140717.15,44998.78,12.16,3525.84,46.04,4,11.97,Hydrogen,1543.43,0.0,0.0,0.0,6482419.87
Tanker,150695.17,31814.47,12.78,11022.49,57.5,3,12.26,Hydrogen,3509.38,0.0,0.0,0.0,14739397.77
Tanker,168262.1,24784.87,13.65,3485.69,67.44,1,13.01,LNG,722.08,1968.71,0.0,35.09,368475.01
Bulk Carrier,91469.25,18749.5,14.39,11020.13,83.48,2,14.35,Methanol,2797.01,3757.09,0.0,44.53,834908.61
Tanker,121615.41,26841.46,13.97,10820.66,79.34,4,13.68,Hydrogen,3790.45,0.0,0.0,0.0,15919907.27
Tanker,89093.85,22556.32,15.33,11448.08,80.8,4,13.85,LNG,2619.31,7141.45,0.0,127.3,1336635.88
Tanker,139950.64,32506.52,13.29,1540.62,44.02,4,12.21,LNG,397.5,1083.76,0.0,19.32,202841.98
Tanker,161421.05,17013.23,16.54,10836.99,95.66,2,15.12,Ammonia,1945.93,0.0,0.0,36.19,904856.84
Container,53550.44,52982.29,17.74,7318.58,54.28,2,12.29,HFO,2911.25,9058.29,234.06,585.16,994773.43
Container,124807.59,49314.45,20.15,5234.42,34.44,5,12.02,Methanol,1395.53,1874.54,0.0,22.22,416564.4
Bulk Carrier,62788.32,18714.24,15.99,3384.0,74.64,5,14.32,Methanol,805.03,1081.35,0.0,12.82,240301.06
Container,139441.63,25175.87,14.9,3630.42,44.03,3,12.37,Hydrogen,596.96,0.0,0.0,0.0,2507213.45
Bulk Carrier,85087.4,17635.56,11.87,10641.17,60.44,5,12.63,Methanol,2709.67,3639.77,0.0,43.14,808837.57
Bulk Carrier,43250.76,24215.78,13.44,3425.78,33.15,4,12.02,Methanol,635.87,854.13,0.0,10.12,189806.53
Bulk Carrier,79678.17,23889.33,14.8,3449.28,63.02,1,12.95,LNG,605.26,1650.22,0.0,29.42,308863.94
Tanker,89267.92,33386.24,14.54,6936.14,70.38,5,13.66,VLSFO,2605.31,7754.95,53.41,480.68,1281810.35
Tanker,180798.8,17103.69,13.15,3529.16,78.95,2,13.55,HFO,736.32,2291.06,59.2,148.0,251601.94
Tanker,162098.0,17574.88,14.46,10581.98,77.37,3,13.2,HFO,2156.8,6710.83,173.41,433.52,736976.99
Bulk Carrier,75609.06,18882.29,15.95,11495.75,44.74,3,12.08,Ammonia,1425.78,0.0,0.0,26.52,662986.74
Tanker,195326.95,34334.11,16.66,1551.52,49.52,6,11.9,Ammonia,445.15,0.0,0.0,8.28,206995.3
Bulk Carrier,55044.15,12902.72,15.35,11424.64,60.66,4,13.58,LNG,1241.46,3384.78,0.0,60.33,633515.71
Bulk Carrier,44521.65,24345.97,12.11,7281.87,52.77,1,12.61,VLSFO,1639.83,4881.13,33.62,302.55,806797.53
Bulk Carrier,95447.54,17164.52,11.71,11105.35,80.0,4,13.52,Hydrogen,2781.19,0.0,0.0,0.0,11681003.38
Container,126341.97,26723.09,19.93,7250.4,85.7,5,13.82,VLSFO,1893.36,5635.76,38.81,349.32,931531.1
Tanker,125753.48,34030.19,15.41,11019.59,80.72,3,14.06,VLSFO,4002.56,11914.02,82.05,738.47,1969260.06
Container,95717.73,22031.31,14.64,5094.35,91.84,3,14.28,Ammonia,1278.35,0.0,0.0,23.78,594434.4
Bulk Carrier,82177.01,17888.61,12.19,11426.01,52.99,3,13.22,Hydrogen,2073.65,0.0,0.0,0.0,8709324.87
Bulk Carrier,43780.23,9851.35,13.72,1444.47,48.0,5,13.0,Ammonia,124.61,0.0,0.0,2.32,57945.65
Bulk Carrier,33048.13,15656.88,13.76,5096.64,45.05,4,11.91,Methanol,722.19,970.08,0.0,11.5,215572.96
Tanker,122080.02,16739.67,14.01,7138.73,97.06,2,14.31,Ammonia,1529.41,0.0,0.0,28.45,711174.21
Bulk Carrier,66352.17,11046.49,15.53,3340.81,35.74,3,11.54,HFO,235.43,732.55,18.93,47.32,80447.66
Bulk Carrier,90129.77,15304.85,12.32,3474.01,85.69,4,14.23,LNG,743.31,2026.6,0.0,36.12,379310.25
Bulk Carrier,73333.33,20266.38,11.22,3576.43,91.3,2,14.73,HFO,1106.89,3444.06,88.99,222.48,378223.5
Tanker,127590.45,18887.53,16.11,1488.83,97.68,5,14.64,HFO,370.82,1153.8,29.81,74.53,126709.19
Tanker,106791.87,16041.42,13.65,3355.85,87.95,4,14.98,LNG,692.5,1888.07,0.0,33.66,353381.25
Tanker,152957.89,22698.33,12.41,6833.71,67.88,4,12.92,Methanol,2362.88,3173.94,0.0,37.62,705319.55
Container,149344.29,51031.45,16.92,7282.16,37.52,6,11.53,HFO,2392.0,7442.66,192.32,480.79,817346.39
Bulk Carrier,63147.42,12630.74,14.4,6878.29,34.35,4,11.84,HFO,593.13,1845.52,47.69,119.22,202672.99
Container,131124.3,57719.81,22.08,1548.75,83.76,1,14.64,LNG,599.6,1634.8,0.0,29.14,305977.81
Tanker,84434.59,42119.44,16.12,3549.34,42.56,7,11.96,VLSFO,1206.06,3589.95,24.72,222.52,593380.58
Tanker,97058.32,41328.01,14.19,10970.22,51.87,3,12.01,Methanol,4326.88,5812.08,0.0,68.88,1291573.95
Tanker,183128.18,22399.74,13.76,6736.34,93.98,8,15.08,Hydrogen,2811.31,0.0,0.0,0.0,11807497.96
Tanker,168661.72,42553.0,14.77,3446.79,30.11,5,11.21,HFO,961.51,2991.72,77.31,193.26,328547.87
Bulk Carrier,38928.88,16485.74,14.6,3387.04,73.44,4,13.14,Hydrogen,556.66,0.0,0.0,0.0,2337989.75
Bulk Carrier,79370.78,22654.33,14.04,5113.77,50.7,4,12.0,Methanol,1223.75,1643.8,0.0,19.48,365289.62
Bulk Carrier,57934.47,24980.14,14.62,4884.75,52.39,4,12.89,VLSFO,1139.66,3392.3,23.36,210.27,560711.5
Bulk Carrier,30883.55,23021.81,11.32,11203.3,33.19,2,12.15,LNG,1943.85,5299.84,0.0,94.47,991947.77
Bulk Carrier,42153.09,24642.77,14.19,4866.49,84.18,4,14.13,LNG,1437.41,3919.04,0.0,69.86,733509.8
Tanker,127045.18,19958.17,12.31,1445.52,33.72,4,11.53,Methanol,264.79,355.67,0.0,4.22,79038.38
Bulk Carrier,68989.79,20320.68,15.43,5141.3,60.28,1,12.72,VLSFO,898.9,2675.67,18.43,165.85,442259.63
Bulk Carrier,52511.9,15669.13,14.55,3669.49,39.49,5,12.16,HFO,452.85,1409.04,36.41,91.02,154739.41
Container,88443.58,57998.23,23.03,3572.55,61.39,6,12.55,HFO,1552.94,4831.93,124.86,312.14,530638.06
Tanker,141711.57,43215.33,16.13,1502.75,60.5,8,13.15,Ammonia,741.31,0.0,0.0,13.79,344707.21
Bulk Carrier,54794.39,20424.18,13.31,1536.87,74.39,5,14.04,Methanol,465.38,625.12,0.0,7.41,138916.08
Tanker,162288.94,27375.58,12.13,1489.79,98.98,5,14.35,VLSFO,721.57,2147.82,14.79,133.13,355012.32
Tanker,136338.18,28264.15,14.96,5099.85,84.25,5,14.45,Ammonia,1626.38,0.0,0.0,30.25,756267.4
Tanker,172948.66,40350.99,12.89,6774.98,39.64,3,12.1,Ammonia,2089.78,0.0,0.0,38.87,971746.39
Container,104000.12,49529.17,21.47,6836.08,62.96,6,13.23,Methanol,2788.74,3745.98,0.0,44.4,832440.06
Bulk Carrier,46828.43,8203.06,13.72,1442.32,91.32,1,14.22,LNG,129.29,352.5,0.0,6.28,65975.74
Tanker,172899.23,26865.13,16.05,3535.21,33.76,5,11.31,Hydrogen,578.69,0.0,0.0,0.0,2430518.01
Bulk Carrier,47097.94,12429.82,13.19,7136.0,33.33,5,11.51,VLSFO,691.78,2059.15,14.18,127.63,340355.05
Bulk Carrier,52728.12,14508.76,11.14,1554.43,57.88,3,13.04,Ammonia,246.59,0.0,0.0,4.59,114665.23
Container,90930.07,20777.02,19.73,6667.27,68.9,2,14.0,VLSFO,1010.09,3006.64,20.71,186.36,496965.18
Bulk Carrier,47991.8,20736.6,12.19,5003.67,73.35,2,13.63,Methanol,1488.99,2000.08,0.0,23.7,444463.1
Container,84897.29,22313.22,19.66,1450.77,60.07,4,13.37,Hydrogen,216.26,0.0,0.0,0.0,908275.79
Tanker,113682.26,36593.14,12.98,6704.33,30.66,3,11.67,Hydrogen,1593.1,0.0,0.0,0.0,6691014.07
Container,102596.09,45740.95,23.96,6848.06,65.84,3,13.74,HFO,2043.03,6356.84,164.26,410.65,698102.49
Container,135326.86,44246.17,22.74,6887.04,30.21,6,11.69,VLSFO,1309.8,3898.74,26.85,241.66,644420.56
Bulk Carrier,61318.89,13517.6,15.56,1538.03,96.33,6,14.27,Hydrogen,288.83,0.0,0.0,0.0,1213079.36
Bulk Carrier,36044.47,17028.69,14.45,7002.89,98.92,5,15.55,HFO,1835.35,5710.66,147.56,368.91,627139.18
Container,64150.28,47356.06,19.89,10794.31,56.42,3,12.86,VLSFO,3545.6,10553.83,72.68,654.16,1744434.95
Tanker,149389.96,40553.47,13.59,11015.38,95.96,5,14.22,Hydrogen,6124.37,0.0,0.0,0.0,25722357.46
Tanker,140977.72,23403.92,14.53,5201.63,98.79,3,15.4,Ammonia,1640.12,0.0,0.0,30.51,762655.47
Tanker,114214.78,25810.72,16.01,10887.47,33.54,3,11.62,VLSFO,1608.85,4788.9,32.98,296.83,791554.54
Container,140650.96,39892.12,19.63,10704.65,50.49,1,12.87,VLSFO,2371.22,7058.17,48.61,437.49,1166639.22
Tanker,179938.17,23367.44,13.78,7134.56,90.21,2,13.91,VLSFO,2073.13,6170.88,42.5,382.49,1019979.97
Tanker,143569.67,28960.14,15.11,6837.63,85.04,4,13.7,VLSFO,2454.91,7307.29,50.33,452.93,1207815.78
Tanker,107161.17,19812.75,16.68,4894.87,50.92,3,12.59,HFO,722.24,2247.23,58.07,145.17,246789.28
Tanker,133211.88,41474.39,13.03,7260.82,59.53,5,13.31,VLSFO,3465.63,10315.79,71.05,639.41,1705089.04
Container,68499.33,54687.4,21.4,7029.74,48.93,5,12.44,HFO,2428.9,7557.47,195.28,488.21,829955.22
Container,76361.91,47562.33,20.41,1509.44,61.51,4,13.51,Methanol,624.54,838.92,0.0,9.94,186425.66
Tanker,182864.03,39548.72,15.81,5221.99,50.6,2,11.96,VLSFO,1561.62,4648.31,32.01,288.12,768315.3
Tanker,106902.43,22951.63,12.13,3538.56,56.33,5,13.13,VLSFO,1030.76,3068.15,21.13,190.17,507132.61
Container,65334.4,58387.29,16.37,10522.46,78.93,4,13.83,HFO,6329.68,19694.69,508.91,1272.27,2162853.32
Bulk Carrier,97778.74,14444.59,12.31,4867.07,62.54,3,12.61,LNG,769.13,2097.0,0.0,37.38,392485.87
Container,114735.42,35126.64,23.12,1427.45,77.86,3,13.4,VLSFO,367.09,1092.69,7.53,67.73,180609.76
Container,129812.34,54803.92,23.17,1436.42,98.95,7,15.48,LNG,715.78,1951.56,0.0,34.79,365264.37
Bulk Carrier,84203.0,9030.2,14.26,1437.89,39.94,3,11.88,Hydrogen,90.6,0.0,0.0,0.0,380501.68
Tanker,121618.8,43012.9,15.1,3340.25,45.72,3,12.45,VLSFO,1151.68,3428.1,23.61,212.49,566628.77
Tanker,144547.31,40093.34,13.22,10774.96,67.59,4,13.91,Hydrogen,4863.12,0.0,0.0,0.0,20425106.26
Bulk Carrier,60651.02,8520.98,12.04,5069.32,93.61,2,15.33,LNG,614.31,1674.88,0.0,29.86,313481.02
Bulk Carrier,86583.17,11764.57,15.33,11536.27,83.11,4,14.67,LNG,1480.51,4036.55,0.0,71.95,755504.88
Bulk Carrier,82678.14,23137.72,14.23,11460.9,59.23,5,13.4,Hydrogen,2805.23,0.0,0.0,0.0,11781966.9
Container,113955.25,31507.02,20.6,7148.08,44.94,1,12.65,Methanol,1319.22,1772.05,0.0,21.0,393788.04
Tanker,131522.26,15923.65,14.1,4815.08,68.43,4,13.88,Methanol,978.98,1315.02,0.0,15.59,292226.07
Bulk Carrier,39995.81,24051.89,15.31,5183.23,77.36,6,14.2,Ammonia,1506.33,0.0,0.0,28.02,700444.67
Bulk Carrier,66878.18,13593.45,13.82,10778.48,46.47,5,12.44,Hydrogen,1180.52,0.0,0.0,0.0,4958183.66
Container,129071.07,51980.83,16.21,4860.42,93.18,7,14.27,Ammonia,3491.44,0.0,0.0,64.94,1623519.46
Container,108157.08,23896.68,14.95,10511.22,52.89,3,12.41,LNG,1935.62,5277.39,0.0,94.07,987746.4
Tanker,96784.5,35390.26,13.81,7053.41,88.35,6,14.75,LNG,3405.53,9285.04,0.0,165.51,1737840.93
Tanker,167711.81,19679.89,15.89,1528.63,56.16,3,12.77,VLSFO,239.04,711.52,4.9,44.1,117606.81
Container,73716.74,34958.11,20.22,4831.27,69.87,4,13.9,LNG,1268.84,3459.45,0.0,61.67,647490.02
Container,66679.8,42773.97,17.33,10573.67,61.79,5,12.81,VLSFO,4334.66,12902.56,88.86,799.75,2132654.73
Container,149747.83,35535.83,23.42,6766.32,40.58,5,11.56,Methanol,1406.28,1888.99,0.0,22.39,419774.58
Container,133895.12,33545.56,14.06,1425.85,95.49,5,15.32,LNG,651.75,1776.97,0.0,31.67,332587.48
Tanker,140899.01,20293.91,13.21,6680.81,80.26,4,14.48,Methanol,1999.88,2686.34,0.0,31.84,596963.81
Tanker,102566.61,37597.67,14.43,1495.53,50.99,5,12.53,LNG,451.34,1230.55,0.0,21.93,230317.21
Container,59240.03,34010.55,19.14,6862.19,31.37,4,11.0,HFO,1093.96,3403.82,87.95,219.89,373804.66
Bulk Carrier,82864.3,15876.72,11.08,3652.44,31.3,5,11.49,Ammonia,482.29,0.0,0.0,8.97,224265.02
Tanker,145987.78,42559.06,12.39,3334.4,67.57,5,13.07,LNG,1654.99,4512.26,0.0,80.43,844540.26
Bulk Carrier,62748.18,10184.53,15.24,5166.28,53.49,4,12.51,Methanol,517.64,695.32,0.0,8.24,154515.81
Tanker,115959.5,25205.95,16.81,7045.28,81.02,4,14.55,LNG,1748.0,4765.86,0.0,84.95,892006.49
Container,57514.16,31764.47,21.84,7081.0,63.39,3,13.53,Hydrogen,1463.37,0.0,0.0,0.0,6146164.05
Container,147869.46,49869.83,17.33,1434.49,79.96,3,13.53,Hydrogen,676.57,0.0,0.0,0.0,2841614.25
Bulk Carrier,69864.98,19898.45,13.71,7231.18,85.76,3,13.96,HFO,2033.18,6326.21,163.47,408.67,694739.0
Bulk Carrier,60908.58,18443.42,11.57,11133.66,84.24,5,14.75,LNG,2946.29,8032.94,0.0,143.19,1503491.94
Bulk Carrier,34735.58,24380.77,14.59,6978.15,32.88,4,11.11,VLSFO,1151.06,3426.24,23.6,212.37,566320.8
Bulk Carrier,35098.42,19949.21,13.9,1505.2,57.44,4,12.78,HFO,304.69,948.02,24.5,61.24,104110.89
Bulk Carrier,98281.89,14196.11,12.34,5224.4,97.8,3,15.57,VLSFO,1224.05,3643.51,25.09,225.84,602232.65
Bulk Carrier,80524.31,16449.71,14.4,10805.94,52.19,3,12.66,VLSFO,1529.84,4553.72,31.36,282.26,752680.54
Bulk Carrier,65398.65,13972.04,13.44,11275.81,67.37,3,12.91,LNG,1572.07,4286.18,0.0,76.4,802226.0
Tanker,164123.67,32445.62,12.59,4774.41,59.35,3,13.46,Hydrogen,1606.73,0.0,0.0,0.0,6748265.53
Tanker,160095.61,18523.3,13.86,1470.64,52.1,4,12.49,VLSFO,248.64,740.12,5.1,45.87,122333.33
Tanker,179697.97,20133.22,15.9,11304.71,38.93,2,12.11,Methanol,1553.3,2086.47,0.0,24.73,463659.87
Bulk Carrier,95290.47,11249.53,11.7,5099.52,66.29,4,12.86,Ammonia,780.98,0.0,0.0,14.53,363157.04
Bulk Carrier,35557.2,16169.14,12.83,5220.74,59.58,2,12.63,HFO,850.38,2645.94,68.37,170.93,290574.38
Bulk Carrier,51289.1,17626.03,15.76,1569.82,31.81,4,11.32,HFO,162.32,505.07,13.05,32.63,55466.33
Container,78096.87,38933.21,23.07,7080.3,62.67,2,12.7,Hydrogen,1628.6,0.0,0.0,0.0,6840134.34
Bulk Carrier,45590.31,17927.68,11.15,6673.57,75.09,3,14.43,Hydrogen,1661.77,0.0,0.0,0.0,6979432.03
Bulk Carrier,49846.08,12029.88,15.84,1502.58,69.1,5,13.96,HFO,194.81,606.16,15.66,39.16,66567.56
Container,103431.16,38325.19,16.17,11226.95,97.18,3,15.55,VLSFO,5140.56,15301.39,105.38,948.43,2529155.33
Container,54322.38,37568.45,14.1,11060.09,74.61,4,13.55,HFO,5013.98,15600.9,403.12,1007.81,1713276.8
Bulk Carrier,43687.76,11722.4,15.82,3438.44,92.36,5,14.07,Hydrogen,527.63,0.0,0.0,0.0,2216031.15
Bulk Carrier,94033.57,12406.7,15.18,6721.87,64.38,4,13.04,VLSFO,801.42,2385.51,16.43,147.86,394298.38
Container,93859.79,32893.1,16.15,11474.25,87.91,2,13.81,Hydrogen,4142.84,0.0,0.0,0.0,17399927.37
Container,80683.79,49318.44,18.99,5109.8,67.67,5,13.42,LNG,1976.94,5390.05,0.0,96.08,1008833.76
Tanker,95721.81,38086.56,12.71,7140.2,78.45,5,13.45,VLSFO,3943.18,11737.28,80.84,727.52,1940046.38
Container,82818.34,31959.5,22.15,10977.71,51.96,4,12.31,Hydrogen,1895.82,0.0,0.0,0.0,7962427.88
Tanker,157184.69,37781.71,13.44,3524.15,33.32,5,11.95,VLSFO,1053.53,3135.95,21.6,194.38,518338.18
Tanker,99264.23,18225.37,16.45,10991.64,32.27,2,11.98,Hydrogen,959.66,0.0,0.0,0.0,4030566.03
Bulk Carrier,67744.02,16679.62,12.15,3669.97,65.45,4,12.69,Methanol,884.37,1187.93,0.0,14.08,263984.43
Bulk Carrier,87875.93,14590.0,12.04,3395.75,89.19,5,15.0,Hydrogen,734.26,0.0,0.0,0.0,3083881.21
Bulk Carrier,46578.6,17725.07,12.49,3610.95,46.98,4,12.89,HFO,670.05,2084.85,53.87,134.68,228956.81
Tanker,154725.91,27725.79,16.52,11125.85,81.6,3,14.27,Ammonia,3041.73,0.0,0.0,56.58,1414405.61
Container,126866.83,40924.94,20.19,3366.7,80.68,2,13.85,HFO,1209.68,3763.9,97.26,243.15,413348.72
Tanker,181580.7,22324.46,14.05,1507.28,42.2,2,11.63,LNG,216.73,590.89,0.0,10.53,110594.83
Container,53228.08,32403.01,14.77,11238.53,55.62,4,12.21,Ammonia,3186.65,0.0,0.0,59.27,1481790.95
Tanker,157590.76,18512.91,16.13,1512.92,83.1,2,14.04,Methanol,333.31,447.72,0.0,5.31,99493.38
Tanker,157896.3,43517.86,12.63,10913.62,83.71,3,14.24,Ammonia,6335.04,0.0,0.0,117.83,2945793.75
Bulk Carrier,94547.84,14103.1,13.28,1498.92,34.07,4,11.53,Ammonia,148.91,0.0,0.0,2.77,69243.7
Tanker,154933.18,28097.35,16.14,4778.15,53.21,3,12.65,VLSFO,1154.67,3436.98,23.67,213.04,568095.95
Container,109418.76,27729.37,15.68,7265.74,64.75,3,13.1,VLSFO,1903.58,5666.19,39.02,351.21,936560.3
Bulk Carrier,92011.84,20536.59,12.95,3372.62,53.61,1,12.38,LNG,587.75,1602.47,0.0,28.56,299926.61
Container,134948.1,26739.13,18.68,1507.22,40.97,5,12.04,Methanol,280.86,377.26,0.0,4.47,83835.29
Tanker,149932.92,31693.0,16.04,6966.79,94.33,5,14.4,HFO,3035.58,9445.15,244.06,610.15,1037258.14
Tanker,146291.7,21972.45,14.09,3642.19,66.25,2,13.91,LNG,714.58,1948.28,0.0,34.73,364651.96
Bulk Carrier,73128.99,9805.99,11.52,6878.44,47.39,4,12.86,VLSFO,723.13,2152.47,14.82,133.42,355780.46
Bulk Carrier,43188.25,17565.65,11.88,7156.81,61.11,5,12.84,Hydrogen,1617.52,0.0,0.0,0.0,6793580.74
Bulk Carrier,65966.12,19584.15,15.77,10615.4,73.48,2,14.1,HFO,1981.71,6166.06,159.33,398.32,677151.38
Container,130874.32,29129.41,14.4,10627.24,72.3,2,13.76,Hydrogen,3272.36,0.0,0.0,0.0,13743929.64
Bulk Carrier,36137.1,24944.68,15.81,11145.51,52.52,5,13.15,Methanol,2881.74,3870.89,0.0,45.88,860198.67
Tanker,194120.67,32171.68,13.43,6940.13,65.96,3,13.72,Methanol,2878.17,3866.1,0.0,45.82,859132.39
Tanker,167717.71,22061.22,16.12,11294.2,78.22,3,13.81,LNG,2242.28,6113.48,0.0,108.97,1144233.9
Bulk Carrier,55208.35,9933.54,12.44,11312.71,53.05,2,12.84,Methanol,1259.12,1691.31,0.0,20.05,375847.15
Tanker,143680.6,27983.75,13.03,4775.16,45.35,3,12.04,HFO,1140.45,3548.48,91.69,229.23,389690.47
Tanker,149064.38,41846.34,16.34,1535.95,54.39,6,13.31,VLSFO,627.22,1867.0,12.86,115.72,308594.36
Container,149372.31,47974.75,20.47,6677.26,72.65,4,13.56,Methanol,2926.98,3931.66,0.0,46.6,873702.88
Container,61690.54,43988.9,18.11,5211.42,71.79,4,13.15,Methanol,2196.32,2950.21,0.0,34.97,655602.35
Bulk Carrier,38824.58,16669.68,15.51,4902.59,35.36,2,11.45,LNG,455.58,1242.11,0.0,22.14,232480.86
Container,121377.41,34792.06,17.22,7292.96,87.89,4,14.97,Ammonia,2813.03,0.0,0.0,52.32,1308058.13
Tanker,118227.72,32259.56,13.34,1452.74,60.26,4,13.66,Methanol,593.04,796.6,0.0,9.44,177021.9
Container,140040.04,37024.92,22.83,3590.69,35.88,4,11.65,LNG,484.12,1319.94,0.0,23.53,247047.35
Bulk Carrier,36519.64,16072.56,11.43,3641.06,55.14,3,12.92,HFO,646.5,2011.59,51.98,129.95,220910.67
Container,135957.31,34232.1,21.8,7163.72,44.14,4,12.44,HFO,1231.99,3833.32,99.05,247.63,420972.22
Bulk Carrier,37339.06,23638.33,15.35,10552.97,55.03,6,12.58,HFO,2544.46,7917.03,204.57,511.44,869441.11
Tanker,108235.2,42895.59,15.54,3474.06,46.95,7,12.24,HFO,1478.45,4600.18,118.87,297.17,505187.19
Container,92822.02,22080.49,16.15,11431.94,61.63,4,12.5,Methanol,2587.93,3476.24,0.0,41.2,772498.44
Tanker,167590.89,35965.31,14.29,4796.6,36.52,3,12.21,Ammonia,1121.11,0.0,0.0,20.85,521315.91
Bulk Carrier,44920.64,22498.34,12.04,7135.19,85.66,2,14.81,HFO,2183.28,6793.24,175.54,438.84,746027.61
Bulk Carrier,86033.93,19687.16,15.57,10909.77,73.68,8,14.32,LNG,2405.85,6559.46,0.0,116.92,1227705.76
Tanker,178645.55,17888.8,15.16,1489.11,63.57,3,13.21,HFO,253.04,787.31,20.34,50.86,86462.2
Tanker,142461.6,28081.93,14.42,1501.57,63.28,3,13.24,Methanol,444.9,597.61,0.0,7.08,132801.36
Container,57690.27,44887.83,23.2,1426.47,90.81,2,14.38,Hydrogen,468.36,0.0,0.0,0.0,1967119.73
Tanker,187778.75,43276.4,12.57,7084.1,82.55,4,13.93,Ammonia,4139.44,0.0,0.0,76.99,1924841.65
Container,144584.25,49478.12,23.76,3357.07,49.53,3,12.6,Ammonia,832.2,0.0,0.0,15.48,386970.88
Container,106069.75,59229.5,15.76,1458.8,36.56,3,12.33,Methanol,642.85,863.5,0.0,10.23,191889.49
Tanker,91489.14,16341.17,12.65,6772.18,65.68,6,13.13,VLSFO,1571.27,4677.05,32.21,289.9,773066.86
Bulk Carrier,80301.95,14983.05,11.75,1513.54,45.25,3,12.05,Ammonia,197.5,0.0,0.0,3.67,91835.74
Container,99555.43,31381.63,21.16,1520.86,60.35,7,13.19,Methanol,426.07,572.32,0.0,6.78,127181.7
Bulk Carrier,32978.13,17457.58,14.52,4868.43,71.83,2,13.37,VLSFO,876.25,2608.23,17.96,161.67,431113.01
Container,104174.47,20474.86,20.43,1570.97,31.41,4,11.75,LNG,131.93,359.7,0.0,6.41,67323.51
Bulk Carrier,45139.41,12466.69,11.2,10968.64,77.47,5,14.08,HFO,2183.9,6795.17,175.59,438.96,746240.06
Container,97894.47,43451.8,18.91,1515.4,78.47,6,13.99,Hydrogen,684.23,0.0,0.0,0.0,2873746.78
Container,51868.07,57950.45,19.54,6974.48,33.38,4,12.2,LNG,1725.77,4705.25,0.0,83.87,880662.48
Bulk Carrier,30745.66,17710.61,14.14,3606.36,71.77,1,13.98,Hydrogen,634.6,0.0,0.0,0.0,2665313.84
Bulk Carrier,55052.01,15147.3,13.16,11467.61,61.31,5,12.86,Hydrogen,2076.25,0.0,0.0,0.0,8720238.16
Container,134488.29,29037.18,22.86,3545.47,30.47,4,11.67,LNG,373.37,1017.99,0.0,18.15,190532.76
Tanker,169100.53,42610.56,14.9,11008.21,82.72,4,14.45,LNG,4872.3,13284.13,0.0,236.79,2486335.08
Tanker,81154.43,21121.12,13.53,1556.97,69.47,4,14.0,HFO,402.53,1252.48,32.36,80.91,137546.02
Tanker,113028.55,16132.77,13.82,3419.52,30.58,4,11.92,Ammonia,362.77,0.0,0.0,6.75,168687.51
Container,103447.93,26897.06,16.11,6732.89,48.56,3,12.65,Hydrogen,1226.39,0.0,0.0,0.0,5150838.69
Tanker,95331.09,36878.37,14.11,3654.07,64.27,4,13.21,HFO,1461.88,4548.61,117.54,293.84,499524.52
Container,122326.53,48370.91,16.86,4961.93,75.29,3,13.42,LNG,2111.68,5757.4,0.0,102.63,1077588.22
Container,135495.6,52722.59,16.44,7043.39,70.68,3,13.19,Ammonia,3231.86,0.0,0.0,60.11,1502816.13
Bulk Carrier,84166.61,19683.09,12.87,3522.67,96.05,3,15.25,Hydrogen,896.51,0.0,0.0,0.0,3765345.05
Bulk Carrier,83446.88,14469.33,11.3,3669.53,61.73,1,12.49,LNG,530.33,1445.92,0.0,25.77,270626.34
Bulk Carrier,63834.22,18801.06,15.36,3485.16,45.9,3,12.33,HFO,517.42,1609.93,41.6,104.0,176801.35
Bulk Carrier,54021.16,17942.93,12.69,11404.77,42.62,4,12.66,Ammonia,1781.38,0.0,0.0,33.13,828343.42
Container,148658.74,49283.02,21.47,6885.08,76.4,6,13.32,VLSFO,2931.47,8725.8,60.1,540.86,1442281.7
Container,65574.29,42158.62,23.27,3669.93,39.91,4,12.1,Methanol,785.12,1054.62,0.0,12.5,234359.4
Bulk Carrier,79587.76,18271.66,15.78,1472.49,57.44,3,12.8,VLSFO,228.65,680.61,4.69,42.19,112497.93
Bulk Carrier,59026.1,20479.71,11.19,1477.99,62.8,3,13.68,Methanol,433.9,582.83,0.0,6.91,129518.86
Bulk Carrier,65261.4,15474.98,11.46,6992.62,41.33,5,12.05,LNG,973.51,2654.22,0.0,47.31,496779.72
Tanker,157488.27,24532.57,15.69,10756.26,57.3,4,12.24,VLSFO,2324.58,6919.34,47.65,428.88,1143691.84
Tanker,185509.76,23667.03,14.32,5224.91,42.51,4,11.64,Ammonia,947.6,0.0,0.0,17.63,440634.69
Bulk Carrier,56449.63,21574.43,13.14,5213.31,45.95,4,12.39,Methanol,1101.04,1478.97,0.0,17.53,328659.32
Bulk Carrier,96683.11,13200.05,13.8,5059.06,76.6,5,14.52,LNG,807.4,2201.34,0.0,39.24,412016.04
Container,140823.38,45532.0,21.75,6935.95,92.76,3,15.07,HFO,2763.4,8598.27,222.18,555.44,944254.9
Tanker,185305.85,19994.64,16.57,3475.87,90.5,2,13.89,VLSFO,741.14,2206.09,15.19,136.74,364643.13
Bulk Carrier,57996.82,16926.45,15.33,7227.13,53.4,4,12.83,Methanol,1178.27,1582.71,0.0,18.76,351713.35
Tanker,82414.13,17167.75,12.48,4806.91,65.11,3,13.57,VLSFO,943.44,2808.24,19.34,174.06,464172.41
Bulk Carrier,41133.78,24294.69,13.71,1563.71,43.61,1,12.01,LNG,241.7,658.99,0.0,11.75,123340.69
Tanker,115787.9,35528.29,12.82,5170.38,83.75,4,14.3,Methanol,3177.23,4267.82,0.0,50.58,948403.41
Bulk Carrier,41478.93,12627.44,13.79,3445.27,50.55,1,12.16,VLSFO,367.66,1094.39,7.54,67.83,180890.57
Tanker,99142.19,36084.31,13.84,4761.29,95.82,4,14.3,Ammonia,2361.99,0.0,0.0,43.93,1098326.92
Bulk Carrier,77136.15,21474.27,12.0,11299.89,65.44,4,12.69,Ammonia,2984.86,0.0,0.0,55.52,1387962.02
Bulk Carrier,42838.18,21715.85,13.1,5063.62,65.89,6,12.66,Ammonia,1387.48,0.0,0.0,25.81,645178.17
Tanker,153467.93,34594.76,14.78,3413.6,80.62,4,14.13,HFO,1416.61,4407.75,113.9,284.74,484055.42
Container,101085.39,39747.5,17.6,1521.24,95.95,4,14.83,LNG,625.16,1704.48,0.0,30.38,319021.24
Container,57429.02,40610.77,17.82,3378.6,37.46,5,12.03,Hydrogen,801.14,0.0,0.0,0.0,3364785.32
Tanker,93608.56,44772.93,14.43,11350.28,78.87,4,13.92,Methanol,6400.95,8598.08,0.0,101.9,1910683.72
Tanker,149642.47,22774.48,15.86,7103.81,54.66,4,12.63,Ammonia,1285.34,0.0,0.0,23.91,597682.53
Bulk Carrier,96911.13,19765.9,15.88,3478.87,87.87,7,13.85,LNG,917.51,2501.56,0.0,44.59,468205.51
Tanker,127087.34,20847.62,15.46,11084.86,50.98,3,12.94,VLSFO,1889.16,5623.29,38.73,348.55,929468.87
Tanker,123922.49,42981.46,15.77,4833.78,76.67,4,13.47,Methanol,2638.23,3543.8,0.0,42.0,787511.63
Bulk Carrier,66042.81,22677.19,15.03,11319.57,99.02,4,14.34,HFO,3495.49,10876.14,281.04,702.59,1194407.8
Bulk Carrier,35502.77,18983.76,14.91,11125.83,70.96,7,13.43,Ammonia,2620.34,0.0,0.0,48.74,1218458.83
Bulk Carrier,62788.24,11751.03,11.85,7200.32,63.14,4,13.68,Ammonia,983.67,0.0,0.0,18.3,457405.21
Bulk Carrier,62274.82,20919.43,14.75,5074.46,41.74,3,11.97,LNG,707.83,1929.86,0.0,34.4,361203.75
Tanker,114739.82,17761.89,12.99,1523.76,80.79,3,13.84,Hydrogen,353.34,0.0,0.0,0.0,1484042.46
Bulk Carrier,77552.89,20926.41,14.74,4763.37,32.85,5,11.49,HFO,669.07,2081.79,53.79,134.48,228620.82
Bulk Carrier,74772.5,19771.6,11.44,4902.69,79.4,4,13.71,Methanol,1677.7,2253.57,0.0,26.71,500793.6
Bulk Carrier,88233.24,17159.37,12.25,11415.62,33.71,3,11.8,Methanol,1705.71,2291.2,0.0,27.15,509154.46
Tanker,129416.06,22093.96,12.76,5190.82,45.99,4,11.95,Hydrogen,1030.5,0.0,0.0,0.0,4328087.98
Container,145495.14,52700.07,22.82,4774.59,80.13,4,13.95,LNG,1719.52,4688.2,0.0,83.57,877469.99
Container,107282.85,47510.62,19.39,11208.94,64.67,4,13.37,Methanol,4857.19,6524.42,0.0,77.33,1449871.24
Bulk Carrier,43448.12,21149.2,15.92,6794.49,72.77,5,14.13,Ammonia,1544.5,0.0,0.0,28.73,718194.25
Tanker,98789.94,30630.22,16.66,4868.98,86.96,4,14.52,VLSFO,1748.71,5205.22,35.85,322.64,860366.97
Bulk Carrier,63946.06,21831.62,12.07,1446.88,74.17,3,13.12,VLSFO,420.23,1250.85,8.61,77.53,206751.32
Tanker,151120.94,20609.23,16.86,7166.8,76.97,4,14.14,LNG,1349.7,3679.89,0.0,65.6,688749.78
Container,80614.73,25074.33,18.16,3672.15,85.14,4,14.14,LNG,906.71,2472.11,0.0,44.07,462694.62
Container,62693.04,24151.86,22.13,1541.68,75.86,5,14.05,Hydrogen,291.77,0.0,0.0,0.0,1225422.9
Bulk Carrier,53368.32,12001.83,14.11,6925.88,66.94,3,13.17,Hydrogen,856.44,0.0,0.0,0.0,3597048.88
Container,146637.43,29788.56,18.72,10783.57,32.97,6,11.42,LNG,1675.39,4567.89,0.0,81.42,854953.3
Tanker,143305.06,21757.84,13.08,6792.48,47.53,4,12.59,VLSFO,1428.52,4252.14,29.28,263.56,702833.36
Bulk Carrier,91844.58,18021.82,14.03,7168.64,48.13,4,12.3,HFO,1125.29,3501.32,90.47,226.18,384512.32
Tanker,166553.08,33680.55,14.74,4914.96,41.57,2,12.17,LNG,1067.64,2910.89,0.0,51.89,544818.06
Container,74702.9,57537.79,17.96,3391.76,69.92,3,13.07,HFO,1790.75,5571.88,143.98,359.94,611899.35
Container,87556.97,31731.35,19.34,11232.42,59.14,4,13.05,Hydrogen,2548.33,0.0,0.0,0.0,10702997.0
Bulk Carrier,41230.76,9856.5,15.14,7037.74,69.42,1,14.1,Methanol,709.87,953.54,0.0,11.3,211897.2
Container,90205.79,52517.94,15.87,5220.52,89.52,7,15.05,VLSFO,3718.12,11067.34,76.22,685.99,1829312.6
Container,119248.09,38036.57,23.68,1517.24,83.91,5,13.76,Hydrogen,453.71,0.0,0.0,0.0,1905584.02
Bulk Carrier,41822.4,18061.81,14.89,3422.56,49.03,4,12.05,LNG,477.28,1301.27,0.0,23.2,243554.14
Bulk Carrier,32523.9,19231.74,12.96,1425.02,49.52,4,12.92,LNG,245.49,669.31,0.0,11.93,125272.7
Container,71974.22,20700.57,17.36,1508.34,49.86,5,12.05,Hydrogen,245.66,0.0,0.0,0.0,1031781.16
Container,145168.14,56367.06,23.81,3397.69,84.12,5,14.43,Ammonia,1546.58,0.0,0.0,28.77,719158.81
Tanker,93689.67,39166.47,13.17,4864.8,31.69,4,11.84,Methanol,1490.37,2001.95,0.0,23.73,444876.71
Tanker,175060.1,20472.04,13.97,3371.28,59.0,4,13.06,Hydrogen,696.08,0.0,0.0,0.0,2923535.22
Container,53558.86,38129.51,18.81,1517.94,68.94,5,13.57,LNG,467.99,1275.96,0.0,22.74,238815.28
Container,93373.62,29471.85,21.84,1468.47,52.49,4,12.11,VLSFO,274.29,816.45,5.62,50.61,134950.29
Bulk Carrier,78165.41,13774.21,15.63,11138.51,73.21,4,13.64,Hydrogen,1541.39,0.0,0.0,0.0,6473848.56
Tanker,90896.15,25768.46,16.96,3664.79,36.63,2,11.34,Hydrogen,511.08,0.0,0.0,0.0,2146516.35
Container,114560.99,46847.14,17.6,4823.42,34.17,7,11.98,VLSFO,1433.43,4266.74,29.39,264.47,705246.28
Container,130240.46,39240.14,19.13,3352.58,73.58,4,13.26,Hydrogen,1089.83,0.0,0.0,0.0,4577301.57
Tanker,155201.85,30242.91,16.33,7273.07,63.18,3,12.75,LNG,1847.71,5037.71,0.0,89.8,942886.74
Container,121958.19,43590.28,15.33,1513.09,34.82,4,11.45,VLSFO,454.8,1353.77,9.32,83.91,223763.11
Tanker,162152.01,33327.39,16.12,6737.0,82.42,3,14.46,LNG,2249.02,6131.85,0.0,109.3,1147672.57
Container,141443.9,39313.55,23.81,1434.86,89.49,3,14.59,VLSFO,444.42,1322.87,9.11,82.0,218655.85
Tanker,170569.84,20423.96,16.74,10704.86,68.46,6,12.9,VLSFO,2496.05,7429.73,51.17,460.52,1228055.04
Container,132933.8,57184.43,21.01,3348.39,91.75,3,14.54,Ammonia,1486.98,0.0,0.0,27.66,691447.15
Container,78888.93,27670.71,21.37,1489.38,50.68,4,13.07,VLSFO,254.29,756.93,5.21,46.92,125113.07
Container,133907.31,49707.88,20.27,4901.07,40.0,6,11.8,HFO,1451.19,4515.36,116.68,291.69,495872.41
Tanker,173988.37,15587.96,13.72,3416.01,39.91,5,11.56,Ammonia,438.2,0.0,0.0,8.15,203762.71
Tanker,147016.64,41000.14,16.02,10478.99,79.15,3,14.02,HFO,4202.68,13076.55,337.9,844.74,1436054.74
Bulk Carrier,96260.07,13604.97,12.32,10911.36,40.22,4,11.82,VLSFO,1363.19,4057.67,27.95,251.51,670688.57
Container,93857.2,42557.98,17.48,3333.46,44.45,4,12.37,Hydrogen,927.25,0.0,0.0,0.0,3894449.48
Container,69190.69,50897.65,16.24,3576.41,71.36,4,13.09,VLSFO,1753.85,5220.51,35.95,323.59,862893.8
Container,53128.78,53706.84,16.98,1549.93,45.15,6,12.17,Hydrogen,660.69,0.0,0.0,0.0,2774889.11
Tanker,172146.88,31150.77,13.04,3622.93,54.6,3,13.14,LNG,980.01,2671.95,0.0,47.63,500097.42
Tanker,94181.07,30101.72,16.48,6886.03,94.63,3,14.46,Ammonia,2311.51,0.0,0.0,42.99,1074852.28
Bulk Carrier,43749.2,18144.63,15.45,4933.55,64.19,4,13.48,Methanol,936.26,1257.63,0.0,14.91,279472.69
Container,112203.01,36543.2,14.44,10772.34,46.79,3,12.65,Ammonia,2981.87,0.0,0.0,55.46,1386570.93
Tanker,125404.93,37575.37,14.52,7121.0,79.01,2,13.74,HFO,2971.58,9246.02,238.92,597.29,1015390.01
Container,60308.97,44567.01,19.52,11462.02,76.19,4,13.4,Ammonia,4345.52,0.0,0.0,80.83,2020667.54
Tanker,179587.39,19988.05,12.56,5097.32,92.47,5,14.58,Hydrogen,1551.34,0.0,0.0,0.0,6515643.25
Tanker,103079.53,23204.8,13.16,7034.72,62.43,4,13.54,Hydrogen,1763.43,0.0,0.0,0.0,7406388.84
Bulk Carrier,34933.85,10183.24,12.53,5073.66,82.69,3,13.67,Ammonia,640.91,0.0,0.0,11.92,298021.6
Bulk Carrier,48045.38,22716.41,15.82,3433.46,35.96,4,11.64,Hydrogen,493.04,0.0,0.0,0.0,2070748.46
Tanker,179434.46,27534.56,12.11,3368.4,65.04,3,12.93,LNG,951.17,2593.34,0.0,46.23,485384.19
Bulk Carrier,48585.13,14175.77,14.28,5045.51,44.98,2,11.83,HFO,541.8,1685.8,43.56,108.9,185133.06
Container,123308.21,31740.87,23.55,5068.37,74.38,5,14.33,VLSFO,1267.92,3774.1,25.99,233.93,623817.46
Tanker,180536.79,22609.27,12.06,6837.02,57.18,8,12.63,Methanol,2502.45,3361.41,0.0,39.84,746980.43
Bulk Carrier,47434.99,23349.03,12.56,4894.97,73.7,5,13.93,LNG,1539.32,4196.89,0.0,74.81,785513.34
Bulk Carrier,64573.28,21020.83,12.12,4938.25,32.57,5,12.19,LNG,803.86,2191.68,0.0,39.07,410208.05
Bulk Carrier,54754.5,23354.47,11.77,5161.46,73.97,1,14.32,Hydrogen,1535.17,0.0,0.0,0.0,6447696.89
Tanker,81403.02,36110.88,14.38,5004.08,57.36,4,12.63,Methanol,1888.89,2537.25,0.0,30.07,563833.57
Container,92490.36,42932.82,14.9,5135.83,91.23,4,14.36,HFO,2884.39,8974.74,231.91,579.76,985597.65
Container,146315.13,25385.25,19.98,3611.87,96.51,7,14.6,VLSFO,1079.71,3213.87,22.13,199.21,531217.86
Tanker,182215.81,27923.95,12.12,10616.42,46.88,6,12.63,Ammonia,3105.21,0.0,0.0,57.76,1443922.42
Tanker,156513.16,44069.16,14.32,7121.02,30.0,4,11.63,LNG,1745.48,4758.99,0.0,84.83,890719.97
Container,133341.7,58081.99,14.0,1444.64,75.51,4,13.86,Methanol,1132.5,1521.24,0.0,18.03,338052.62
Tanker,151260.98,25446.02,12.94,10721.91,93.9,3,14.28,Methanol,4560.15,6125.42,0.0,72.6,1361204.61
Bulk Carrier,98822.05,17893.5,13.76,4959.5,94.77,4,15.23,Ammonia,1193.79,0.0,0.0,22.2,555111.31
Bulk Carrier,42087.61,12884.21,11.35,11280.36,61.27,4,13.66,Hydrogen,1858.68,0.0,0.0,0.0,7806463.99
Bulk Carrier,36217.8,21294.0,14.03,5190.6,49.41,2,11.98,LNG,827.35,2255.74,0.0,40.21,422197.99
Bulk Carrier,36924.87,16831.68,11.18,4752.2,31.28,4,12.02,Methanol,783.71,1052.72,0.0,12.48,233936.7
Bulk Carrier,39297.14,10898.06,13.53,1495.82,37.04,3,11.57,HFO,110.39,343.46,8.88,22.19,37718.78
Bulk Carrier,38243.51,20507.29,11.77,1519.06,69.49,8,13.28,Methanol,585.34,786.25,0.0,9.32,174723.12
Bulk Carrier,78405.27,17703.34,11.26,10984.27,65.39,4,13.13,VLSFO,2794.31,8317.53,57.28,515.55,1374798.91
Tanker,172671.74,30005.03,13.12,4809.51,56.61,5,12.35,VLSFO,1527.2,4545.86,31.31,281.77,751382.45
Container,111994.16,24449.61,21.31,3418.58,75.45,4,13.4,VLSFO,681.07,2027.28,13.96,125.66,335087.83
Tanker,98710.77,26557.07,12.33,1429.96,39.98,3,12.49,LNG,279.27,761.42,0.0,13.57,142512.61
Bulk Carrier,85143.83,20677.89,15.7,6858.68,39.8,3,12.38,Ammonia,850.09,0.0,0.0,15.81,395292.89
Bulk Carrier,47950.35,10643.91,13.74,6936.22,31.56,4,11.25,Hydrogen,449.71,0.0,0.0,0.0,1888785.21
Tanker,122054.85,42696.39,16.57,10827.85,48.57,2,12.65,LNG,2832.05,7721.46,0.0,137.64,1445192.93
Tanker,118896.01,17769.4,12.34,3622.18,60.72,4,12.48,Ammonia,739.65,0.0,0.0,13.76,343935.08
Container,72102.97,53892.28,18.13,10773.77,57.94,4,13.54,LNG,4026.82,10978.95,0.0,195.7,2054884.04
Container,90518.23,22449.99,15.89,1562.24,87.35,2,13.99,VLSFO,400.72,1192.79,8.21,73.93,197155.49
Tanker,92046.68,17365.46,16.39,3402.28,39.76,4,12.32,Ammonia,362.75,0.0,0.0,6.75,168678.99
Bulk Carrier,31430.92,20604.03,12.28,11196.23,78.69,5,13.77,Ammonia,3159.49,0.0,0.0,58.77,1469160.79
Container,148841.59,28629.68,19.8,3450.91,82.55,4,13.82,Hydrogen,888.3,0.0,0.0,0.0,3730851.36
Container,120525.91,51327.43,22.42,10823.14,61.44,2,13.21,HFO,3446.41,10723.45,277.09,692.73,1177639.56
Container,83090.73,43863.48,22.83,6652.84,55.99,4,12.4,Hydrogen,1784.74,0.0,0.0,0.0,7495889.98
Tanker,117112.12,39765.87,12.12,7269.99,62.11,2,13.42,LNG,3045.91,8304.54,0.0,148.03,1554325.44
Bulk Carrier,48680.71,18848.5,12.21,3505.09,50.45,4,12.78,Methanol,821.11,1102.96,0.0,13.07,245102.79
Tanker,120653.89,36288.3,16.19,3337.61,83.53,2,14.66,VLSFO,1223.19,3640.95,25.08,225.68,601810.51
Tanker,161530.51,40085.94,12.49,10559.13,40.26,3,11.86,Methanol,4193.1,5632.39,0.0,66.75,1251641.29
Tanker,140194.52,19154.59,14.13,5109.21,73.93,3,14.02,Ammonia,1125.35,0.0,0.0,20.93,523287.5
Container,106307.77,45350.02,19.61,3325.71,71.0,3,14.22,Hydrogen,1147.93,0.0,0.0,0.0,4821296.27
Tanker,131025.15,22139.74,16.0,1536.1,71.96,5,13.31,Ammonia,345.38,0.0,0.0,6.42,160601.82
Bulk Carrier,94180.57,20075.02,12.0,7059.77,34.83,5,11.81,HFO,1158.17,3603.62,93.12,232.79,395745.86
Container,125912.52,24185.28,14.05,1534.58,96.07,2,15.25,Methanol,542.27,728.4,0.0,8.63,161867.41
Tanker,133863.85,30273.58,13.42,5065.74,53.42,3,12.99,LNG,1320.97,3601.58,0.0,64.2,674092.73
Tanker,89603.51,19327.76,13.01,1465.9,55.04,3,12.4,Ammonia,256.99,0.0,0.0,4.78,119499.92
Bulk Carrier,34277.94,16383.5,11.5,6860.05,37.31,3,11.59,LNG,849.82,2316.99,0.0,41.3,433662.01
Tanker,145610.03,35592.93,14.47,3674.37,39.37,3,12.53,Ammonia,948.0,0.0,0.0,17.63,440817.75
Bulk Carrier,75694.6,18299.43,11.68,11448.65,32.47,2,11.61,VLSFO,1513.62,4505.46,31.03,279.26,744703.5
Container,107128.35,42698.14,15.06,6718.29,88.77,6,14.78,LNG,3670.54,10007.57,0.0,178.39,1873074.73
Container,111677.25,21693.51,22.42,3327.21,48.8,1,11.93,HFO,367.28,1142.8,29.53,73.82,125501.13
Tanker,177192.37,43377.98,14.74,3335.29,72.83,5,13.23,Ammonia,1610.15,0.0,0.0,29.95,748718.2
Bulk Carrier,56158.36,22286.94,14.9,7112.31,94.87,3,15.18,Hydrogen,1981.03,0.0,0.0,0.0,8320317.13
Tanker,126992.87,39084.69,15.99,3616.24,79.96,7,14.23,Hydrogen,1689.99,0.0,0.0,0.0,7097973.92
Tanker,81515.66,22082.64,15.68,11311.66,67.24,7,12.82,VLSFO,3019.98,8989.28,61.91,557.19,1485831.64
Container,149511.73,30477.57,16.33,11548.84,60.12,4,13.04,LNG,2643.0,7206.02,0.0,128.45,1348720.54
Tanker,99929.06,17919.98,15.4,10587.85,49.93,3,12.63,Methanol,1608.72,2160.92,0.0,25.61,480203.99
Container,71183.76,56754.13,22.54,3449.09,45.81,2,11.79,LNG,820.93,2238.22,0.0,39.9,418919.03
Bulk Carrier,60223.45,14508.81,12.06,10988.99,80.49,7,14.33,VLSFO,2854.59,8496.96,58.52,526.67,1404456.07
Bulk Carrier,78897.45,19294.04,14.34,1541.29,44.18,4,11.69,Methanol,294.83,396.04,0.0,4.69,88007.87
Bulk Carrier,37293.67,23791.06,12.63,11276.99,53.58,6,12.88,Ammonia,3286.66,0.0,0.0,61.13,1528298.66
Bulk Carrier,33583.12,17603.1,12.29,5241.46,97.77,5,14.21,HFO,1646.19,5122.09,132.35,330.88,562503.74
Tanker,97694.11,20765.12,16.12,6778.97,87.05,4,15.03,LNG,1526.92,4163.09,0.0,74.21,779188.09
Bulk Carrier,61087.14,22003.11,12.07,4821.74,47.68,3,11.83,Ammonia,977.08,0.0,0.0,18.17,454341.24
Tanker,137516.8,31906.68,15.84,1544.52,48.63,5,12.31,Hydrogen,353.53,0.0,0.0,0.0,1484834.72
Bulk Carrier,42406.99,15135.64,13.24,3474.02,85.96,4,14.02,HFO,732.71,2279.82,58.91,147.27,250367.41
Bulk Carrier,94244.64,15128.8,14.64,3366.3,42.2,4,11.66,Hydrogen,391.77,0.0,0.0,0.0,1645435.15
Container,123251.58,29148.92,16.74,1470.44,55.9,4,12.53,HFO,370.29,1152.14,29.77,74.43,126527.4
Tanker,152650.57,16958.35,12.35,3557.04,63.33,7,13.63,Ammonia,871.8,0.0,0.0,16.22,405389.13
Container,61411.89,50649.24,20.44,5225.91,81.68,4,13.92,LNG,2191.98,5976.35,0.0,106.53,1118567.29
Bulk Carrier,54457.07,18310.73,15.51,6925.29,86.51,4,14.74,Hydrogen,1471.52,0.0,0.0,0.0,6180367.64
Bulk Carrier,57829.42,20208.32,13.6,11279.29,82.77,3,13.85,Ammonia,2639.6,0.0,0.0,49.1,1227414.4
Tanker,162123.34,33898.82,16.23,10913.09,47.48,7,12.84,HFO,3158.04,9826.18,253.91,634.77,1079102.25
Tanker,96213.43,39506.51,15.19,4920.56,78.04,4,14.56,Ammonia,2173.16,0.0,0.0,40.42,1010518.4
Container,126194.69,20643.55,21.25,11163.39,58.74,5,12.55,HFO,1792.49,5577.29,144.12,360.29,612493.47
Tanker,92013.99,21318.41,14.4,11339.34,62.8,3,12.79,HFO,2370.93,7377.09,190.62,476.56,810145.99
Container,78432.92,40468.27,21.49,3638.9,77.08,3,13.69,HFO,1106.41,3442.57,88.96,222.39,378060.07
Container,130432.51,39058.56,18.63,7237.52,37.9,5,12.33,Hydrogen,1615.4,0.0,0.0,0.0,6784679.69
Bulk Carrier,99690.21,11874.12,14.65,7234.94,53.24,2,12.18,Ammonia,671.93,0.0,0.0,12.5,312446.21
Bulk Carrier,90201.23,23913.69,15.65,1507.7,56.14,4,12.35,HFO,316.01,983.25,25.41,63.52,107979.5
Container,116409.95,58582.58,20.83,3411.53,33.84,3,11.37,LNG,805.41,2195.92,0.0,39.14,411001.5
Tanker,170821.94,32678.85,14.42,4930.75,94.95,6,14.57,Methanol,3032.69,4073.66,0.0,48.28,905256.72
Container,142239.28,42162.39,14.84,3524.94,59.81,2,12.79,LNG,1160.23,3163.32,0.0,56.39,592065.12
Container,126510.51,37552.37,20.36,4971.36,94.47,4,15.06,LNG,1580.65,4309.57,0.0,76.82,806604.68
Container,110392.99,26285.44,23.88,10541.37,99.1,4,14.95,Ammonia,2262.41,0.0,0.0,42.08,1052020.73
Bulk Carrier,41191.15,18351.93,13.31,3549.6,92.61,2,14.71,HFO,864.22,2689.01,69.48,173.71,295304.47
Tanker,174340.79,17644.31,12.84,7300.39,42.16,8,11.78,LNG,1325.91,3615.05,0.0,64.44,676614.16
Container,125369.68,32516.04,22.12,6960.58,57.96,3,12.72,Methanol,1615.34,2169.81,0.0,25.72,482179.22
Bulk Carrier,82889.73,16112.79,14.39,1535.0,43.38,5,12.14,LNG,201.0,548.01,0.0,9.77,102568.11
Tanker,178670.33,38970.27,15.91,3455.63,47.68,4,12.02,LNG,939.84,2562.45,0.0,45.68,479602.67
Container,103953.09,21956.19,16.3,1533.86,30.13,1,11.24,HFO,173.2,538.9,13.93,34.81,59181.26
Container,111604.58,46696.62,16.72,11083.05,67.18,1,13.35,VLSFO,4326.33,12877.74,88.69,798.21,2128552.07
Container,143921.7,58949.26,15.88,3349.07,65.79,1,13.27,VLSFO,1802.2,5364.44,36.95,332.51,886683.96
Bulk Carrier,53645.77,16751.92,15.24,5157.33,71.92,4,13.09,HFO,900.94,2803.26,72.44,181.09,307851.82
Container,107937.87,50586.57,23.87,3543.69,76.88,4,13.36,HFO,1273.87,3963.62,102.42,256.05,435281.57
Bulk Carrier,94808.24,16717.56,12.86,11366.11,47.13,3,12.96,Methanol,1925.23,2586.06,0.0,30.65,574680.69
Container,110089.49,41017.78,14.15,3630.89,72.64,3,13.01,Ammonia,1504.07,0.0,0.0,27.98,699392.6
Container,67885.04,38394.29,15.17,11095.93,88.56,4,13.83,Methanol,5997.48,8056.11,0.0,95.48,1790246.71
Tanker,108549.25,22126.4,14.6,1550.61,52.81,2,12.7,Methanol,302.25,405.99,0.0,4.81,90221.08
Bulk Carrier,90394.55,21184.92,12.88,1557.67,75.02,3,14.43,LNG,390.15,1063.73,0.0,18.96,199094.31
Container,75326.92,57136.22,22.14,3583.09,79.28,2,14.45,Hydrogen,1376.48,0.0,0.0,0.0,5781202.46
Bulk Carrier,76934.4,17769.01,11.83,11284.74,57.95,1,13.19,Ammonia,2083.58,0.0,0.0,38.75,968866.29
Tanker,187077.31,39960.05,13.49,10514.66,71.8,5,13.44,Ammonia,4892.35,0.0,0.0,91.0,2274942.56
Container,79379.02,25513.09,21.42,7235.13,68.23,4,13.19,Hydrogen,1275.68,0.0,0.0,0.0,5357851.95
Container,57828.65,48072.92,21.25,3588.69,81.82,2,13.74,HFO,1323.38,4117.68,106.4,266.0,452200.51
Bulk Carrier,98352.04,8065.49,15.61,1553.28,39.24,3,12.15,Hydrogen,79.31,0.0,0.0,0.0,333089.97
Container,145158.1,59825.63,20.25,3591.86,93.0,5,15.35,LNG,2054.81,5602.36,0.0,99.86,1048570.57
Tanker,111091.39,27395.1,14.76,5051.72,70.17,4,13.26,HFO,1556.36,4842.57,125.13,312.83,531807.32
Tanker,88966.64,37928.57,15.95,3502.37,65.22,3,13.36,HFO,1237.85,3851.54,99.52,248.81,422973.22
Container,120951.06,46192.16,23.88,4919.9,75.9,4,14.06,VLSFO,1748.19,5203.67,35.84,322.54,860111.31
Tanker,181326.19,40276.83,12.41,11429.2,68.63,7,13.86,Hydrogen,6658.67,0.0,0.0,0.0,27966414.59
Container,87280.35,49053.69,23.02,4831.87,36.71,3,12.41,VLSFO,1036.29,3084.62,21.24,191.2,509855.02
Container,110622.16,59032.74,17.5,5103.85,33.45,4,11.38,HFO,1685.67,5244.92,135.53,338.82,575992.1
Container,53510.97,52928.99,15.28,6665.9,71.03,4,13.68,Hydrogen,3744.4,0.0,0.0,0.0,15726470.79
Container,60929.6,42800.15,22.0,1459.53,57.49,4,13.28,LNG,356.98,973.28,0.0,17.35,182165.48
Container,79159.0,35221.32,17.11,4884.2,76.22,3,13.33,VLSFO,1661.86,4946.69,34.07,306.61,817634.26
Container,112847.7,27317.73,20.28,1573.55,81.53,3,13.69,HFO,369.93,1151.03,29.74,74.36,126405.41
Bulk Carrier,52757.73,19959.12,12.39,10728.74,75.4,4,13.54,HFO,2886.88,8982.46,232.1,580.26,986445.73
Tanker,137813.5,25661.47,16.13,4991.61,94.23,2,14.13,Hydrogen,1255.9,0.0,0.0,0.0,5274764.04
Tanker,160694.26,27370.97,14.29,6844.03,32.57,4,11.5,Hydrogen,1112.75,0.0,0.0,0.0,4673546.15
Bulk Carrier,41094.17,8711.81,12.11,5175.4,61.15,3,13.69,HFO,531.42,1653.5,42.73,106.82,181586.37
Tanker,151254.19,27583.64,15.68,1480.22,59.76,1,12.95,LNG,311.44,849.12,0.0,15.14,158926.91
Container,117465.17,44036.03,17.58,11348.7,74.2,5,13.26,LNG,4304.14,11735.08,0.0,209.18,2196404.91
Tanker,119595.24,16408.26,15.06,6853.41,61.84,5,13.63,VLSFO,1116.03,3321.98,22.88,205.91,549087.85
Bulk Carrier,42733.34,16379.17,11.76,10934.27,83.15,3,13.78,Hydrogen,2295.47,0.0,0.0,0.0,9640957.79
Bulk Carrier,72717.71,20991.82,12.17,1530.22,43.55,7,12.22,VLSFO,347.65,1034.82,7.13,64.14,171044.74
Bulk Carrier,79863.08,14153.32,15.19,5022.59,49.21,5,12.38,Hydrogen,573.77,0.0,0.0,0.0,2409830.77
Tanker,165103.57,35688.76,13.98,7223.39,44.08,1,11.67,Methanol,2040.76,2741.25,0.0,32.49,609167.02
Container,122078.65,49308.67,20.22,11538.57,68.68,4,12.92,Methanol,4794.2,6439.8,0.0,76.32,1431067.57
Tanker,113216.99,43767.16,15.26,3471.52,38.56,8,12.46,VLSFO,1307.64,3892.32,26.81,241.26,643359.5
Container,91050.55,23498.36,21.29,1562.26,59.09,3,13.16,Ammonia,232.96,0.0,0.0,4.33,108327.92
Tanker,128900.57,29699.79,13.59,6714.62,49.2,3,13.06,VLSFO,1721.16,5123.21,35.28,317.55,846811.97
Bulk Carrier,64334.54,15550.31,12.82,3497.78,84.44,4,14.39,Hydrogen,720.07,0.0,0.0,0.0,3024278.7
Tanker,150516.96,29204.74,12.64,3371.2,80.52,4,14.08,HFO,1336.82,4159.5,107.48,268.7,456792.33
Bulk Carrier,63706.58,10600.18,12.99,3328.27,42.86,4,11.7,LNG,265.3,723.34,0.0,12.89,135383.66
Bulk Carrier,53661.77,20156.32,15.31,6979.73,92.89,4,14.36,VLSFO,1792.83,5336.53,36.75,330.78,882070.81
Bulk Carrier,47630.03,14900.41,13.31,7233.55,95.94,3,15.14,HFO,1594.73,4961.96,128.22,320.54,544918.15
Bulk Carrier,71944.22,24204.6,15.05,5165.84,35.07,1,11.24,Methanol,760.35,1021.34,0.0,12.1,226964.0
Bulk Carrier,88887.27,19429.61,12.6,7119.22,83.06,5,13.85,Methanol,2521.92,3387.56,0.0,40.15,752791.84
Container,146691.71,42781.6,17.67,6709.33,93.88,6,14.05,HFO,3979.22,12381.25,319.93,799.82,1359698.4
Bulk Carrier,40560.89,11247.75,15.37,7077.87,89.1,4,14.95,Hydrogen,935.65,0.0,0.0,0.0,3929718.07
Bulk Carrier,35536.24,9316.29,11.02,7047.66,66.27,3,12.84,VLSFO,852.75,2538.28,17.48,157.33,419551.06
Container,108543.96,32280.22,17.78,6845.0,90.28,4,13.87,LNG,2217.76,6046.64,0.0,107.78,1131723.97
Tanker,147699.13,41720.86,16.97,3554.16,91.83,3,14.04,Hydrogen,1519.57,0.0,0.0,0.0,6382203.59
Bulk Carrier,37705.82,15289.27,14.0,3569.38,97.78,4,14.71,LNG,701.86,1913.6,0.0,34.11,358159.82
Tanker,184704.93,32194.7,15.05,7173.56,49.93,4,12.2,LNG,1846.01,5033.07,0.0,89.72,942018.45
Bulk Carrier,79529.69,24619.88,14.31,4925.25,75.94,3,13.15,VLSFO,1355.09,4033.57,27.78,250.01,666706.34
Tanker,120864.19,43193.26,15.55,4790.01,71.04,8,13.74,Ammonia,2620.02,0.0,0.0,48.73,1218311.13
Bulk Carrier,84028.89,20151.61,12.21,3564.17,67.7,4,13.51,HFO,943.96,2937.11,75.89,189.74,322550.94
Tanker,154382.31,44827.21,15.26,5163.11,63.05,8,13.2,Methanol,3342.26,4489.49,0.0,53.21,997663.68
Tanker,138839.08,29024.8,15.68,11337.3,81.46,4,13.77,HFO,3966.0,12340.12,318.87,797.17,1355181.51
Container,87504.53,31791.49,15.53,11155.47,64.18,4,12.57,HFO,3502.18,10896.97,281.58,703.94,1196695.5
Bulk Carrier,47429.49,21936.39,13.14,10687.57,78.88,3,13.96,Ammonia,2807.27,0.0,0.0,52.22,1305378.28
Tanker,127408.5,31143.88,15.69,5203.6,88.0,5,14.44,VLSFO,2033.87,6054.02,41.69,375.25,1000664.27
Container,58784.35,48221.39,20.61,5103.83,43.96,3,12.46,VLSFO,1371.24,4081.62,28.11,252.99,674648.17
Bulk Carrier,94500.25,18182.83,11.79,3414.52,58.72,3,12.78,VLSFO,673.42,2004.52,13.81,124.25,331325.07
Bulk Carrier,71119.46,8189.86,12.57,11240.84,38.6,4,12.19,HFO,776.45,2415.92,62.43,156.07,265313.91
Bulk Carrier,96475.55,8835.6,12.9,11283.27,51.42,4,12.64,Hydrogen,985.27,0.0,0.0,0.0,4138143.97
Container,147238.02,57279.47,18.84,4980.98,54.36,5,12.4,LNG,2105.8,5741.37,0.0,102.34,1074587.9
Bulk Carrier,31116.19,20207.57,14.35,7008.07,97.61,4,15.0,Methanol,2172.57,2918.3,0.0,34.59,648512.14
Bulk Carrier,41200.76,17762.98,14.01,4842.04,62.42,4,13.0,VLSFO,952.33,2834.71,19.52,175.7,468546.65
Bulk Carrier,80507.49,22655.61,11.87,3470.62,68.94,1,13.12,Hydrogen,915.57,0.0,0.0,0.0,3845409.02
Tanker,121082.96,29044.41,15.53,7129.66,72.59,4,13.06,LNG,1846.75,5035.09,0.0,89.75,942396.41
Bulk Carrier,92518.27,18835.54,14.84,3398.17,64.56,5,12.72,Methanol,786.46,1056.41,0.0,12.52,234758.82
Container,144071.47,44828.69,15.63,6685.59,54.95,4,12.91,HFO,2826.17,8793.58,227.22,568.06,965703.34
Container,59767.24,55406.43,22.55,1515.05,96.56,4,14.31,Hydrogen,748.86,0.0,0.0,0.0,3145217.27
Tanker,168563.21,25258.48,16.76,4913.36,75.22,5,14.13,Ammonia,1249.24,0.0,0.0,23.24,580894.83
Tanker,94869.04,27962.06,16.28,7089.57,66.28,5,12.9,Ammonia,1937.55,0.0,0.0,36.04,900959.76
Tanker,134316.57,26582.67,16.8,6960.79,55.24,2,12.72,Hydrogen,1297.86,0.0,0.0,0.0,5451009.06
Container,106670.96,30443.57,19.45,1521.8,89.92,5,15.09,Methanol,550.83,739.9,0.0,8.77,164421.87
Tanker,81202.48,21224.37,14.76,1567.7,57.48,5,13.09,Ammonia,312.58,0.0,0.0,5.81,145349.57
Container,140040.46,58781.01,14.6,3623.05,84.98,4,13.92,HFO,2877.57,8953.49,231.36,578.39,983264.19
Container,105356.58,54973.64,23.06,3493.45,96.79,4,14.31,Hydrogen,1628.53,0.0,0.0,0.0,6839823.95
Bulk Carrier,66119.65,19849.88,15.67,6933.32,98.25,2,14.39,Hydrogen,1588.57,0.0,0.0,0.0,6671995.04
Bulk Carrier,75419.75,21634.18,11.77,1443.73,42.86,1,12.43,HFO,263.82,820.86,21.21,53.03,90146.04
Tanker,136177.63,37355.36,13.18,4982.04,42.2,8,12.51,Hydrogen,1871.53,0.0,0.0,0.0,7860410.13
Container,70147.74,45072.86,15.9,11111.4,42.81,6,12.06,Methanol,4725.86,6348.02,0.0,75.24,1410670.22
Container,68611.47,40706.49,23.09,3506.0,89.1,2,14.17,Hydrogen,978.35,0.0,0.0,0.0,4109090.54
Tanker,191947.81,15718.14,13.76,7148.38,48.94,1,12.41,Hydrogen,859.63,0.0,0.0,0.0,3610445.2
Tanker,139801.79,41290.48,13.81,5117.97,72.48,4,13.01,LNG,2229.3,6078.1,0.0,108.34,1137612.59
Container,140687.96,41480.24,16.47,7329.38,37.16,3,12.25,Ammonia,1604.43,0.0,0.0,29.84,746060.62
Container,131324.39,29671.06,19.98,4940.21,79.52,2,14.35,Ammonia,1180.27,0.0,0.0,21.95,548823.64
Container,81397.84,28362.75,19.84,10734.51,73.94,8,13.7,Methanol,3566.07,4790.12,0.0,56.77,1064471.07
Bulk Carrier,74238.82,12560.02,11.24,3618.65,66.96,5,13.86,Ammonia,631.88,0.0,0.0,11.75,293824.68
Bulk Carrier,75894.49,23336.67,13.61,10709.39,89.76,1,14.84,Hydrogen,2815.41,0.0,0.0,0.0,11824709.59
Container,82470.27,33537.38,15.15,6881.03,31.34,4,11.61,Hydrogen,1255.88,0.0,0.0,0.0,5274711.46
Tanker,140451.17,26562.7,14.29,3387.3,92.05,2,14.42,LNG,1066.05,2906.55,0.0,51.81,544007.32
Bulk Carrier,72498.06,22414.15,14.09,3552.83,48.39,3,12.66,LNG,596.39,1626.02,0.0,28.98,304335.41
Tanker,159649.99,33259.75,14.14,10995.06,74.19,5,13.04,VLSFO,4772.11,14204.66,97.83,880.45,2347877.09
Tanker,80278.82,29042.47,15.86,4767.43,80.23,5,14.62,HFO,1725.66,5369.36,138.74,346.86,589658.33
Bulk Carrier,32270.64,10870.15,11.08,11126.45,97.19,4,15.32,Ammonia,2050.16,0.0,0.0,38.13,953324.79
Tanker,177723.86,37641.33,16.75,3674.26,48.94,3,12.63,Hydrogen,967.46,0.0,0.0,0.0,4063325.58
Tanker,100902.64,23624.44,15.14,4944.44,52.38,3,12.26,LNG,938.12,2557.74,0.0,45.59,478721.83
Bulk Carrier,97159.99,18392.67,12.81,11374.03,66.67,4,13.56,VLSFO,2606.2,7757.62,53.43,480.84,1282251.35
Container,73169.36,36506.68,23.76,10748.03,71.41,3,13.64,Hydrogen,2392.33,0.0,0.0,0.0,10047802.33
Container,103761.3,36217.64,18.07,4835.28,73.19,4,13.75,LNG,1332.96,3634.25,0.0,64.78,680207.39
Bulk Carrier,68013.55,13832.01,12.59,3426.58,61.69,3,13.52,HFO,508.94,1583.56,40.92,102.3,173905.29
Container,52481.94,26175.72,16.44,10890.01,72.65,3,13.18,Methanol,3030.55,4070.79,0.0,48.25,904619.77
Container,51242.05,29581.75,16.59,6998.14,90.79,2,14.77,LNG,1931.75,5266.84,0.0,93.88,985772.85
Container,100903.84,24267.88,18.21,11497.84,35.22,8,11.6,HFO,1974.41,6143.33,158.74,396.86,674655.38
Bulk Carrier,69627.07,9347.59,14.42,3544.11,92.3,2,14.85,LNG,341.03,929.8,0.0,16.57,174027.6
Container,64707.17,56926.67,15.69,3480.88,33.84,4,11.51,LNG,1089.77,2971.21,0.0,52.96,556108.71
Container,57288.12,49716.27,16.57,10485.74,75.16,4,13.22,Hydrogen,5191.77,0.0,0.0,0.0,21805417.04
Container,59969.17,28568.97,14.7,6959.58,54.66,5,12.19,Ammonia,1867.69,0.0,0.0,34.74,868476.59
Tanker,163618.54,26512.96,13.99,1510.78,31.79,4,11.19,VLSFO,271.5,808.14,5.57,50.09,133576.56
Bulk Carrier,86593.35,19836.99,11.74,7045.59,42.72,8,11.65,VLSFO,1681.59,5005.43,34.47,310.25,827343.07
Tanker,106850.74,34513.58,16.15,11013.07,76.54,5,13.35,Ammonia,4177.32,0.0,0.0,77.7,1942452.31
Tanker,195940.51,29731.9,15.66,1566.1,42.3,2,11.84,LNG,270.5,737.5,0.0,13.15,138034.9
Container,147728.98,41057.29,22.52,7337.27,52.67,5,13.01,Hydrogen,1727.7,0.0,0.0,0.0,7256350.43
Tanker,91229.83,44804.47,12.87,5154.86,52.52,4,12.95,Hydrogen,2375.63,0.0,0.0,0.0,9977643.93
Container,130964.67,46712.56,20.21,10895.23,31.08,5,12.07,Methanol,2616.25,3514.27,0.0,41.65,780949.42
Bulk Carrier,79954.93,19380.45,11.65,1535.05,57.97,4,13.44,Methanol,414.01,556.11,0.0,6.59,123580.58
Tanker,115301.91,19925.22,14.26,1436.33,56.04,4,13.4,LNG,241.48,658.39,0.0,11.74,123227.75
Tanker,192378.09,26264.47,16.78,4997.04,70.62,4,13.91,HFO,1265.61,3937.9,101.75,254.39,432457.23
Bulk Carrier,46384.26,13145.55,13.23,1427.15,84.42,5,14.46,VLSFO,257.45,766.34,5.28,47.5,126667.37
Tanker,156130.11,19122.1,13.8,11063.41,85.14,3,14.83,Ammonia,2592.69,0.0,0.0,48.22,1205602.39
Bulk Carrier,72480.81,12510.84,12.3,3646.72,98.27,4,14.24,HFO,755.04,2349.3,60.71,151.76,257997.77
Bulk Carrier,84995.81,12904.8,13.22,1547.68,57.44,3,12.49,Methanol,230.7,309.89,0.0,3.67,68864.84
Container,94939.77,25800.66,21.49,3542.62,40.94,6,11.64,Hydrogen,514.71,0.0,0.0,0.0,2161801.71
Tanker,145025.84,40410.26,12.63,10770.39,88.68,2,14.74,Hydrogen,5908.04,0.0,0.0,0.0,24813773.83
Tanker,88331.75,17048.18,14.69,1479.99,85.6,4,13.89,Ammonia,317.57,0.0,0.0,5.91,147671.06
Container,60563.71,24054.45,22.46,7255.89,78.69,4,13.93,LNG,1169.43,3188.4,0.0,56.83,596759.63
Tanker,84218.1,23299.77,16.51,11497.89,45.55,3,11.99,VLSFO,1817.31,5409.41,37.25,335.29,894117.43
Container,101378.59,38261.03,17.91,4789.04,88.83,5,13.81,Methanol,2246.44,3017.53,0.0,35.76,670563.09
Tanker,195884.33,39151.21,15.02,11403.23,90.46,4,14.68,LNG,4990.1,13605.31,0.0,242.52,2546448.13
Container,135052.16,54448.87,15.37,1532.95,91.6,3,14.63,HFO,1033.4,3215.41,83.09,207.71,353113.36
Bulk Carrier,78393.58,14506.72,14.63,3581.33,91.12,5,14.49,Ammonia,728.1,0.0,0.0,13.54,338564.47
Bulk Carrier,62305.41,21574.54,12.4,3371.78,60.91,4,13.55,HFO,917.21,2853.88,73.74,184.36,313410.12
Bulk Carrier,57776.68,17838.0,11.28,5220.74,40.4,5,12.1,Hydrogen,873.49,0.0,0.0,0.0,3668647.97
Tanker,188042.53,43739.87,13.65,10880.39,60.22,5,13.44,VLSFO,5509.13,16398.48,112.94,1016.43,2710491.83
Container,55795.99,48065.47,19.01,11396.36,69.44,5,13.47,Methanol,5564.85,7474.99,0.0,88.59,1661108.52
Bulk Carrier,58886.53,20953.79,12.17,3617.91,71.46,4,13.53,LNG,915.2,2495.25,0.0,44.48,467025.66
Tanker,109996.79,28193.64,12.07,6915.28,57.94,3,13.02,HFO,2131.87,6633.28,171.4,428.51,728460.93
Bulk Carrier,59658.84,14551.84,15.66,1525.76,87.38,4,15.04,Hydrogen,232.8,0.0,0.0,0.0,977780.8
Tanker,100127.45,38775.07,12.67,11042.11,31.45,5,11.72,LNG,2856.57,7788.33,0.0,138.83,1457708.18
Tanker,146983.72,35673.32,15.89,11004.72,97.33,7,15.09,Ammonia,5885.7,0.0,0.0,109.47,2736852.39
Container,135588.22,32883.35,16.74,3440.47,66.2,6,12.69,LNG,1021.25,2784.39,0.0,49.63,521141.58
Bulk Carrier,84521.08,22142.4,15.84,10750.26,97.69,5,14.65,Hydrogen,3082.3,0.0,0.0,0.0,12945675.54
Bulk Carrier,96396.63,23080.7,14.55,7298.42,44.12,3,12.46,Methanol,1417.88,1904.57,0.0,22.57,423238.66
Tanker,99574.82,24785.36,12.11,7219.74,78.9,6,14.4,Hydrogen,2730.57,0.0,0.0,0.0,11468380.93
Container,85211.55,51098.83,20.93,7298.98,75.56,4,13.63,Hydrogen,2867.26,0.0,0.0,0.0,12042484.82
Container,80853.63,33881.55,21.31,1450.54,33.19,3,11.93,VLSFO,222.21,661.43,4.56,41.0,109327.53
Tanker,188946.98,28701.45,14.28,4785.29,40.39,5,12.46,LNG,990.15,2699.6,0.0,48.12,505273.42
Bulk Carrier,41471.13,9291.21,13.86,6899.1,92.69,3,13.95,HFO,842.87,2622.59,67.77,169.42,288010.36
Bulk Carrier,88847.42,20604.99,15.64,7052.24,48.25,5,12.92,LNG,1167.89,3184.2,0.0,56.76,595973.5
Container,88069.26,44302.19,15.86,5152.58,65.4,4,12.91,VLSFO,2309.69,6875.04,47.35,426.14,1136369.44
Container,108787.2,34116.38,17.87,11485.37,37.77,3,11.45,Ammonia,1971.32,0.0,0.0,36.67,916662.5
Bulk Carrier,50232.19,10124.23,11.69,1521.17,48.58,1,12.31,Hydrogen,143.6,0.0,0.0,0.0,603124.07
Tanker,197761.25,41165.26,15.96,6780.38,91.06,1,14.31,VLSFO,2923.74,8702.8,59.94,539.43,1438478.66
Bulk Carrier,60820.66,18500.22,12.24,11219.12,84.21,2,14.79,LNG,2363.77,6444.73,0.0,114.88,1206233.24
Tanker,129283.34,24986.45,15.0,11421.12,81.54,3,14.15,Hydrogen,2971.08,0.0,0.0,0.0,12478538.95
Bulk Carrier,36442.19,13794.97,13.84,4758.12,59.59,5,12.6,LNG,661.31,1803.03,0.0,32.14,337465.42
Bulk Carrier,51624.02,17718.3,15.8,5224.4,75.75,2,13.63,Ammonia,831.34,0.0,0.0,15.46,386571.59
Bulk Carrier,62503.27,18821.58,15.62,4758.24,52.17,4,12.47,VLSFO,729.22,2170.61,14.95,134.54,358777.77
Container,131919.23,26375.61,17.08,10729.33,52.99,4,12.05,Methanol,2635.5,3540.14,0.0,41.96,786697.63
Bulk Carrier,89959.07,22922.63,11.43,10876.81,94.68,4,15.24,HFO,4264.48,13268.84,342.86,857.16,1457172.8
Bulk Carrier,44363.64,14364.03,11.67,11323.63,70.48,5,13.32,VLSFO,2376.97,7075.29,48.73,438.55,1169469.42
Bulk Carrier,55621.62,24071.16,11.61,6774.15,64.98,4,13.69,VLSFO,2307.65,6868.95,47.31,425.76,1135364.0
Tanker,169649.34,31470.31,15.56,4780.73,34.32,2,11.36,LNG,810.06,2208.59,0.0,39.37,413372.54
Container,55263.1,30998.76,19.55,1433.98,67.25,5,12.97,Hydrogen,341.46,0.0,0.0,0.0,1434133.11
Tanker,85309.18,30612.95,14.74,4774.98,37.2,6,11.96,Methanol,1303.62,1751.08,0.0,20.75,389129.1
Bulk Carrier,57071.04,14308.47,15.37,6992.13,37.91,4,11.66,HFO,659.24,2051.21,53.0,132.51,225261.97
Bulk Carrier,48439.95,19182.9,14.12,6923.23,59.66,1,12.95,HFO,1186.05,3690.36,95.36,238.4,405271.99
Bulk Carrier,50058.1,20975.67,13.91,7051.08,41.57,8,12.02,LNG,1267.81,3456.63,0.0,61.62,646962.76
Bulk Carrier,67350.88,20123.27,11.82,1509.04,81.91,5,14.04,VLSFO,497.67,1481.35,10.2,91.82,244851.96
Bulk Carrier,34767.52,22025.34,12.78,11081.98,59.17,4,13.11,Hydrogen,2683.22,0.0,0.0,0.0,11269523.28
Tanker,166995.78,30859.86,14.53,3402.73,78.89,3,14.58,Hydrogen,1128.07,0.0,0.0,0.0,4737900.55
Tanker,110429.44,19107.85,12.26,7291.11,80.66,3,14.67,HFO,1977.12,6151.77,158.96,397.4,675581.91
Container,116639.74,45864.85,19.12,10468.1,37.28,5,12.4,HFO,2784.28,8663.23,223.86,559.64,951388.85
Container,112491.92,38849.77,16.35,1538.27,76.57,3,13.46,LNG,521.98,1423.16,0.0,25.37,266366.11
Bulk Carrier,52431.5,15798.7,14.35,4996.65,63.68,2,13.47,LNG,705.95,1924.75,0.0,34.31,360246.72
Container,94884.21,39412.46,14.16,7127.64,46.97,3,12.56,Methanol,2506.8,3367.25,0.0,39.91,748278.65
Bulk Carrier,82476.88,24870.01,13.47,4807.74,57.95,7,13.36,HFO,1408.48,4382.45,113.24,283.1,481276.74
Bulk Carrier,38469.64,24022.45,15.63,11409.63,51.0,4,12.31,Ammonia,2094.83,0.0,0.0,38.96,974098.0
Tanker,153863.54,27351.74,15.01,1502.47,54.44,4,13.29,VLSFO,363.86,1083.08,7.46,67.13,179020.88
Container,65872.0,31688.27,19.97,3415.1,51.8,5,12.93,Methanol,824.26,1107.19,0.0,13.12,246041.19
Tanker,147873.12,31611.23,16.32,3516.87,84.08,4,13.51,Methanol,1422.92,1911.34,0.0,22.65,424742.1
Container,141481.6,47074.08,20.94,3636.81,88.56,5,13.83,Methanol,1811.04,2432.68,0.0,28.83,540596.14
Bulk Carrier,87689.93,11625.04,14.82,5027.28,45.06,3,12.79,LNG,379.03,1033.4,0.0,18.42,193417.33
Container,101620.39,32758.72,18.91,11507.69,47.99,7,12.33,Hydrogen,2540.95,0.0,0.0,0.0,10672005.94
Bulk Carrier,31623.68,22206.65,11.94,1524.21,50.13,4,13.08,VLSFO,371.9,1106.99,7.62,68.62,182973.53
Tanker,144572.89,15687.99,15.19,7130.39,86.95,6,14.91,Methanol,1754.07,2356.15,0.0,27.92,523589.79
Container,138723.53,53863.84,20.34,6923.79,52.99,5,12.85,HFO,2651.22,8249.23,213.16,532.9,905922.67
Tanker,164698.72,26051.47,12.62,1502.09,78.74,5,13.79,LNG,492.76,1343.5,0.0,23.95,251456.43
Tanker,80994.22,42871.13,12.22,4839.98,87.33,3,13.88,Methanol,3253.64,4370.45,0.0,51.8,971211.35
Container,108820.44,39514.75,17.77,7072.46,73.56,5,12.99,Hydrogen,2587.69,0.0,0.0,0.0,10868309.72
Tanker,173315.75,15179.65,16.32,3578.68,35.05,3,12.09,LNG,301.21,821.24,0.0,14.64,153708.95
Container,88628.91,20181.45,16.27,1560.86,63.95,5,12.6,Methanol,340.18,456.95,0.0,5.42,101545.19
Tanker,180415.13,18771.22,15.06,10860.98,78.91,6,14.01,Methanol,2922.84,3926.1,0.0,46.53,872467.1
Tanker,128673.06,43593.66,14.91,3627.85,76.63,4,14.21,Hydrogen,1710.19,0.0,0.0,0.0,7182818.71
Container,110302.76,23363.61,21.59,4823.69,37.69,3,11.61,Ammonia,492.04,0.0,0.0,9.15,228799.68
Tanker,176023.11,26374.39,12.67,11490.37,65.66,1,13.45,LNG,2951.9,8048.24,0.0,143.46,1506354.27
Container,69968.08,47358.68,21.54,1571.79,81.84,3,13.61,Methanol,667.63,896.79,0.0,10.63,199287.44
Bulk Carrier,86374.1,24261.25,15.91,1562.72,48.63,3,12.73,Ammonia,244.75,0.0,0.0,4.55,113809.53
Bulk Carrier,91444.99,16969.66,11.69,3425.57,83.62,5,13.55,HFO,928.46,2888.88,74.65,186.62,317254.38
Bulk Carrier,92511.79,22093.99,14.73,6892.24,90.7,4,15.01,Ammonia,1929.55,0.0,0.0,35.89,897239.29
Container,136091.42,26329.21,21.31,7257.23,54.08,4,13.11,Ammonia,1177.7,0.0,0.0,21.91,547630.01
Tanker,170712.04,20833.56,13.49,1492.76,96.85,3,15.16,Ammonia,414.15,0.0,0.0,7.7,192579.09
Container,145412.08,56187.06,15.63,3470.53,70.3,5,14.18,Ammonia,2042.36,0.0,0.0,37.99,949699.37
Bulk Carrier,65555.6,18803.9,11.54,11283.16,52.96,4,12.43,Hydrogen,2323.16,0.0,0.0,0.0,9757254.6
Container,76439.18,27970.86,22.69,1550.33,40.78,4,12.62,LNG,199.9,545.02,0.0,9.72,102008.96
Tanker,178513.68,26322.42,15.95,7322.01,64.09,5,13.1,VLSFO,1976.38,5882.89,40.52,364.64,972379.31
Tanker,112547.59,23203.32,13.03,11017.35,83.83,5,14.82,Methanol,4243.05,5699.47,0.0,67.55,1266549.93
Bulk Carrier,72409.95,19488.27,12.34,5007.54,66.29,7,12.75,VLSFO,1514.66,4508.54,31.05,279.45,745213.15
Bulk Carrier,46659.77,16356.12,11.42,7050.27,31.28,2,11.88,Ammonia,862.72,0.0,0.0,16.05,401163.63
Bulk Carrier,38737.26,21161.35,12.18,6760.24,91.68,2,14.07,LNG,1722.79,4697.11,0.0,83.73,879138.68
Container,71502.42,25817.14,17.28,7192.35,99.15,3,15.45,Ammonia,1977.02,0.0,0.0,36.77,919313.91
Tanker,109020.56,44125.5,14.77,5155.8,48.47,3,12.97,HFO,1987.88,6185.25,159.83,399.56,679259.17
Container,90494.5,49112.09,14.14,3361.97,52.32,5,12.96,Methanol,1829.92,2458.04,0.0,29.13,546231.79
Bulk Carrier,63491.16,17849.24,12.94,5204.59,52.28,3,13.03,Hydrogen,883.99,0.0,0.0,0.0,3712760.67
Bulk Carrier,62121.58,9051.67,12.97,3607.12,68.28,3,13.2,LNG,312.33,851.54,0.0,15.18,159380.03
Tanker,139897.81,20734.61,14.93,3455.11,69.45,7,13.95,Hydrogen,879.84,0.0,0.0,0.0,3695325.48
Bulk Carrier,94520.05,14691.74,12.54,11046.09,35.43,5,12.24,Methanol,1536.43,2063.82,0.0,24.46,458625.58
Bulk Carrier,46665.88,17403.83,15.97,11276.59,31.29,4,11.29,VLSFO,1105.46,3290.51,22.66,203.96,543885.47
Tanker,134662.94,35671.7,13.58,3551.7,42.51,6,12.28,VLSFO,1174.58,3496.24,24.08,216.71,577891.08
Tanker,170121.53,40954.68,13.05,7150.52,52.03,4,12.17,Hydrogen,2983.86,0.0,0.0,0.0,12532224.71
Bulk Carrier,92412.72,20684.45,12.75,1567.02,86.87,4,14.82,Methanol,563.12,756.41,0.0,8.96,168092.18
Tanker,131474.85,24666.29,14.67,4983.29,95.55,3,15.49,Methanol,1825.02,2451.45,0.0,29.05,544767.03
Container,81544.07,46130.24,21.71,10653.03,88.12,4,14.2,Ammonia,4476.68,0.0,0.0,83.27,2081654.8
Bulk Carrier,46120.67,20445.83,15.3,11511.46,57.48,6,12.8,Ammonia,2203.93,0.0,0.0,40.99,1024829.47
Bulk Carrier,56593.76,11000.81,12.56,1498.96,90.85,2,15.12,Hydrogen,205.58,0.0,0.0,0.0,863448.17
Container,70139.8,26441.86,21.36,6682.63,85.72,5,14.94,Methanol,1973.44,2650.83,0.0,31.42,589073.19
Tanker,155349.92,17943.53,13.49,5102.7,64.76,2,12.94,LNG,872.45,2378.71,0.0,42.4,445212.17
Container,94280.33,39683.09,23.08,5231.65,33.79,3,11.2,Methanol,898.15,1206.44,0.0,14.3,268096.75
Bulk Carrier,34690.16,11722.71,15.94,11343.88,57.03,4,13.46,LNG,1070.95,2919.9,0.0,52.05,546504.91
Tanker,154127.25,29555.88,15.36,7211.33,69.66,4,13.65,HFO,2330.79,7252.21,187.4,468.49,796431.13
Container,82746.37,49192.29,19.27,6964.21,46.09,4,12.07,Ammonia,2024.7,0.0,0.0,37.66,941486.77
Container,55253.98,27977.71,22.09,1441.48,34.33,4,11.65,HFO,190.69,593.33,15.33,38.33,65159.12
Container,128727.16,26791.1,19.06,5217.31,83.62,4,14.37,Hydrogen,1252.85,0.0,0.0,0.0,5261960.22
Bulk Carrier,35536.27,14608.93,13.97,3431.07,33.02,2,11.94,Methanol,328.24,440.9,0.0,5.23,97978.59
Container,60212.12,56680.53,23.07,3512.89,49.53,5,12.16,HFO,1174.18,3653.44,94.4,236.01,401218.05
Bulk Carrier,79205.04,15406.15,12.79,7030.59,34.05,4,11.18,Methanol,992.33,1332.95,0.0,15.8,296211.23
Tanker,103089.98,15467.7,14.41,1520.7,64.59,5,13.71,LNG,214.54,584.94,0.0,10.43,109480.1
Bulk Carrier,96244.83,24984.03,11.71,10757.44,53.58,3,12.09,Ammonia,2905.38,0.0,0.0,54.04,1351002.77
Container,148530.04,30769.65,15.34,1545.45,89.27,3,14.35,HFO,581.72,1810.02,46.77,116.93,198774.61
Container,83713.91,39087.65,18.18,5223.37,91.87,5,14.44,Ammonia,2126.25,0.0,0.0,39.55,988705.55
Bulk Carrier,54680.69,22501.33,12.01,6981.78,53.63,5,12.09,HFO,1890.04,5880.82,151.96,379.9,645826.69
Tanker,117979.97,23983.33,15.45,6993.85,57.49,5,13.39,Ammonia,1404.2,0.0,0.0,26.12,652954.2
Bulk Carrier,49944.3,16718.41,11.99,10681.33,48.02,3,12.22,LNG,1609.82,4389.12,0.0,78.24,821492.89
Bulk Carrier,37345.59,24018.13,13.46,6847.34,39.39,3,12.35,Methanol,1395.1,1873.96,0.0,22.21,416435.97
Bulk Carrier,58968.61,19037.29,15.92,1507.28,96.53,4,14.65,Hydrogen,323.71,0.0,0.0,0.0,1359585.74
Bulk Carrier,46341.54,15330.55,13.06,10879.93,70.82,4,14.07,Methanol,2247.38,3018.79,0.0,35.78,670842.65
Bulk Carrier,38662.24,9161.2,13.93,3556.05,58.87,7,12.55,Methanol,421.26,565.86,0.0,6.71,125746.05
Tanker,170831.66,15599.51,14.18,3547.06,69.55,4,12.93,LNG,581.92,1586.57,0.0,28.28,296951.78
Tanker,117423.65,21575.45,16.96,5201.34,67.51,3,13.57,VLSFO,1036.19,3084.33,21.24,191.18,509805.92
Tanker,122374.86,37031.0,16.61,7129.05,95.17,2,14.05,Methanol,3181.68,4273.79,0.0,50.65,949730.37
Bulk Carrier,60442.48,9298.63,13.23,10761.95,41.29,5,11.82,VLSFO,897.4,2671.2,18.4,165.57,441520.11
Bulk Carrier,96374.74,22881.0,14.29,5095.24,84.81,2,14.56,Methanol,1502.59,2018.35,0.0,23.92,448522.41
Container,65527.15,35863.15,21.35,7213.32,96.76,1,14.92,LNG,1912.95,5215.59,0.0,92.97,976179.49
Bulk Carrier,84039.57,12108.18,14.35,11224.24,34.77,1,11.95,LNG,744.45,2029.72,0.0,36.18,379894.4
Bulk Carrier,61931.83,11332.42,15.83,1515.86,99.59,3,15.29,HFO,209.5,651.84,16.84,42.11,71584.78
Container,116541.27,43524.49,20.12,4925.9,83.51,3,14.2,HFO,1914.02,5955.43,153.89,384.72,654019.95
Tanker,140394.55,33935.17,13.73,1501.77,67.21,5,13.37,Methanol,676.18,908.28,0.0,10.76,201840.49
Container,85978.12,22990.32,17.17,1447.99,84.44,3,14.03,LNG,307.5,838.39,0.0,14.94,156917.37
Container,52272.02,36032.56,18.33,11544.41,91.52,5,14.47,HFO,4689.98,14592.77,377.07,942.69,1602564.66
Tanker,99805.72,31649.68,16.78,11187.1,63.0,5,12.98,VLSFO,3463.98,10310.88,71.01,639.1,1704277.17
Tanker,114280.0,28199.33,14.3,5187.35,55.61,1,12.55,HFO,1216.02,3783.63,97.77,244.42,415514.95
Bulk Carrier,54642.04,16723.78,13.87,1537.05,50.6,5,12.07,LNG,231.05,629.96,0.0,11.23,117906.46
Container,115466.38,27751.66,21.94,1444.27,84.91,4,14.71,Hydrogen,334.23,0.0,0.0,0.0,1403773.18
Container,106138.31,49680.32,15.72,6830.52,73.78,4,14.05,VLSFO,3433.37,10219.76,70.38,633.46,1689215.79
Tanker,184827.3,37764.34,13.53,10964.89,31.13,1,11.31,Methanol,2638.12,3543.66,0.0,42.0,787480.18
Container,99367.21,51260.3,17.4,6679.36,34.29,4,12.19,Methanol,2196.2,2950.05,0.0,34.96,655566.9
Bulk Carrier,38942.73,18260.33,12.06,11439.18,38.29,4,11.99,LNG,1693.15,4616.31,0.0,82.29,864015.28
Tanker,104138.66,18808.36,13.44,1474.66,71.51,4,13.81,LNG,312.5,852.03,0.0,15.19,159471.2
Container,60413.1,50714.53,15.62,11393.25,47.47,3,12.39,Hydrogen,4096.06,0.0,0.0,0.0,17203432.59
Container,115088.6,30508.52,21.06,10528.85,51.41,5,12.14,Ammonia,1822.34,0.0,0.0,33.9,847390.3
Tanker,164022.16,38812.33,16.1,1479.7,75.83,3,13.85,HFO,590.1,1836.07,47.44,118.61,201635.53
Container,80414.38,45599.83,23.73,7157.87,75.06,5,14.04,Ammonia,2353.48,0.0,0.0,43.77,1094366.23
Container,145952.85,47702.54,21.47,3405.72,51.01,3,12.11,Hydrogen,843.59,0.0,0.0,0.0,3543075.06
Container,86029.71,32306.72,14.57,10615.36,90.92,1,14.96,Methanol,4434.03,5956.0,0.0,70.59,1323556.5
Tanker,163972.88,42726.43,16.65,7308.24,77.98,5,14.13,Methanol,3913.09,5256.26,0.0,62.3,1168057.12
Container,107979.2,43635.54,14.45,7003.98,34.74,3,11.73,Hydrogen,1767.24,0.0,0.0,0.0,7422410.03
Tanker,153573.6,25175.35,13.19,7107.96,79.41,4,14.49,LNG,2077.37,5663.86,0.0,100.96,1060080.1
Container,69882.8,48350.93,17.24,4882.95,59.95,8,13.51,HFO,2516.39,7829.69,202.32,505.79,859849.55
Tanker,150156.9,32616.22,12.82,7053.56,84.84,1,13.57,Hydrogen,2715.55,0.0,0.0,0.0,11405320.95
Bulk Carrier,34492.99,18956.22,12.9,10839.55,42.64,4,12.45,Hydrogen,1728.96,0.0,0.0,0.0,7261643.78
Bulk Carrier,80507.26,14239.4,14.97,5091.48,36.19,6,12.39,Hydrogen,487.71,0.0,0.0,0.0,2048375.97
Bulk Carrier,52239.33,12689.46,12.04,3515.23,52.44,4,13.12,HFO,472.17,1469.14,37.96,94.91,161340.01
Tanker,85071.24,19793.77,16.09,6828.34,31.94,2,11.32,Hydrogen,692.59,0.0,0.0,0.0,2908889.44
Bulk Carrier,65979.54,19600.86,11.41,1442.37,65.25,4,13.81,Ammonia,371.72,0.0,0.0,6.91,172851.82
Tanker,173311.34,15998.71,13.94,6799.95,40.77,5,11.84,LNG,856.98,2336.52,0.0,41.65,437315.9
Container,60935.85,59510.71,17.07,4889.77,56.36,5,12.27,VLSFO,2537.47,7553.02,52.02,468.16,1248433.32
Bulk Carrier,67675.32,17078.52,13.4,6746.85,41.13,5,11.74,Ammonia,952.43,0.0,0.0,17.72,442880.26
Bulk Carrier,52786.2,14050.76,13.83,3486.14,82.2,3,13.49,Ammonia,621.19,0.0,0.0,11.55,288855.56
Tanker,165613.99,34348.83,12.3,5244.44,46.59,4,12.44,VLSFO,1906.01,5673.42,39.07,351.66,937754.87
Tanker,151511.9,21755.86,14.46,1508.03,47.81,4,11.97,VLSFO,297.81,886.47,6.11,54.95,146523.42
Container,134532.7,28139.47,16.86,10891.43,91.9,1,15.12,HFO,2951.96,9184.96,237.34,593.34,1008684.78
Container,99790.29,56915.3,17.28,10678.32,49.03,5,11.86,Hydrogen,4320.13,0.0,0.0,0.0,18144528.53
Tanker,184510.3,39155.97,13.33,10612.1,57.09,4,12.26,HFO,4776.29,14861.32,384.01,960.03,1632056.75
Container,136288.01,55342.11,16.45,6780.05,88.21,4,15.02,Methanol,4657.12,6255.68,0.0,74.14,1390150.79
Container,120171.3,35239.42,22.21,10831.25,98.76,5,15.12,LNG,3523.3,9606.14,0.0,171.23,1797940.8
Bulk Carrier,50911.84,23320.14,11.6,3442.37,44.33,5,12.25,Methanol,945.29,1269.76,0.0,15.05,282169.24
Container,81110.35,46975.78,18.49,11272.81,95.68,5,15.18,Ammonia,5757.41,0.0,0.0,107.09,2677196.69
Bulk Carrier,91397.95,16490.37,12.67,4872.36,69.9,2,14.17,Methanol,1100.07,1477.67,0.0,17.51,328371.27
Container,138334.64,36666.59,15.83,11104.33,31.82,2,11.15,Ammonia,1982.42,0.0,0.0,36.87,921825.12
Container,134177.17,29430.83,22.39,1468.03,89.21,4,14.01,Hydrogen,333.81,0.0,0.0,0.0,1402021.58
Tanker,138493.49,18464.62,13.42,10931.99,42.85,2,12.63,Methanol,1876.56,2520.68,0.0,29.87,560151.69
Bulk Carrier,35243.05,12276.65,12.52,6707.21,84.89,7,14.92,Hydrogen,1409.42,0.0,0.0,0.0,5919555.88
Tanker,98581.27,31905.04,16.63,6688.38,70.53,3,13.42,HFO,1997.44,6214.98,160.59,401.48,682524.18
Tanker,117129.37,30395.99,14.62,11468.04,80.44,4,13.72,LNG,3855.57,10512.05,0.0,187.38,1967495.77
Tanker,125801.24,26929.69,12.43,11402.06,50.0,5,12.15,Hydrogen,3202.64,0.0,0.0,0.0,13451067.41
Bulk Carrier,80340.46,9627.99,15.07,3504.56,51.85,3,13.12,Hydrogen,248.88,0.0,0.0,0.0,1045284.01
Container,91618.06,48108.39,20.61,7211.91,87.8,4,13.78,Methanol,3357.82,4510.39,0.0,53.46,1002309.87
Container,122389.39,31422.06,15.28,10775.65,46.22,3,12.08,HFO,2424.07,7542.44,194.9,487.24,828304.63
Container,73890.39,57597.31,15.86,6869.89,79.08,4,13.69,Ammonia,3875.66,0.0,0.0,72.09,1802181.65
Bulk Carrier,39953.81,23155.71,14.85,1528.85,33.09,3,12.16,HFO,214.09,666.12,17.21,43.03,73152.94
Tanker,128547.67,20498.65,13.1,10797.07,87.6,6,14.41,Ammonia,3369.32,0.0,0.0,62.67,1566733.35
Container,71678.81,36744.72,21.92,6795.42,38.32,3,12.03,LNG,1039.45,2834.01,0.0,50.52,530430.41
Bulk Carrier,94402.55,8908.39,15.96,6755.45,87.91,3,13.73,VLSFO,729.29,2170.8,14.95,134.55,358810.51
Tanker,96842.17,23919.48,15.41,4912.75,38.03,4,11.31,VLSFO,777.63,2314.7,15.94,143.47,382595.28
Bulk Carrier,63824.43,21519.9,14.44,5230.85,76.57,5,13.43,Methanol,1589.52,2135.13,0.0,25.31,474472.49
Tanker,143324.99,24065.9,14.1,10678.67,61.62,2,12.46,Methanol,2939.48,3948.46,0.0,46.8,877435.53
Tanker,121870.26,40717.74,16.91,1515.27,44.69,4,11.87,LNG,391.45,1067.26,0.0,19.02,199755.23
Bulk Carrier,62778.08,13472.24,13.31,3630.54,33.26,3,11.57,LNG,287.26,783.21,0.0,13.96,146590.44
Bulk Carrier,44158.25,21776.95,14.43,3449.62,71.46,5,13.26,Hydrogen,819.31,0.0,0.0,0.0,3441100.7
Tanker,195532.57,17464.43,15.93,3613.21,36.08,5,12.28,HFO,464.97,1446.76,37.38,93.46,158881.73
Tanker,156140.49,37165.53,15.02,6795.49,41.09,4,11.54,Hydrogen,1849.69,0.0,0.0,0.0,7768716.06
Container,87116.13,51267.6,21.0,1551.59,45.32,4,12.27,Methanol,491.76,660.56,0.0,7.83,146791.23
Tanker,87763.59,30862.94,13.88,3607.67,38.32,4,11.59,Methanol,1004.02,1348.66,0.0,15.98,299701.38
Bulk Carrier,56711.39,21475.9,12.07,1503.88,53.23,2,12.87,LNG,315.18,859.32,0.0,15.32,160834.67
Container,125060.19,57295.18,16.06,11428.37,61.1,5,12.58,VLSFO,6685.57,19900.25,137.05,1233.49,3289298.21
Bulk Carrier,80436.86,14644.69,11.72,4994.61,55.02,4,12.46,Hydrogen,823.53,0.0,0.0,0.0,3458827.36
Container,86147.43,45419.97,16.87,1512.51,82.86,4,14.68,Ammonia,727.41,0.0,0.0,13.53,338246.14
Bulk Carrier,30105.39,8640.49,14.87,3576.88,54.13,4,12.65,VLSFO,266.37,792.88,5.46,49.15,131054.93
Bulk Carrier,86076.33,22905.29,12.14,3477.77,48.24,8,12.75,LNG,895.35,2441.13,0.0,43.51,456896.62
Container,145459.25,23983.32,21.39,1428.6,59.0,1,12.89,Hydrogen,186.38,0.0,0.0,0.0,782789.85
Container,65036.31,28512.14,14.59,5194.03,63.45,3,12.66,VLSFO,1538.77,4580.29,31.54,283.9,757073.36
Bulk Carrier,38399.32,15044.83,11.17,3418.47,69.25,4,13.66,Ammonia,688.36,0.0,0.0,12.8,320089.46
Bulk Carrier,76915.73,22893.5,15.93,7025.08,71.74,4,13.04,HFO,1691.62,5263.44,136.01,340.02,578026.66
Tanker,101149.75,34630.11,12.91,3576.13,94.3,3,15.42,Ammonia,1814.37,0.0,0.0,33.75,843683.26
Tanker,156711.36,29348.98,13.3,11050.59,92.63,5,14.28,Hydrogen,4867.54,0.0,0.0,0.0,20443668.2
Bulk Carrier,66443.08,19002.99,14.99,1459.74,76.72,5,13.18,VLSFO,317.13,943.97,6.5,58.51,156027.54
Container,70071.55,27576.76,15.08,3405.65,55.52,3,13.31,Hydrogen,825.67,0.0,0.0,0.0,3467797.13
Container,75697.56,20503.12,21.09,3419.51,70.88,3,13.82,Hydrogen,477.06,0.0,0.0,0.0,2003648.78
Bulk Carrier,35981.9,9508.35,11.51,4840.02,38.18,2,11.44,Ammonia,380.36,0.0,0.0,7.07,176867.9
Tanker,132384.73,19991.29,13.59,10560.11,50.48,2,12.29,Ammonia,1753.64,0.0,0.0,32.62,815442.68
Container,141857.39,22393.6,18.26,1470.15,39.89,3,12.55,VLSFO,192.92,574.25,3.95,35.59,94916.94
Tanker,144978.7,37915.14,12.77,1554.59,97.2,4,14.27,HFO,929.64,2892.57,74.74,186.86,317659.61
Bulk Carrier,48173.09,22290.54,13.97,3416.65,48.95,1,12.74,LNG,510.71,1392.42,0.0,24.82,260613.24
Tanker,80450.35,39549.02,16.33,11523.13,95.49,4,14.74,Methanol,6215.64,8349.16,0.0,98.95,1855369.72
Tanker,177037.49,36299.27,12.59,3512.04,31.82,3,12.03,VLSFO,968.16,2881.82,19.85,178.62,476333.2
Bulk Carrier,30023.48,10914.89,13.29,1507.96,40.56,4,11.66,Ammonia,137.38,0.0,0.0,2.56,63883.29
Container,54281.16,36909.3,15.45,11254.8,47.99,3,12.12,Ammonia,2910.1,0.0,0.0,54.13,1353198.65
Tanker,154637.48,41939.23,13.41,10632.18,33.51,3,11.27,Hydrogen,2987.46,0.0,0.0,0.0,12547333.68
Tanker,154948.91,24796.52,12.83,3478.9,88.21,3,14.73,VLSFO,1168.3,3477.56,23.95,215.55,574804.05
Bulk Carrier,52748.97,20624.38,12.98,11079.92,31.28,3,11.77,VLSFO,1614.89,4806.89,33.11,297.95,794526.66
Container,62477.06,59687.84,18.85,3640.17,30.46,3,10.97,Hydrogen,912.39,0.0,0.0,0.0,3832053.83
Tanker,188954.72,26810.6,13.79,4902.47,48.61,4,12.51,HFO,1213.37,3775.39,97.56,243.89,414609.56
Tanker,112269.13,18325.04,13.52,3638.46,63.26,5,13.09,VLSFO,796.44,2370.68,16.33,146.94,391848.04
Tanker,179778.06,20336.73,15.73,1450.18,60.65,4,13.15,VLSFO,268.95,800.56,5.51,49.62,132324.29
Tanker,161481.8,37979.84,13.97,6989.55,60.02,3,13.62,Hydrogen,2511.95,0.0,0.0,0.0,10550182.86
Bulk Carrier,99600.19,14377.72,12.88,10508.33,34.27,4,12.19,VLSFO,1146.49,3412.63,23.5,211.53,564071.69
Bulk Carrier,94907.43,10307.9,14.95,3621.73,71.67,5,13.11,Hydrogen,435.75,0.0,0.0,0.0,1830140.02
Tanker,163682.56,35633.04,12.61,7026.93,53.46,5,12.15,Methanol,3226.42,4333.88,0.0,51.36,963084.95
Tanker,119534.25,17799.45,12.05,3512.45,85.88,2,13.8,Methanol,1050.25,1410.75,0.0,16.72,313500.86
Tanker,108462.16,38381.48,16.91,1556.25,93.96,5,14.64,HFO,722.39,2247.71,58.08,145.2,246841.5
Container,142074.14,37996.53,21.11,11528.42,39.22,3,12.08,LNG,2023.83,5517.9,0.0,98.36,1032761.3
Tanker,125776.63,24044.0,16.11,11009.52,81.5,3,14.47,Hydrogen,2612.84,0.0,0.0,0.0,10973938.8
Tanker,88486.57,40997.12,12.48,5241.99,54.86,3,13.3,Ammonia,2067.96,0.0,0.0,38.46,961602.06
Container,87229.21,43155.94,18.3,6793.5,41.92,2,12.04,HFO,1680.63,5229.24,135.12,337.81,574270.39
Container,98975.95,21737.48,14.24,1453.95,69.57,1,13.1,Methanol,350.6,470.94,0.0,5.58,104652.74
Bulk Carrier,77156.02,24527.06,13.06,1514.66,58.32,5,12.89,LNG,365.06,995.33,0.0,17.74,186291.32
Bulk Carrier,34598.02,15995.67,14.37,3517.08,33.04,3,11.51,HFO,331.77,1032.29,26.67,66.69,113365.57
Bulk Carrier,78741.38,15731.35,15.09,1545.62,46.21,3,11.98,Methanol,201.25,270.33,0.0,3.2,60074.19
Tanker,161735.9,38774.72,15.51,1563.43,54.31,5,12.68,Hydrogen,504.16,0.0,0.0,0.0,2117482.94
Container,126480.62,46697.83,20.65,4889.92,33.86,2,12.15,Hydrogen,907.18,0.0,0.0,0.0,3810176.6
Tanker,130934.54,20336.76,15.1,11370.11,35.4,2,11.37,Methanol,1626.77,2185.15,0.0,25.9,485589.41
Container,67116.67,39178.32,22.95,1451.13,35.29,4,11.28,Ammonia,221.38,0.0,0.0,4.12,102941.77
Tanker,133706.68,24562.24,16.77,1541.1,95.23,6,14.71,Methanol,519.23,697.45,0.0,8.27,154989.79
Tanker,87611.53,26907.51,14.69,7285.55,37.41,5,11.4,HFO,1412.51,4395.01,113.57,283.92,482655.86
Bulk Carrier,74272.17,9096.39,14.5,1553.92,52.64,5,13.06,Ammonia,131.5,0.0,0.0,2.45,61145.61
Tanker,144200.28,21152.83,15.94,6978.17,42.32,3,11.94,LNG,952.23,2596.22,0.0,46.28,485923.57
Container,126957.98,50250.64,21.44,1509.99,46.6,4,12.92,VLSFO,415.36,1236.38,8.51,76.63,204359.51
Tanker,190182.26,27280.78,16.11,6777.33,42.08,4,11.56,Ammonia,1260.68,0.0,0.0,23.45,586216.5
Container,69361.26,50918.84,15.44,6805.82,40.46,4,12.45,Ammonia,2241.55,0.0,0.0,41.69,1042320.15
Container,124295.05,29737.91,15.08,7244.93,41.45,1,11.81,Hydrogen,1448.27,0.0,0.0,0.0,6082730.13
Bulk Carrier,86450.51,22067.77,11.43,4954.9,89.28,4,14.89,VLSFO,1908.71,5681.46,39.13,352.16,939083.86
Bulk Carrier,58311.37,13244.13,11.54,5134.66,69.52,1,13.59,HFO,863.89,2687.98,69.46,173.64,295191.28
Container,119638.27,40399.35,17.43,10827.25,99.92,3,15.16,VLSFO,4891.48,14559.97,100.28,902.48,2406605.91
Tanker,133543.27,21872.68,16.69,10808.38,60.94,4,12.4,VLSFO,1981.37,5897.76,40.62,365.56,974835.68
Container,114499.13,33490.57,18.45,10597.06,61.86,5,13.66,VLSFO,2938.98,8748.17,60.25,542.24,1445978.0
Tanker,117242.29,35837.84,16.86,1485.86,47.79,4,12.93,HFO,398.16,1238.85,32.01,80.03,136049.66
Bulk Carrier,70124.09,17340.37,13.73,7272.62,82.31,3,14.04,VLSFO,1636.19,4870.27,33.54,301.88,805003.27
Tanker,175185.92,43754.77,16.25,1525.41,88.45,8,14.8,Ammonia,916.74,0.0,0.0,17.05,426282.96
Tanker,114854.79,34570.41,14.28,5157.29,40.22,3,12.36,Ammonia,1323.82,0.0,0.0,24.62,615578.09
Container,123411.15,44268.91,16.64,7113.5,48.63,4,12.9,VLSFO,2523.93,7512.72,51.74,465.66,1241772.41
Container,63177.56,26085.7,23.51,6822.55,94.51,4,15.0,Ammonia,1371.84,0.0,0.0,25.52,637905.67
Tanker,105100.19,26039.09,13.94,3470.33,86.48,5,14.44,LNG,1164.06,3173.76,0.0,56.57,594018.53
Tanker,104089.26,20780.38,16.83,4829.6,42.82,5,12.1,Methanol,836.87,1124.13,0.0,13.32,249806.7
Container,105916.72,33132.98,20.84,3341.6,31.63,3,12.02,Methanol,545.04,732.13,0.0,8.68,162695.25
Tanker,87453.37,27483.22,12.56,11523.66,51.92,5,12.61,VLSFO,3194.61,9509.07,65.49,589.41,1571747.75
Bulk Carrier,88683.93,10721.45,11.89,11040.9,91.71,3,14.74,Hydrogen,1795.67,0.0,0.0,0.0,7541822.49
Container,77312.34,50317.95,19.52,4885.73,64.08,5,13.77,Hydrogen,1954.42,0.0,0.0,0.0,8208579.17
Container,61182.73,53098.0,21.88,3581.51,74.6,3,13.45,HFO,1532.64,4768.79,123.22,308.06,523703.95
Tanker,108376.21,28397.59,14.58,6784.58,78.41,4,13.52,VLSFO,2296.71,6836.37,47.08,423.74,1129979.04
Tanker,175211.03,39093.39,15.6,11493.27,73.77,5,14.03,Methanol,5626.26,7557.48,0.0,89.57,1679439.78
Container,104626.0,50815.95,23.06,3650.76,37.41,7,11.81,Hydrogen,928.75,0.0,0.0,0.0,3900759.66
Bulk Carrier,62088.36,12007.34,13.24,6811.98,64.66,2,13.05,VLSFO,873.29,2599.42,17.9,161.12,429656.28
Bulk Carrier,40607.99,23390.72,15.3,3550.12,97.54,1,15.47,Methanol,1053.5,1415.11,0.0,16.77,314468.8
Tanker,121607.19,19442.88,15.31,11108.67,39.25,6,12.09,LNG,1470.89,4010.32,0.0,71.49,750594.85
Tanker,82408.7,16026.64,12.38,10560.79,34.24,6,11.25,VLSFO,1423.54,4237.3,29.18,262.64,700380.25
Container,89290.08,36572.88,14.08,3625.21,82.67,4,13.44,HFO,1838.32,5719.91,147.8,369.5,628155.1
Bulk Carrier,65738.25,16710.23,11.38,11306.83,60.22,6,13.64,VLSFO,2682.24,7983.95,54.99,494.87,1319661.28
Container,107381.85,52384.85,19.89,1500.02,69.02,4,13.47,Ammonia,595.45,0.0,0.0,11.08,276885.0
Container,69156.15,25050.0,20.4,5078.83,42.85,4,12.12,HFO,760.02,2364.8,61.11,152.76,259699.93
Bulk Carrier,86005.77,18300.28,14.51,3477.79,72.42,2,13.45,Methanol,719.79,966.86,0.0,11.46,214858.52
Bulk Carrier,96010.4,22327.04,11.64,3664.03,78.25,3,13.68,Hydrogen,1112.76,0.0,0.0,0.0,4673574.77
Container,77430.33,32787.54,17.93,10686.34,85.51,4,14.96,VLSFO,3634.55,10818.59,74.51,670.57,1788196.37
Bulk Carrier,78467.04,18664.42,11.45,3360.28,55.84,4,12.53,VLSFO,798.18,2375.85,16.36,147.26,392703.24
Container,121456.14,43577.82,16.53,1478.75,35.35,1,11.63,HFO,331.45,1031.29,26.65,66.62,113255.47
Tanker,133232.45,42360.69,16.46,11519.91,74.22,2,13.51,VLSFO,4894.21,14568.11,100.33,902.98,2407952.57
Container,95651.55,29675.75,20.83,5245.42,93.63,4,15.05,Methanol,1632.17,2192.41,0.0,25.98,487203.15
Bulk Carrier,79651.92,10246.25,15.35,6703.84,41.97,3,11.73,VLSFO,475.7,1415.95,9.75,87.77,234042.05
Tanker,171958.26,40065.08,13.83,5189.13,65.67,5,13.69,Hydrogen,2381.52,0.0,0.0,0.0,10002366.36
Bulk Carrier,87817.66,10914.15,14.93,1499.8,70.87,5,14.08,HFO,199.97,622.19,16.08,40.19,68328.38
Bulk Carrier,42116.53,17664.15,15.87,6955.28,69.42,3,13.5,LNG,1023.77,2791.27,0.0,49.76,522429.98
Container,136279.6,21766.6,18.33,5230.55,75.31,3,13.29,Ammonia,939.51,0.0,0.0,17.47,436871.65
Container,59537.7,46271.82,19.96,3532.15,78.57,3,13.28,Ammonia,1296.55,0.0,0.0,24.12,602897.97
Container,105423.19,40442.55,14.2,3631.38,63.18,5,13.66,LNG,1529.07,4168.94,0.0,74.31,780282.08
Tanker,98940.97,19399.65,12.42,3433.13,79.34,5,13.28,Methanol,1111.14,1492.55,0.0,17.69,331676.69
Container,135376.27,24624.85,23.8,3524.73,87.33,3,14.78,HFO,678.89,2112.36,54.58,136.46,231977.52
Tanker,114758.03,31534.73,13.7,5173.58,82.13,3,13.81,LNG,1692.88,4615.57,0.0,82.27,863876.05
Tanker,92064.75,40331.89,12.34,3649.75,34.14,2,11.88,Methanol,1121.23,1506.1,0.0,17.85,334688.08
Bulk Carrier,51425.82,11183.96,11.58,3571.76,44.82,4,11.63,LNG,379.07,1033.51,0.0,18.42,193438.1
Tanker,136755.69,43178.44,12.49,4815.7,61.85,5,13.49,VLSFO,2496.29,7430.45,51.17,460.56,1228173.12
Container,105411.24,49463.88,20.11,1450.01,47.08,4,12.49,Hydrogen,393.65,0.0,0.0,0.0,1653343.31
Bulk Carrier,38928.73,11193.4,15.52,11100.71,34.96,4,11.21,Methanol,880.97,1183.36,0.0,14.03,262969.08
Tanker,96685.96,25717.77,13.87,10542.07,51.7,4,12.84,Ammonia,2498.8,0.0,0.0,46.48,1161941.12
Container,142918.6,28512.74,21.1,1507.27,87.92,4,13.79,LNG,358.93,978.61,0.0,17.44,183162.94
Container,142851.59,43058.96,15.46,6735.63,90.46,4,14.91,HFO,3755.46,11685.03,301.94,754.85,1283240.25
Bulk Carrier,69114.13,18366.78,14.98,10758.52,47.33,2,11.77,Ammonia,1295.63,0.0,0.0,24.1,602466.68
Bulk Carrier,87926.1,16059.2,12.32,7267.62,86.97,3,13.95,Methanol,1910.46,2566.22,0.0,30.41,570270.99
Bulk Carrier,77205.43,23015.73,11.61,6985.25,90.71,4,14.19,Methanol,2923.8,3927.39,0.0,46.55,872752.89
Tanker,94565.19,22731.87,14.44,7159.13,97.81,5,15.48,HFO,2462.1,7660.77,197.95,494.88,841299.43
Bulk Carrier,65564.06,17802.18,11.8,6842.07,53.47,5,12.39,LNG,1249.32,3406.22,0.0,60.72,637527.65
Tanker,186847.23,34605.98,16.08,10938.53,52.43,5,12.98,Methanol,3616.84,4858.31,0.0,57.58,1079625.55
Tanker,106013.23,41259.19,12.06,1477.02,54.81,1,12.43,Methanol,716.26,962.11,0.0,11.4,213803.18
Tanker,100400.59,35657.19,16.95,7223.48,31.5,5,12.01,Ammonia,1410.9,0.0,0.0,26.24,656067.97
Container,84524.34,48589.59,18.61,6924.95,30.52,3,11.22,VLSFO,1661.77,4946.41,34.07,306.6,817588.53
Bulk Carrier,76329.71,15715.32,12.83,10485.86,30.35,3,11.5,Methanol,1264.62,1698.7,0.0,20.13,377488.33
Container,94572.17,43878.53,16.13,7314.02,98.48,3,14.94,Methanol,4288.07,5759.95,0.0,68.27,1279989.36
Bulk Carrier,61536.62,23668.97,11.35,1508.4,63.66,5,12.7,Ammonia,455.48,0.0,0.0,8.47,211798.33
Tanker,87075.03,18068.09,16.09,6955.24,94.1,2,14.43,Methanol,1587.16,2131.95,0.0,25.27,473767.41
Tanker,154804.62,18366.44,16.54,1425.81,66.64,5,13.27,Ammonia,258.43,0.0,0.0,4.81,120169.93
Tanker,87029.33,29526.03,12.61,10595.68,44.92,4,12.64,Ammonia,2916.32,0.0,0.0,54.24,1356089.24
Container,126184.59,33678.1,21.62,1503.86,72.75,3,13.73,VLSFO,363.21,1081.14,7.45,67.01,178701.43
Container,60058.41,30213.3,22.57,10798.73,44.72,3,12.7,LNG,1366.2,3724.9,0.0,66.4,697173.2
Tanker,89142.87,44461.8,14.2,1497.54,64.83,3,13.52,VLSFO,670.76,1996.59,13.75,123.76,330014.51
Bulk Carrier,96826.68,24392.74,13.81,10786.15,85.62,4,14.32,Ammonia,3595.09,0.0,0.0,66.87,1671718.4
Tanker,131074.59,27230.83,16.82,3545.13,43.99,4,12.41,Hydrogen,609.71,0.0,0.0,0.0,2560763.84
Tanker,160382.64,26871.47,14.78,1482.05,41.56,6,12.26,VLSFO,333.93,993.98,6.85,61.61,164294.06
Container,144577.64,31222.2,21.6,5216.97,93.61,3,14.66,VLSFO,1352.73,4026.52,27.73,249.58,665541.04
Container,73635.72,28677.72,21.81,1543.92,76.51,5,14.49,LNG,327.47,892.84,0.0,15.92,167108.99
Bulk Carrier,37205.5,9498.3,13.55,7171.01,77.26,5,14.37,Methanol,989.26,1328.83,0.0,15.75,295294.5
Container,127209.16,22174.83,20.03,10453.92,32.99,3,11.98,VLSFO,1054.05,3137.48,21.61,194.47,518592.07
Bulk Carrier,87883.32,16956.0,12.64,4780.68,62.25,2,13.66,HFO,884.75,2752.88,71.13,177.83,302319.22
Bulk Carrier,44270.38,19578.9,11.61,11123.01,52.72,3,12.05,Methanol,2690.92,3614.57,0.0,42.84,803238.88
Bulk Carrier,80111.49,11069.99,12.88,7268.7,30.33,3,11.48,Hydrogen,489.79,0.0,0.0,0.0,2057102.83
Tanker,177687.26,38245.65,15.27,3556.32,48.62,4,12.89,VLSFO,1185.0,3527.26,24.29,218.63,583017.91
Tanker,128266.1,36844.02,12.26,3512.96,33.7,4,11.7,HFO,1019.16,3171.08,81.94,204.85,348245.7
Tanker,96790.02,39201.49,14.98,11373.84,75.14,5,13.46,Methanol,5733.94,7702.11,0.0,91.28,1711581.1
Bulk Carrier,41606.74,20958.14,14.26,1561.67,89.65,4,14.18,Ammonia,441.53,0.0,0.0,8.21,205313.16
Container,85874.76,47008.85,14.48,11287.99,71.37,4,12.92,HFO,6324.11,19677.33,508.46,1271.15,2160947.06
Container,84439.01,24337.37,20.13,3579.93,73.48,4,14.04,Ammonia,645.8,0.0,0.0,12.01,300295.56
Container,74115.69,22278.3,21.46,7125.12,53.9,2,12.14,Ammonia,844.9,0.0,0.0,15.72,392878.57
Tanker,116071.35,28874.37,13.58,1428.13,73.54,7,13.38,VLSFO,618.3,1840.42,12.68,114.08,304202.37
Container,77813.07,24995.09,19.75,7248.93,39.85,1,11.6,VLSFO,955.53,2844.22,19.59,176.29,470118.93
Bulk Carrier,30134.63,17058.76,11.2,7116.41,35.22,5,11.46,Methanol,1247.29,1675.42,0.0,19.86,372314.88
Container,100939.95,26655.18,17.08,3528.27,89.07,5,14.42,LNG,976.67,2662.85,0.0,47.47,498394.72
Container,107184.58,43615.31,15.44,11452.27,41.22,3,11.98,Hydrogen,3308.57,0.0,0.0,0.0,13895994.89
Container,87149.08,35349.8,15.03,7131.02,56.39,5,13.16,Ammonia,2372.57,0.0,0.0,44.13,1103243.45
Container,77159.99,51960.26,20.03,1496.23,93.11,4,14.9,Hydrogen,697.62,0.0,0.0,0.0,2930013.49
Container,93949.38,22103.3,21.0,4906.92,64.27,3,13.15,Ammonia,693.55,0.0,0.0,12.9,322499.66
Container,92698.39,33877.15,20.93,5079.84,77.5,4,14.05,LNG,1309.36,3569.91,0.0,63.63,668164.2
Tanker,152757.5,15337.08,14.7,7196.59,31.71,4,11.18,HFO,677.31,2107.44,54.46,136.14,231437.1
Tanker,133469.92,16084.44,12.39,1514.58,75.37,2,13.16,Methanol,333.83,448.42,0.0,5.31,99647.89
Bulk Carrier,69757.16,21432.84,12.23,4892.55,48.36,6,12.72,LNG,1036.4,2825.69,0.0,50.37,528872.64
Tanker,189351.59,25674.84,13.42,7036.89,43.4,3,12.21,LNG,1337.62,3646.97,0.0,65.01,682588.89
Tanker,108086.19,34137.0,16.31,1505.97,41.75,3,12.33,HFO,338.03,1051.77,27.18,67.94,115504.94
Tanker,117985.74,25903.58,14.19,1428.55,64.04,4,13.22,Hydrogen,393.95,0.0,0.0,0.0,1654605.84
Tanker,190249.64,17998.82,13.23,4931.51,94.5,5,14.73,Hydrogen,1360.83,0.0,0.0,0.0,5715472.5
Tanker,131294.49,28231.29,15.22,10819.83,75.41,2,13.2,Hydrogen,2932.47,0.0,0.0,0.0,12316353.91
Container,59087.54,52284.75,17.33,1504.66,57.14,5,12.96,HFO,656.43,2042.48,52.78,131.94,224303.39
Bulk Carrier,98053.92,12818.52,15.07,11385.47,94.11,6,14.65,Hydrogen,1869.17,0.0,0.0,0.0,7850527.66
Container,82328.54,37841.66,22.97,3413.74,39.12,3,11.64,Hydrogen,524.95,0.0,0.0,0.0,2204806.6
Tanker,82018.02,32321.72,15.36,6713.58,38.65,5,11.65,Ammonia,1499.91,0.0,0.0,27.9,697456.38
Container,65298.21,45146.75,22.26,6657.54,45.62,4,11.97,Ammonia,1443.36,0.0,0.0,26.85,671161.8
Container,73751.91,25223.6,18.47,7115.99,50.7,5,12.17,LNG,1184.71,3230.07,0.0,57.58,604558.78
Tanker,197616.17,44577.46,13.04,11349.35,69.5,4,13.97,Methanol,7172.68,9634.71,0.0,114.19,2141045.82
Bulk Carrier,88812.05,23756.34,11.83,5106.99,73.63,4,14.04,LNG,1580.87,4310.18,0.0,76.83,806718.83
Container,148111.87,53619.2,16.31,3531.77,45.65,5,12.05,Hydrogen,1449.3,0.0,0.0,0.0,6087073.84
Container,102982.43,51697.25,18.34,5152.11,59.66,5,12.39,Hydrogen,2089.23,0.0,0.0,0.0,8774767.2
Container,101638.49,48466.29,16.62,11544.39,30.89,5,11.78,Methanol,3630.75,4877.01,0.0,57.8,1083780.11
Bulk Carrier,32156.67,13591.98,11.35,1460.31,90.46,4,14.87,HFO,335.62,1044.28,26.98,67.46,114681.58
Container,59417.44,23069.74,15.82,11100.99,53.58,7,12.13,HFO,2704.29,8414.35,217.43,543.56,924056.56
Bulk Carrier,78135.26,18904.4,14.76,5162.72,53.61,3,13.18,Hydrogen,834.02,0.0,0.0,0.0,3502884.35
Container,97136.25,55814.27,23.55,11182.78,52.29,3,13.06,HFO,3307.35,10290.74,265.91,664.78,1130119.95
Tanker,88122.68,43423.17,14.5,6818.9,77.06,6,13.18,Hydrogen,3508.17,0.0,0.0,0.0,14734320.27
Bulk Carrier,80970.24,14748.71,12.4,7007.12,96.22,3,14.74,Hydrogen,1479.77,0.0,0.0,0.0,6215024.79
Container,52279.25,36801.13,18.0,3465.51,83.15,1,14.32,Hydrogen,1117.15,0.0,0.0,0.0,4692029.35
Bulk Carrier,62981.11,21907.14,11.79,6903.4,34.39,3,11.68,HFO,1178.56,3667.06,94.76,236.89,402713.62
Container,98222.88,59982.16,19.34,4976.86,74.64,4,13.44,HFO,2512.56,7817.77,202.01,505.02,858540.66
Tanker,169690.21,40833.76,14.25,4768.04,97.92,3,14.33,Methanol,2968.1,3986.91,0.0,47.25,885979.11
Tanker,105812.64,42164.82,14.98,4751.13,71.76,1,14.16,Methanol,2042.83,2744.03,0.0,32.52,609783.54
Bulk Carrier,57226.62,24570.52,12.72,5060.94,66.26,4,12.71,Hydrogen,1444.03,0.0,0.0,0.0,6064936.03
Tanker,155172.28,33180.01,14.61,5025.3,40.96,5,12.25,Methanol,1451.86,1950.21,0.0,23.11,433379.62
Container,122100.46,47962.1,21.1,3599.9,33.88,4,12.24,Hydrogen,794.56,0.0,0.0,0.0,3337161.03
Container,78586.79,54436.02,19.19,11421.85,44.94,5,12.18,HFO,4321.9,13447.51,347.48,868.7,1476793.82
Container,53425.27,24126.02,15.32,7023.5,62.52,5,12.89,Hydrogen,1642.04,0.0,0.0,0.0,6896568.29
Bulk Carrier,39013.42,18464.93,13.43,10838.11,33.4,2,12.12,HFO,1223.23,3806.06,98.35,245.87,417978.39
Container,135161.78,30009.6,15.27,11366.33,50.75,5,12.54,Ammonia,2883.4,0.0,0.0,53.63,1340779.57
Bulk Carrier,94574.79,12691.57,11.94,6751.64,30.21,3,12.06,HFO,605.21,1883.11,48.66,121.65,206801.49
Bulk Carrier,76695.81,10950.7,14.57,7056.52,45.5,4,11.72,HFO,610.49,1899.53,49.08,122.71,208605.19
Container,120823.3,26499.05,20.22,10813.35,30.71,4,11.86,Hydrogen,1182.8,0.0,0.0,0.0,4967749.42
Tanker,110657.32,29490.04,15.91,10982.23,72.62,2,13.46,Ammonia,3032.07,0.0,0.0,56.4,1409913.52
Tanker,142535.02,26402.41,13.73,1478.08,80.31,3,14.36,VLSFO,478.28,1423.63,9.8,88.24,235311.45
Tanker,99613.56,31879.38,16.36,4768.33,74.65,2,14.16,HFO,1335.57,4155.61,107.38,268.45,456365.49
Tanker,102256.97,27911.81,14.77,3487.15,82.29,6,14.41,HFO,1263.1,3930.12,101.55,253.88,431602.22
Tanker,111779.17,32853.53,13.44,3658.24,95.46,5,15.25,Methanol,2048.94,2752.24,0.0,32.62,611609.85
Container,124066.45,29999.6,23.13,10958.54,87.65,4,14.56,Hydrogen,2423.35,0.0,0.0,0.0,10178063.65
Tanker,87139.3,33622.0,14.9,1493.08,73.46,1,13.33,Hydrogen,460.52,0.0,0.0,0.0,1934193.51
Tanker,139510.75,29956.01,12.78,3417.65,99.51,3,14.79,LNG,1446.99,3945.17,0.0,70.32,738400.38
Bulk Carrier,94654.51,13634.45,15.99,5202.5,48.21,4,12.18,VLSFO,563.81,1678.22,11.56,104.02,277392.17
Bulk Carrier,71484.89,22567.82,11.47,3363.62,32.74,4,11.15,Ammonia,611.54,0.0,0.0,11.37,284365.65
Container,120769.31,59744.08,17.78,1473.04,63.14,3,13.58,HFO,686.39,2135.69,55.19,137.96,234539.23
Container,105265.4,32845.13,16.22,11052.36,90.82,7,13.91,VLSFO,5445.55,16209.21,111.63,1004.7,2679208.95
Bulk Carrier,61381.22,17499.42,11.21,4812.68,61.24,4,13.51,HFO,1078.29,3355.09,86.69,216.74,368453.19
Tanker,90466.94,18117.19,14.08,4924.23,38.6,1,12.21,VLSFO,593.78,1767.45,12.17,109.55,292141.19
Bulk Carrier,30810.1,9463.45,13.08,11396.28,75.96,3,13.99,Ammonia,1215.71,0.0,0.0,22.61,565303.06
Bulk Carrier,34666.63,18666.21,14.61,10494.13,96.02,8,14.43,VLSFO,3382.46,10068.24,69.34,624.06,1664171.63
Tanker,152944.33,35418.91,12.94,10770.62,79.33,5,14.63,VLSFO,5878.1,17496.75,120.5,1084.51,2892025.16
Bulk Carrier,54375.36,16473.72,14.25,7225.68,47.05,3,12.13,HFO,977.45,3041.3,78.59,196.47,333993.41
Tanker,168493.29,38664.45,14.87,4775.31,36.57,4,11.49,LNG,1068.18,2912.34,0.0,51.91,545090.03
Bulk Carrier,73179.65,10750.7,11.82,5043.43,47.74,3,12.23,Hydrogen,507.71,0.0,0.0,0.0,2132393.31
Tanker,89070.66,17632.67,13.17,4975.57,67.88,3,14.02,Hydrogen,983.23,0.0,0.0,0.0,4129578.47
Tanker,141166.0,41579.75,15.14,3399.97,70.39,4,13.49,Ammonia,1412.85,0.0,0.0,26.28,656973.48
Tanker,124588.58,26769.97,12.74,4754.44,65.88,4,13.87,HFO,1595.22,4963.48,128.26,320.64,545085.05
Container,91022.4,32539.09,14.96,1555.13,60.36,3,13.13,LNG,420.39,1146.18,0.0,20.43,214524.92
Tanker,123456.57,27047.71,12.27,4952.97,93.88,3,14.41,Ammonia,2088.35,0.0,0.0,38.84,971083.27
Container,140803.87,40831.49,15.5,1545.51,77.7,3,14.55,LNG,593.9,1619.24,0.0,28.86,303066.4
Tanker,183266.29,29687.4,12.52,3662.46,46.58,2,12.59,HFO,923.31,2872.85,74.23,185.58,315494.07
Bulk Carrier,73002.71,23960.97,11.48,4790.91,36.88,4,11.43,LNG,854.68,2330.26,0.0,41.54,436144.79
Bulk Carrier,38197.6,18203.13,15.84,3539.19,75.16,5,13.22,Methanol,795.41,1068.44,0.0,12.66,237430.54
Tanker,196165.42,19328.34,16.08,3617.26,45.11,5,11.85,HFO,558.09,1736.47,44.87,112.18,190698.12
Bulk Carrier,38393.69,16096.78,13.0,3330.82,49.96,4,12.34,LNG,440.45,1200.87,0.0,21.41,224761.88
Tanker,166093.84,33333.03,13.02,11497.22,88.67,1,14.54,HFO,5178.36,16112.35,416.34,1040.85,1769444.06
Container,123363.3,37239.09,19.71,6737.31,96.49,2,14.76,Methanol,2642.97,3550.16,0.0,42.08,788925.3
Tanker,82197.27,26975.93,12.53,3589.62,38.86,3,11.72,Ammonia,708.47,0.0,0.0,13.18,329438.78
Container,134499.13,25079.2,21.66,10636.25,52.4,3,13.14,Ammonia,1466.98,0.0,0.0,27.29,682143.79
Bulk Carrier,59942.53,15693.21,11.54,7137.55,94.94,4,15.13,HFO,2038.07,6341.4,163.86,409.65,696407.27
Tanker,193812.43,25947.77,15.94,11173.35,36.16,4,12.26,Hydrogen,1719.48,0.0,0.0,0.0,7221815.17
Container,72703.49,31405.2,16.33,10454.53,97.42,2,15.11,VLSFO,3587.17,10677.57,73.54,661.83,1764887.76
Bulk Carrier,68246.55,24583.91,11.82,1448.04,52.0,4,12.34,Hydrogen,372.47,0.0,0.0,0.0,1564385.96
Bulk Carrier,55263.75,20663.21,11.84,3380.21,53.34,6,12.34,VLSFO,877.9,2613.17,18.0,161.97,431928.24
Bulk Carrier,81453.01,22197.59,12.99,3420.46,98.19,5,15.28,Ammonia,1149.98,0.0,0.0,21.39,534739.51
Bulk Carrier,44124.64,12429.45,13.42,4940.26,72.74,5,13.65,Methanol,907.82,1219.43,0.0,14.45,270983.42
Container,146362.57,33999.9,18.87,4988.42,64.3,1,13.18,VLSFO,1217.62,3624.37,24.96,224.65,599068.6
Tanker,129432.73,37458.19,14.98,7058.76,88.58,4,14.98,HFO,3146.74,9791.02,253.0,632.49,1075241.37
Tanker,157894.45,28449.58,15.87,3368.84,39.49,4,12.26,VLSFO,665.69,1981.5,13.65,122.82,327521.48
Tanker,133019.7,28924.69,16.94,1432.87,47.5,3,12.5,Hydrogen,278.34,0.0,0.0,0.0,1169038.02
Container,140870.58,47022.28,19.73,1547.41,75.02,3,13.19,Ammonia,529.84,0.0,0.0,9.86,246375.52
Bulk Carrier,63518.3,15752.93,11.64,5193.68,32.95,5,11.27,Hydrogen,692.92,0.0,0.0,0.0,2910280.77
Tanker,162799.86,33369.96,16.03,3409.05,34.79,3,12.23,VLSFO,653.44,1945.04,13.4,120.56,321494.8
Container,132234.66,34482.26,20.09,3328.37,70.55,3,14.04,HFO,885.48,2755.14,71.19,177.98,302567.11
Container,136880.75,35681.5,21.79,6878.85,89.16,4,15.09,HFO,2035.01,6331.9,163.62,409.04,695363.87
Bulk Carrier,72427.04,21865.53,13.69,5228.27,91.05,2,14.53,Hydrogen,1337.27,0.0,0.0,0.0,5616552.34
Bulk Carrier,88446.3,18086.86,14.59,1439.37,98.78,3,15.6,VLSFO,360.08,1071.81,7.38,66.43,177158.57
Bulk Carrier,81397.75,16483.32,15.82,3353.79,43.5,4,12.19,LNG,376.28,1025.92,0.0,18.29,192017.75
Bulk Carrier,88684.57,24485.3,14.59,1511.02,44.89,2,12.57,Hydrogen,259.75,0.0,0.0,0.0,1090962.3
Container,59549.74,40664.58,16.35,6875.92,59.26,4,13.04,VLSFO,2526.94,7521.69,51.8,466.22,1243255.28
Tanker,111666.12,21669.09,12.87,6685.32,70.42,2,14.09,Hydrogen,1535.42,0.0,0.0,0.0,6448764.76
Tanker,106329.13,34368.19,13.66,6737.49,74.48,1,14.24,VLSFO,2693.15,8016.43,55.21,496.89,1325029.88
Container,64090.14,28312.6,19.68,1571.71,90.61,1,14.12,Ammonia,338.84,0.0,0.0,6.3,157559.3
Bulk Carrier,72684.85,16872.37,12.97,1542.12,71.53,5,13.54,VLSFO,358.34,1066.65,7.35,66.11,176305.31
Tanker,138176.01,20023.18,13.14,10900.23,70.87,1,13.55,Ammonia,2333.1,0.0,0.0,43.4,1084893.6
Container,84002.6,56108.99,21.17,10568.26,95.25,6,14.61,Hydrogen,5916.96,0.0,0.0,0.0,24851231.06
Tanker,167798.15,33168.23,14.5,1542.27,40.55,4,12.45,Ammonia,402.83,0.0,0.0,7.49,187318.05
Container,68480.92,56544.85,17.12,1533.33,62.62,3,13.34,Hydrogen,679.2,0.0,0.0,0.0,2852652.29
Tanker,114549.91,27009.41,14.17,11439.77,83.38,2,13.87,Ammonia,3536.14,0.0,0.0,65.77,1644305.37
Container,70561.89,54705.38,14.39,1526.06,57.45,4,12.25,Hydrogen,767.67,0.0,0.0,0.0,3224204.45
Bulk Carrier,60387.37,17388.82,14.34,1509.18,97.42,4,15.01,Ammonia,374.83,0.0,0.0,6.97,174294.55
Bulk Carrier,53582.81,8877.12,13.4,3490.56,64.39,4,13.41,Ammonia,331.69,0.0,0.0,6.17,154234.43
Tanker,149193.82,38336.58,14.04,4889.37,46.66,5,12.48,Ammonia,1588.37,0.0,0.0,29.54,738594.13
Container,77718.38,41072.85,14.3,6804.07,81.24,3,14.21,LNG,2953.59,8052.84,0.0,143.54,1507216.54
Container,144423.94,27111.85,20.35,1550.59,44.23,4,11.94,Methanol,296.97,398.91,0.0,4.73,88646.08
Bulk Carrier,39443.09,17362.98,15.85,10620.1,69.16,6,13.54,Hydrogen,1912.2,0.0,0.0,0.0,8031242.06
Tanker,158495.78,26451.9,15.11,3499.26,71.34,5,12.97,VLSFO,1032.93,3074.63,21.18,190.58,508203.75
Tanker,129205.24,40293.18,16.23,3409.29,42.53,1,12.3,HFO,882.36,2745.43,70.94,177.35,301500.74
Bulk Carrier,90722.49,13580.5,13.97,7005.6,59.36,2,13.46,Methanol,1076.19,1445.59,0.0,17.13,321242.62
Tanker,190781.3,31037.75,12.81,4887.39,80.15,1,13.6,Methanol,2032.21,2729.77,0.0,32.35,606615.1
Tanker,118174.49,43730.32,15.02,3532.64,33.96,4,11.37,Ammonia,890.65,0.0,0.0,16.57,414151.43
Container,79197.36,50219.1,21.93,5075.59,74.0,5,14.14,LNG,1813.93,4945.61,0.0,88.16,925648.46
Tanker,99030.54,42080.37,13.0,3543.11,48.66,3,12.41,VLSFO,1293.15,3849.18,26.51,238.59,636227.71
Bulk Carrier,34956.46,19279.61,11.69,1470.75,30.78,3,11.04,HFO,216.74,674.39,17.43,43.57,74061.02
Tanker,87358.42,19679.46,12.46,6721.75,79.23,3,14.47,HFO,1797.47,5592.79,144.52,361.29,614195.05
Tanker,150066.59,31957.86,13.24,1451.1,45.92,5,11.88,HFO,453.53,1411.15,36.46,91.16,154971.39
Bulk Carrier,74712.14,23770.31,13.32,11543.25,49.78,4,12.08,HFO,2706.49,8421.18,217.6,544.0,924806.38
Container,95392.45,27998.13,23.93,4913.68,87.12,3,14.03,Methanol,1202.55,1615.33,0.0,19.14,358961.12
Tanker,145949.41,29572.81,14.01,4870.37,44.58,2,12.5,HFO,1108.88,3450.26,89.15,222.88,378904.47
Container,112040.51,42756.34,15.42,5094.23,61.08,5,12.44,Hydrogen,1904.19,0.0,0.0,0.0,7997584.89
Tanker,96460.64,28895.43,15.39,4926.22,31.94,5,11.87,Hydrogen,826.68,0.0,0.0,0.0,3472055.12
Container,84789.64,43703.07,18.96,10462.38,90.89,3,14.52,Methanol,5308.41,7130.52,0.0,84.51,1584559.65
Bulk Carrier,80363.3,24071.22,11.69,10560.88,84.41,3,14.57,Ammonia,3868.29,0.0,0.0,71.95,1798755.79
Bulk Carrier,69112.38,13354.18,14.11,3399.98,92.74,3,15.13,VLSFO,552.86,1645.64,11.33,102.0,272006.61
Tanker,90879.93,22728.26,14.49,7299.2,95.86,4,15.49,Ammonia,2253.48,0.0,0.0,41.91,1047868.29
Container,59497.99,56080.64,23.82,3336.37,49.83,4,12.5,Ammonia,957.84,0.0,0.0,17.82,445396.15
Bulk Carrier,56711.62,20554.61,13.44,3405.1,46.05,5,12.16,Ammonia,636.81,0.0,0.0,11.84,296117.67
Tanker,103555.63,44020.07,16.99,1482.94,47.96,5,11.9,VLSFO,478.53,1424.38,9.81,88.29,235435.1
Container,115180.25,48823.96,19.24,3577.13,95.5,4,15.11,Ammonia,1716.73,0.0,0.0,31.93,798279.92
Tanker,99425.59,22675.56,16.39,5145.91,77.3,3,13.57,VLSFO,1170.46,3484.0,23.99,215.95,575867.35
Tanker,112708.11,26210.63,16.56,1528.67,65.82,6,12.9,HFO,448.79,1396.41,36.08,90.21,153352.27
Container,114057.3,40139.26,14.23,3576.2,91.1,6,15.18,LNG,1871.99,5103.91,0.0,90.98,955278.19
Tanker,181056.6,15245.5,12.35,10728.42,91.38,6,14.09,LNG,2672.51,7286.49,0.0,129.88,1363782.24
Tanker,142808.37,44516.95,15.46,11470.11,46.54,5,12.61,Ammonia,4253.05,0.0,0.0,79.11,1977668.84
Bulk Carrier,52289.43,14127.03,13.56,1486.89,71.53,4,13.18,LNG,232.78,634.67,0.0,11.31,118789.1
Tanker,134066.89,36689.89,16.5,6933.11,82.44,4,14.56,HFO,2667.66,8300.38,214.48,536.2,911540.61
Container,78561.18,47970.31,22.25,1544.97,33.59,3,11.47,Methanol,321.66,432.07,0.0,5.12,96016.13
Bulk Carrier,35494.44,16908.38,14.88,1549.58,87.19,4,14.05,Methanol,408.19,548.3,0.0,6.5,121843.72
Tanker,84568.28,27148.31,12.58,3512.14,90.58,3,14.38,HFO,1305.08,4060.72,104.93,262.32,445944.68
Container,126065.96,28568.6,22.19,6771.99,96.58,2,15.57,HFO,1558.95,4850.64,125.34,313.35,532692.52
Container,104153.92,54302.78,22.79,1513.25,93.1,4,14.98,Hydrogen,668.09,0.0,0.0,0.0,2805980.21
Container,119997.07,39487.84,14.5,4998.94,34.58,4,11.25,VLSFO,1260.37,3751.62,25.84,232.54,620102.29
Bulk Carrier,73399.12,13885.97,11.57,7083.98,47.81,4,12.67,Methanol,1179.04,1583.75,0.0,18.77,351943.38
Container,121875.89,41964.79,16.57,6968.38,57.67,5,12.66,VLSFO,2700.88,8039.45,55.37,498.31,1328834.74
Bulk Carrier,39953.64,10575.06,12.16,1538.88,97.8,3,15.4,VLSFO,259.82,773.37,5.33,47.94,127829.92
Bulk Carrier,58945.3,24966.0,12.79,10886.39,35.21,4,12.08,Methanol,2390.42,3210.93,0.0,38.06,713539.78
Bulk Carrier,82932.19,21523.93,14.0,1431.47,55.13,3,13.23,Hydrogen,250.86,0.0,0.0,0.0,1053608.88
Container,60113.91,22381.28,22.07,5017.7,51.07,5,12.48,Ammonia,635.78,0.0,0.0,11.83,295638.44
Bulk Carrier,61065.96,17110.86,14.36,1493.87,52.77,8,13.24,LNG,246.83,672.97,0.0,12.0,125956.87
Bulk Carrier,37191.68,19193.32,12.33,11191.28,51.35,2,12.19,HFO,2176.91,6773.43,175.02,437.56,743851.81
Tanker,102963.14,23552.67,15.46,3611.82,91.46,3,14.58,VLSFO,981.43,2921.33,20.12,181.07,482865.07
Tanker,170605.5,38448.74,14.03,3359.8,44.6,4,11.69,Ammonia,982.47,0.0,0.0,18.27,456846.46
Tanker,152325.72,39598.4,15.11,11526.08,69.12,3,12.83,LNG,3885.59,10593.9,0.0,188.84,1982815.19
Bulk Carrier,62571.57,18232.31,14.66,3397.24,73.04,3,14.09,Ammonia,656.11,0.0,0.0,12.2,305093.47
Container,67561.22,52996.68,22.62,3377.1,51.86,3,12.33,LNG,839.47,2288.78,0.0,40.8,428381.24
Container,88754.8,41194.83,20.23,1477.67,70.84,4,14.11,LNG,433.51,1181.94,0.0,21.07,221219.2
Bulk Carrier,38775.79,15080.95,15.14,4834.88,70.68,5,13.62,HFO,776.18,2415.06,62.4,156.01,265219.52
Bulk Carrier,98818.3,13828.91,12.5,3375.36,53.76,5,12.2,HFO,510.46,1588.28,41.04,102.6,174423.59
Tanker,187454.85,27002.47,12.23,1532.82,36.4,3,11.85,HFO,339.42,1056.1,27.29,68.22,115980.05
Tanker,112870.6,21592.69,14.06,10788.28,76.71,2,13.24,VLSFO,2565.8,7637.35,52.6,473.39,1262371.17
Container,89174.24,46139.38,20.97,6737.43,77.88,5,13.28,Hydrogen,2504.71,0.0,0.0,0.0,10519763.06
Tanker,191371.66,19702.9,15.17,4918.1,58.95,3,12.71,VLSFO,912.83,2717.14,18.71,168.42,449113.39
Bulk Carrier,99801.04,22932.63,13.58,10515.82,50.05,4,12.69,Hydrogen,2093.37,0.0,0.0,0.0,8792168.56
Bulk Carrier,99575.03,22348.05,15.89,3644.11,97.26,6,15.51,Hydrogen,1026.98,0.0,0.0,0.0,4313305.26
Tanker,137249.01,28427.66,16.3,3496.62,62.94,6,13.48,Methanol,1227.41,1648.72,0.0,19.54,366382.13
Bulk Carrier,88750.92,22626.95,11.8,3561.3,42.46,4,12.25,Ammonia,723.21,0.0,0.0,13.45,336293.67
Bulk Carrier,62078.97,8961.74,14.93,3628.03,77.37,5,14.54,HFO,406.91,1266.09,32.72,81.79,139040.98
Bulk Carrier,50362.37,20411.73,15.6,3471.55,55.95,3,12.83,Hydrogen,566.75,0.0,0.0,0.0,2380337.97
Bulk Carrier,62797.78,13264.36,12.01,11463.77,43.55,4,12.74,HFO,1571.05,4888.3,126.31,315.78,536828.99
Bulk Carrier,95119.49,9476.74,13.34,4792.42,53.69,4,12.06,LNG,422.25,1151.24,0.0,20.52,215472.24
Container,122490.05,59529.03,20.88,3566.3,50.9,5,12.98,VLSFO,1322.68,3937.1,27.12,244.04,650760.44
Container,122742.16,46438.92,16.0,7117.24,79.07,4,13.3,Hydrogen,3256.22,0.0,0.0,0.0,13676133.89
Tanker,184188.21,16046.23,12.96,6735.07,83.78,3,14.22,Ammonia,1327.43,0.0,0.0,24.69,617252.98
Container,141780.43,26587.77,19.33,6968.96,41.14,3,12.45,LNG,961.73,2622.13,0.0,46.74,490772.45
Container,113797.55,56781.6,15.4,10648.27,80.28,4,13.34,Methanol,7773.71,10442.04,0.0,123.76,2320452.37
Bulk Carrier,89505.57,10527.57,11.04,1541.98,57.47,3,13.44,HFO,200.63,624.26,16.13,40.33,68556.0
Tanker,164973.39,23728.06,14.1,7251.87,97.02,2,14.35,Ammonia,2167.7,0.0,0.0,40.32,1007979.96
Tanker,178946.28,16648.11,12.12,1567.26,75.29,3,13.54,Ammonia,321.7,0.0,0.0,5.98,149591.08
Tanker,147011.46,32895.04,13.64,3459.37,35.52,3,11.56,HFO,747.73,2326.54,60.12,150.29,255498.55
Bulk Carrier,66408.78,13326.06,11.77,3385.49,74.99,5,13.25,Hydrogen,622.53,0.0,0.0,0.0,2614631.15
Container,62673.46,40134.96,16.63,10913.17,33.17,3,11.38,Ammonia,2313.74,0.0,0.0,43.04,1075888.37
Container,61186.94,30851.91,16.19,6660.17,62.33,1,13.26,Methanol,1919.19,2577.95,0.0,30.55,572877.24
Bulk Carrier,76874.48,11671.24,15.0,3488.69,68.16,3,13.46,HFO,396.28,1233.02,31.86,79.65,135408.98
Tanker,95413.82,25092.17,15.18,11398.34,59.93,5,13.63,Methanol,3268.13,4389.92,0.0,52.03,975538.21
Container,61074.82,20126.66,21.37,3586.53,34.66,5,11.98,Hydrogen,354.33,0.0,0.0,0.0,1488166.77
Bulk Carrier,42724.79,10613.81,14.59,11254.78,39.11,4,12.15,LNG,811.96,2213.77,0.0,39.46,414342.05
Container,83705.52,29767.24,18.52,6661.55,56.89,4,12.51,Ammonia,1355.96,0.0,0.0,25.22,630519.28
Tanker,141217.93,24431.9,13.6,1446.44,85.08,3,14.14,Methanol,486.68,653.73,0.0,7.75,145272.9
Bulk Carrier,59694.39,16504.11,12.42,1498.87,68.25,4,13.12,Methanol,368.41,494.87,0.0,5.87,109970.62
Tanker,98762.75,23973.31,14.94,7130.96,89.79,5,14.13,LNG,2022.15,5513.3,0.0,98.28,1031900.99
Container,51956.28,52537.42,17.07,11346.26,76.06,4,13.82,HFO,5786.74,18005.34,465.25,1163.14,1977330.14
Tanker,139632.29,36878.61,15.69,1471.73,90.24,3,13.87,HFO,604.28,1880.21,48.58,121.46,206482.9
Bulk Carrier,97199.39,24910.52,13.25,7077.55,34.45,4,11.74,Hydrogen,1260.39,0.0,0.0,0.0,5293627.0
Container,93665.44,36301.21,22.74,7092.95,31.82,7,11.09,Methanol,1368.89,1838.76,0.0,21.79,408612.96
Container,136298.04,46289.54,15.01,1474.27,35.31,5,11.78,VLSFO,472.09,1405.22,9.68,87.1,232266.98
Container,128722.76,53087.35,21.82,11349.29,92.75,4,15.03,LNG,4740.92,12925.93,0.0,230.41,2419291.12
Tanker,154096.45,24645.6,14.0,6650.38,64.55,2,13.84,HFO,1702.19,5296.33,136.86,342.14,581638.67
Container,54637.83,25826.28,21.29,4869.72,90.74,5,15.1,Methanol,1420.38,1907.93,0.0,22.61,423983.39
Bulk Carrier,50729.51,11365.32,12.52,3648.85,74.73,3,14.02,Hydrogen,542.82,0.0,0.0,0.0,2279828.86
Container,87742.85,44374.03,21.65,11265.18,50.81,7,12.06,LNG,3004.8,8192.48,0.0,146.03,1533351.35
Tanker,144395.29,18598.8,13.97,5144.42,38.89,4,12.24,LNG,685.88,1870.01,0.0,33.33,350002.58
Container,97294.99,52101.01,16.65,10475.46,56.51,7,12.98,Hydrogen,5022.63,0.0,0.0,0.0,21095031.67
Bulk Carrier,87304.81,24297.36,12.09,7051.94,37.44,5,11.78,VLSFO,1573.43,4683.46,32.26,290.3,774125.34
Bulk Carrier,96009.35,8455.09,15.28,5014.1,45.66,2,12.21,LNG,276.56,754.02,0.0,13.44,141127.21
Bulk Carrier,77535.05,24952.12,13.96,11462.26,64.92,2,12.87,Ammonia,2514.15,0.0,0.0,46.76,1169077.69
Tanker,122311.9,23011.21,16.37,1500.72,66.3,3,13.71,Methanol,362.38,486.77,0.0,5.77,108170.62
Container,71044.38,54855.96,17.53,10786.05,42.38,5,12.29,Methanol,4369.02,5868.69,0.0,69.55,1304152.64
Tanker,105947.7,36055.61,13.02,5185.67,90.16,4,14.3,Methanol,2958.6,3974.14,0.0,47.1,883142.98
Tanker,152600.41,20548.48,16.07,7304.8,48.0,4,12.78,Ammonia,1185.32,0.0,0.0,22.05,551173.58
Tanker,135970.52,36040.4,15.56,7136.44,93.96,4,14.71,Methanol,3675.41,4936.99,0.0,58.51,1097109.56
Container,53476.18,49360.21,15.24,6848.73,97.57,4,14.85,HFO,4481.24,13943.28,360.29,900.73,1531238.26
Container,65467.06,43686.99,16.74,4871.42,94.86,1,14.49,VLSFO,2161.57,6434.12,44.31,398.81,1063491.26
Container,139535.47,56235.0,19.81,7217.24,73.0,5,13.22,Hydrogen,3590.75,0.0,0.0,0.0,15081132.66
Container,70625.04,25121.35,14.52,3661.97,40.57,4,12.01,Hydrogen,677.42,0.0,0.0,0.0,2845171.9
Container,122094.78,56694.22,23.21,5020.29,75.11,3,13.55,Hydrogen,1843.85,0.0,0.0,0.0,7744178.94
Container,99311.3,39872.11,14.59,3523.16,88.2,3,14.62,VLSFO,1812.97,5396.5,37.17,334.49,891983.29
Bulk Carrier,30499.17,12064.38,12.23,1459.73,62.36,3,13.77,Ammonia,181.5,0.0,0.0,3.38,84398.41
Bulk Carrier,91761.53,22728.58,13.73,1534.78,33.03,3,11.48,LNG,199.23,543.18,0.0,9.68,101664.76
Tanker,193044.47,23688.37,16.93,3486.38,35.5,4,11.93,HFO,523.2,1627.93,42.07,105.16,178777.94
Bulk Carrier,62618.38,18650.67,12.29,1568.91,67.69,4,13.38,VLSFO,376.01,1119.23,7.71,69.37,184996.13
Tanker,86895.67,37321.18,12.03,10616.82,55.65,4,12.43,Methanol,4902.17,6584.84,0.0,78.04,1463298.7
Tanker,93602.99,26327.32,12.92,3565.55,46.67,5,12.85,LNG,807.87,2202.62,0.0,39.26,412254.88
Container,144091.0,25640.32,20.42,6850.15,39.28,2,12.14,Methanol,957.89,1286.68,0.0,15.25,285928.67
Tanker,101970.76,27659.42,15.3,5217.11,80.94,5,14.71,HFO,1792.3,5576.7,144.1,360.25,612428.64
Container,102025.54,46711.66,14.97,10810.5,76.57,3,14.3,HFO,5485.35,17067.56,441.02,1102.56,1874344.3
Container,55277.93,48066.78,19.47,1566.16,35.54,4,11.91,HFO,376.97,1172.92,30.31,75.77,128809.05
Container,67712.36,45472.04,19.04,1461.78,67.68,4,12.99,Methanol,620.54,833.55,0.0,9.88,185232.46
Container,63808.17,49788.71,17.67,7336.83,31.25,4,11.41,Methanol,2090.01,2807.4,0.0,33.27,623867.43
Tanker,98590.34,24034.97,14.26,5118.91,93.01,2,15.28,Hydrogen,1361.37,0.0,0.0,0.0,5717769.4
Bulk Carrier,98510.88,13897.67,15.75,5122.71,94.28,2,15.2,Methanol,927.63,1246.04,0.0,14.77,276898.07
Container,91720.33,31538.23,16.87,3590.46,85.65,4,13.95,LNG,1117.73,3047.46,0.0,54.32,570379.5
Bulk Carrier,37381.63,16924.52,11.02,6834.23,39.61,4,11.83,Ammonia,1114.21,0.0,0.0,20.72,518109.85
Tanker,155758.82,21253.9,14.83,7043.97,60.23,5,12.49,LNG,1289.38,3515.44,0.0,62.66,657969.67
Bulk Carrier,57428.06,14033.06,11.15,10590.18,51.92,5,12.16,VLSFO,1896.43,5644.91,38.88,349.89,933043.66
Bulk Carrier,70648.83,10978.66,11.63,7297.12,37.9,5,11.43,Ammonia,738.51,0.0,0.0,13.74,343406.86
Container,92502.02,35126.23,21.01,1485.91,54.47,4,12.32,HFO,331.71,1032.11,26.67,66.67,113345.17
Container,98055.35,38331.98,23.92,10994.41,86.34,1,14.72,VLSFO,2987.61,8892.91,61.25,551.21,1469902.53
Bulk Carrier,53492.94,19972.27,11.15,1473.05,63.24,4,13.12,VLSFO,393.05,1169.95,8.06,72.52,193379.53
Bulk Carrier,35108.83,13329.42,11.52,1464.43,63.62,1,12.77,LNG,207.6,566.02,0.0,10.09,105939.54
Tanker,173058.18,15332.64,14.09,7281.87,84.57,5,14.7,Ammonia,1389.55,0.0,0.0,25.85,646138.64
Container,102483.49,20431.83,20.85,3442.19,92.86,3,14.34,LNG,574.11,1565.28,0.0,27.9,292966.01
Bulk Carrier,78491.31,16278.6,15.12,1480.25,62.21,4,13.07,Ammonia,228.34,0.0,0.0,4.25,106180.24
Container,115134.85,43925.45,15.19,1472.98,56.46,4,12.54,VLSFO,622.58,1853.17,12.76,114.87,306309.27
Container,70824.78,20468.57,15.79,7056.39,56.45,1,12.58,VLSFO,1159.79,3452.24,23.78,213.98,570617.59
Container,68616.47,50646.01,18.5,5071.79,34.3,3,11.83,Ammonia,1219.95,0.0,0.0,22.69,567276.75
Bulk Carrier,63656.68,10806.83,12.46,4846.06,41.1,4,12.44,Ammonia,417.53,0.0,0.0,7.77,194152.29
Container,135840.79,32568.82,23.16,6904.99,40.76,4,11.9,VLSFO,1154.62,3436.84,23.67,213.03,568073.49
Container,103478.41,39771.23,15.84,10753.45,93.98,4,14.58,HFO,5665.24,17627.29,455.49,1138.71,1935813.68
Bulk Carrier,78102.81,16344.01,15.94,1567.09,87.15,3,14.72,LNG,245.05,668.13,0.0,11.91,125050.68
Container,98977.49,21968.07,23.93,7320.02,49.01,6,11.95,VLSFO,1011.71,3011.44,20.74,186.66,497759.24
Tanker,83986.46,20123.52,13.29,3516.37,68.56,4,14.08,Hydrogen,848.29,0.0,0.0,0.0,3562816.42
Tanker,180702.72,26755.54,13.02,1524.9,41.61,7,11.51,Ammonia,393.32,0.0,0.0,7.32,182894.95
Container,99774.67,32624.0,23.59,6907.61,60.09,4,13.39,LNG,1209.8,3298.47,0.0,58.8,617361.44
Tanker,98273.76,28303.86,16.63,5028.35,43.82,2,11.97,VLSFO,893.28,2658.94,18.31,164.81,439493.75
Container,113386.29,46862.57,18.52,7235.34,76.31,5,14.33,VLSFO,3305.72,9839.82,67.77,609.91,1626416.29
Tanker,173129.06,42403.12,12.42,10505.75,58.73,2,13.26,Ammonia,4671.26,0.0,0.0,86.89,2172138.14
Container,134679.57,52524.13,22.77,3617.58,83.89,2,14.81,HFO,1406.59,4376.58,113.09,282.72,480632.17
Container,61402.4,38429.17,15.92,1528.07,75.35,5,13.31,Methanol,796.79,1070.29,0.0,12.68,237841.62
Bulk Carrier,37125.54,23713.12,15.07,10857.07,40.95,4,12.45,HFO,2028.63,6312.04,163.1,407.75,693182.81
Tanker,132263.57,24059.24,12.53,3674.62,45.2,6,12.11,VLSFO,905.14,2694.24,18.56,167.0,445329.49
Tanker,183304.36,31156.32,16.69,3346.8,88.11,5,14.33,Ammonia,1266.39,0.0,0.0,23.55,588869.05
Bulk Carrier,35771.45,23785.95,13.66,7331.25,46.81,5,12.3,Hydrogen,1621.61,0.0,0.0,0.0,6810742.4
Bulk Carrier,47064.56,20734.82,13.45,1563.58,98.39,3,14.18,LNG,392.53,1070.22,0.0,19.08,200308.64
Tanker,112165.11,21185.4,16.91,7322.8,55.85,2,12.31,Hydrogen,1157.76,0.0,0.0,0.0,4862588.0
Bulk Carrier,78408.67,23918.25,13.83,11346.79,66.15,1,13.51,LNG,2196.34,5988.24,0.0,106.74,1120793.09
Tanker,116923.26,42381.83,14.17,11549.58,69.61,3,14.01,HFO,5080.87,15809.02,408.5,1021.25,1736133.16
Container,75865.71,23100.83,22.94,1457.93,63.95,3,13.84,VLSFO,215.71,642.08,4.42,39.8,106129.49
Bulk Carrier,42342.42,17066.64,15.06,11103.16,59.32,4,12.73,LNG,1690.23,4608.33,0.0,82.15,862522.5
Container,148943.31,43305.63,17.46,5181.36,67.96,3,13.07,Methanol,2148.53,2886.01,0.0,34.2,641335.63
Tanker,114270.11,40588.97,14.22,7123.62,57.96,2,12.56,Hydrogen,2350.11,0.0,0.0,0.0,9870467.92
Bulk Carrier,62096.61,19753.02,15.31,4972.94,63.1,5,13.19,LNG,903.08,2462.21,0.0,43.89,460841.73
Bulk Carrier,45691.42,13887.83,13.97,1477.21,61.83,4,12.56,Ammonia,192.37,0.0,0.0,3.58,89454.23
Bulk Carrier,53184.23,15244.02,14.8,5050.82,45.91,5,11.92,LNG,584.02,1592.3,0.0,28.38,298024.89
Tanker,113616.85,44204.37,14.02,4960.15,86.29,6,14.47,Ammonia,3203.7,0.0,0.0,59.59,1489721.11
Tanker,149359.81,19972.95,16.35,10870.3,57.46,4,13.27,Ammonia,1785.04,0.0,0.0,33.2,830044.03
Tanker,187030.51,36927.94,14.76,4946.62,32.73,1,11.35,Hydrogen,969.15,0.0,0.0,0.0,4070432.91
Container,146860.37,41169.02,19.02,7342.85,32.71,3,12.16,Methanol,1682.8,2260.42,0.0,26.79,502315.12
Container,141173.75,22378.37,20.71,6973.4,61.47,3,12.69,LNG,911.67,2485.64,0.0,44.31,465226.56
Tanker,85029.65,21763.96,15.72,7337.52,76.92,7,14.15,LNG,1981.83,5403.39,0.0,96.32,1011330.15
Container,111852.81,37018.62,15.13,11096.13,49.34,4,12.4,Methanol,3584.9,4815.42,0.0,57.07,1070092.8
Tanker,193723.59,29947.27,12.6,11342.18,68.29,3,13.81,Methanol,4632.48,6222.57,0.0,73.75,1382793.82
Tanker,107241.26,31728.25,13.39,10790.63,60.8,4,13.03,Hydrogen,3611.48,0.0,0.0,0.0,15168218.89
Bulk Carrier,75040.16,23583.0,14.11,3641.66,78.54,5,13.63,Hydrogen,1137.5,0.0,0.0,0.0,4777500.4
Tanker,149712.5,27154.95,12.9,1538.49,94.74,5,14.34,VLSFO,650.06,1934.97,13.33,119.94,319829.47
Container,80341.18,32632.02,17.08,11246.95,45.32,4,11.78,Hydrogen,2395.93,0.0,0.0,0.0,10062925.11
Container,57025.73,42461.85,16.83,3588.62,77.35,3,13.92,Hydrogen,1399.84,0.0,0.0,0.0,5879340.52
Container,99005.07,51846.59,17.46,7087.51,88.37,1,14.89,Ammonia,3086.97,0.0,0.0,57.42,1435439.88
Tanker,122069.92,16836.06,15.78,6889.11,55.41,6,12.77,LNG,1036.54,2826.1,0.0,50.38,528948.36
Tanker,174860.01,18803.56,15.09,3470.17,56.89,5,13.2,Hydrogen,610.41,0.0,0.0,0.0,2563728.96
Bulk Carrier,34498.53,18304.23,12.98,3633.37,35.41,4,12.11,HFO,537.27,1671.72,43.2,107.99,183586.31
Tanker,149646.95,35026.61,13.27,7323.52,71.45,2,13.49,HFO,2723.53,8474.21,218.97,547.43,930629.86
Container,139251.08,25900.37,19.28,3364.46,70.54,4,13.12,Ammonia,694.92,0.0,0.0,12.93,323138.77
Container,71979.6,39196.65,20.64,3382.0,46.18,4,12.34,LNG,725.73,1978.68,0.0,35.27,370340.89
Container,57178.21,41730.0,20.55,4781.26,35.68,4,11.68,Hydrogen,1020.04,0.0,0.0,0.0,4284158.56
Container,127194.86,36798.51,17.06,1466.19,63.05,4,13.51,Ammonia,461.88,0.0,0.0,8.59,214773.14
Container,57081.51,56967.32,17.13,1560.22,47.92,4,12.77,VLSFO,623.75,1856.66,12.79,115.08,306886.39
Container,102852.41,40854.27,22.87,7090.71,47.63,3,12.08,VLSFO,1468.91,4372.37,30.11,271.01,722705.23
Tanker,148360.47,20834.72,12.22,11095.22,45.68,2,12.4,Ammonia,2131.58,0.0,0.0,39.65,991184.25
Tanker,147678.03,35796.84,13.49,1533.87,68.56,1,12.9,VLSFO,590.88,1758.82,12.11,109.02,290714.48
Tanker,105957.16,24690.52,13.55,3427.16,97.22,4,15.46,LNG,1185.5,3232.22,0.0,57.62,604961.04
Bulk Carrier,33599.28,21210.79,14.02,3331.1,99.35,5,15.28,Methanol,1245.88,1673.53,0.0,19.83,371895.81
Container,139298.18,28123.82,20.81,1516.92,87.81,3,14.38,Hydrogen,328.73,0.0,0.0,0.0,1380683.95
Container,135067.63,35664.64,23.91,4899.96,91.93,4,14.39,HFO,1369.34,4260.68,110.1,275.24,467903.98
Bulk Carrier,73668.05,8206.37,13.44,1444.51,52.98,1,12.58,HFO,98.52,306.55,7.92,19.8,33664.94
Tanker,111079.88,27325.22,14.45,3461.32,63.79,4,12.94,Methanol,1092.22,1467.12,0.0,17.39,326026.91
Tanker,104001.17,19945.87,16.86,6879.14,82.57,5,14.76,Hydrogen,1356.94,0.0,0.0,0.0,5699156.94
Tanker,123936.21,34162.5,15.51,7194.99,47.45,3,12.07,VLSFO,1972.32,5870.8,40.43,363.89,970380.01
Container,138731.15,20436.07,15.44,6908.72,71.96,2,12.98,Hydrogen,1264.07,0.0,0.0,0.0,5309091.46
Container,114554.92,57248.68,22.17,10628.91,79.82,4,13.53,Hydrogen,4612.94,0.0,0.0,0.0,19374327.97
Container,103603.87,32171.37,20.63,6652.14,64.73,4,13.63,Hydrogen,1567.89,0.0,0.0,0.0,6585153.23
Tanker,152543.39,23148.01,16.0,6783.78,90.99,4,15.23,Hydrogen,1746.34,0.0,0.0,0.0,7334631.61
Container,56736.88,53146.85,16.73,4829.78,69.95,4,14.01,LNG,2302.02,6276.36,0.0,111.88,1174719.5
Bulk Carrier,56977.86,20217.8,11.8,4886.84,94.37,5,14.14,Hydrogen,1586.95,0.0,0.0,0.0,6665192.91
Bulk Carrier,30131.52,16697.97,14.09,4847.24,47.19,5,12.66,VLSFO,750.4,2233.65,15.38,138.45,369199.09
Container,143775.41,27282.66,17.6,6812.06,40.44,3,12.29,VLSFO,1153.09,3432.29,23.64,212.75,567320.65
Container,81428.7,24588.19,21.9,3576.73,85.99,4,13.75,Methanol,844.12,1133.86,0.0,13.44,251969.49
Bulk Carrier,89609.06,18802.95,15.83,1540.18,71.41,5,13.68,Ammonia,309.01,0.0,0.0,5.75,143691.35
Tanker,176183.2,22459.06,14.8,3507.27,95.33,2,14.65,Methanol,1053.04,1414.5,0.0,16.76,314333.09
Tanker,148934.66,22256.57,15.28,5007.37,52.22,5,12.19,Ammonia,973.75,0.0,0.0,18.11,452792.69
Container,60556.99,55855.85,19.37,7211.24,32.29,3,11.94,HFO,1904.7,5926.43,153.14,382.84,650834.88
Tanker,143878.27,15540.75,14.46,5089.72,74.7,2,13.34,Ammonia,810.54,0.0,0.0,15.08,376898.94
Container,77655.74,23294.02,19.08,1534.54,76.1,2,13.54,VLSFO,302.94,901.72,6.21,55.89,149044.53
Bulk Carrier,88891.25,12038.92,15.53,4923.94,58.08,4,12.82,HFO,590.5,1837.33,47.48,118.69,201774.39
Bulk Carrier,62573.27,21815.86,13.72,7274.98,37.01,2,11.32,Ammonia,990.21,0.0,0.0,18.42,460446.67
Container,109757.16,27099.6,18.34,1432.8,73.41,5,13.34,LNG,359.03,978.89,0.0,17.45,183214.97
Bulk Carrier,99187.47,11286.62,12.14,6674.44,39.24,2,11.6,Hydrogen,545.03,0.0,0.0,0.0,2289138.76
Tanker,106350.12,20246.93,12.12,5174.07,30.19,3,11.29,LNG,673.24,1835.56,0.0,32.72,343554.28
Container,141382.32,34848.56,21.72,3395.39,47.25,4,12.91,VLSFO,675.41,2010.43,13.85,124.61,332301.75
Container,54088.59,37870.09,20.3,6723.53,93.67,3,15.31,Methanol,2709.16,3639.08,0.0,43.13,808685.46
Bulk Carrier,43763.65,21965.96,13.71,6860.0,40.25,4,12.53,Hydrogen,1151.52,0.0,0.0,0.0,4836374.03
Container,139794.24,37542.96,19.19,5066.59,98.05,4,15.53,LNG,1692.38,4614.2,0.0,82.25,863619.56
Bulk Carrier,65819.12,19734.6,12.61,10699.37,67.8,2,13.68,Ammonia,2179.63,0.0,0.0,40.54,1013528.83
Bulk Carrier,61610.87,11006.96,13.83,1467.2,61.25,3,13.68,Methanol,183.18,246.06,0.0,2.92,54679.34
Bulk Carrier,32411.09,18495.25,12.08,3650.77,74.56,1,13.67,LNG,793.54,2163.54,0.0,38.57,404941.39
Container,100200.03,21069.07,22.49,11138.95,58.71,4,13.0,Methanol,1648.6,2214.48,0.0,26.25,492106.97
Container,58906.73,47930.34,18.66,3344.21,94.15,5,14.28,LNG,1628.61,4440.35,0.0,79.15,831081.51
Container,100761.34,46052.7,14.98,7020.9,57.76,3,12.78,Ammonia,2569.32,0.0,0.0,47.79,1194735.06
Tanker,118676.06,24048.87,15.47,11088.65,75.88,5,14.18,HFO,3098.95,9642.31,249.16,622.89,1058909.55
Bulk Carrier,46621.93,8557.75,14.43,1556.56,95.07,1,15.08,VLSFO,172.37,513.06,3.53,31.8,84804.01
Container,91800.12,44914.69,16.21,1571.53,79.32,4,14.38,Ammonia,780.24,0.0,0.0,14.51,362810.27
Tanker,177651.75,23299.18,13.19,4769.6,50.08,4,12.33,Hydrogen,1052.28,0.0,0.0,0.0,4419559.68
Tanker,173210.49,16049.43,12.31,3580.13,32.07,4,11.93,VLSFO,476.68,1418.89,9.77,87.95,234527.68
Container,85667.44,45649.79,15.67,4994.2,59.59,5,12.54,Hydrogen,1996.7,0.0,0.0,0.0,8386149.55
Bulk Carrier,37075.56,14294.47,13.34,10469.69,85.22,5,14.12,Hydrogen,2051.08,0.0,0.0,0.0,8614539.55
Tanker,148970.69,36447.09,14.74,1514.08,37.73,2,12.48,HFO,358.88,1116.66,28.85,72.14,122630.5
Bulk Carrier,73051.36,17732.73,15.74,4990.0,35.39,3,11.76,Hydrogen,533.69,0.0,0.0,0.0,2241504.38
Container,61984.33,23592.72,17.95,4754.56,62.58,3,12.51,Methanol,955.53,1283.52,0.0,15.21,285226.26
Tanker,186199.48,41263.24,15.94,6916.09,93.78,4,14.85,HFO,3577.42,11131.06,287.62,719.06,1222403.14
Container,137006.2,59509.26,18.91,10974.3,30.18,4,11.28,HFO,2994.77,9318.17,240.78,601.95,1023313.69
Bulk Carrier,97395.67,12099.99,15.7,6871.48,79.68,4,14.17,HFO,930.3,2894.62,74.8,186.99,317884.58
Tanker,195957.85,26951.75,14.26,11448.68,95.78,3,14.87,Ammonia,3789.37,0.0,0.0,70.48,1762057.76
Bulk Carrier,62508.27,9498.41,11.86,5012.95,54.77,4,13.14,Ammonia,518.61,0.0,0.0,9.65,241155.97
Bulk Carrier,54107.71,15630.91,12.55,6840.7,44.62,3,11.97,VLSFO,981.11,2920.36,20.11,181.01,482704.3
Bulk Carrier,32023.9,16323.65,11.18,1534.53,46.6,3,12.04,LNG,246.68,672.57,0.0,11.99,125882.99
Container,111048.16,28705.79,19.52,6703.69,36.4,3,11.82,HFO,973.5,3029.02,78.27,195.67,332644.54
Container,78672.57,56149.99,14.58,4890.5,71.83,5,14.07,HFO,3133.15,9748.74,251.91,629.76,1070597.68
Bulk Carrier,41314.46,17225.65,15.03,4994.15,43.32,2,12.37,Methanol,660.51,887.23,0.0,10.52,197162.08
Container,70014.72,23216.21,18.73,11296.46,98.43,4,14.46,Ammonia,2792.5,0.0,0.0,51.94,1298511.17
Tanker,105405.61,37695.15,13.36,3426.91,99.49,3,15.43,VLSFO,1831.09,5450.42,37.54,337.84,900895.69
Container,115907.29,24684.28,21.12,5078.86,95.51,3,15.01,HFO,1066.7,3319.01,85.76,214.41,364490.57
Tanker,118358.07,37590.94,16.54,3413.66,78.59,6,13.74,Ammonia,1390.87,0.0,0.0,25.87,646752.38
Container,141369.09,36778.01,22.9,4899.32,91.69,2,14.5,Ammonia,1419.95,0.0,0.0,26.41,660277.22
Bulk Carrier,90378.07,14452.85,13.71,1503.84,33.12,5,11.85,Hydrogen,154.32,0.0,0.0,0.0,648125.84
Tanker,118517.45,37244.3,16.25,4853.73,89.85,3,14.79,HFO,2067.36,6432.55,166.22,415.54,706417.05
Container,109448.12,31177.34,21.25,10882.04,78.99,5,14.6,Methanol,3507.99,4712.11,0.0,55.85,1047135.86
Tanker,119515.81,30515.71,12.28,1540.92,94.87,4,15.19,Methanol,869.57,1168.05,0.0,13.84,259566.74
Container,56432.38,35629.96,22.64,11477.5,57.15,1,12.74,Hydrogen,2143.8,0.0,0.0,0.0,9003963.65
Bulk Carrier,99270.2,16672.14,15.22,1441.45,37.22,3,12.18,HFO,151.0,469.83,12.14,30.35,51596.35
Container,61629.59,23458.53,16.72,4790.31,69.06,3,14.12,Methanol,1146.8,1540.45,0.0,18.26,342321.17
Container,118360.55,56990.34,18.74,11296.76,68.16,5,13.86,Methanol,6423.05,8627.76,0.0,102.25,1917279.12
Bulk Carrier,30351.38,16886.48,14.11,4974.67,51.39,2,13.11,Ammonia,614.78,0.0,0.0,11.43,285874.71
Tanker,156592.85,25169.96,15.93,10484.68,44.61,4,12.63,HFO,1897.41,5903.75,152.55,381.38,648344.88
Bulk Carrier,34047.4,16949.93,13.43,1436.77,96.57,5,15.44,VLSFO,395.29,1176.63,8.1,72.93,194484.26
Bulk Carrier,40900.29,9576.76,14.15,6880.83,30.2,3,11.45,Methanol,448.0,601.78,0.0,7.13,133729.23
Tanker,197710.15,27832.56,13.66,1460.99,60.14,5,12.42,VLSFO,456.06,1357.5,9.35,84.14,224379.94
Bulk Carrier,34106.06,17950.16,15.24,7224.32,84.04,2,14.2,Ammonia,1261.25,0.0,0.0,23.46,586481.33
Container,72415.56,52708.57,15.68,7176.51,60.6,2,12.71,Hydrogen,2811.49,0.0,0.0,0.0,11808240.85
Tanker,184270.97,19601.12,12.93,11191.1,48.83,2,12.06,HFO,2044.78,6362.29,164.4,411.0,698701.53
Bulk Carrier,71403.71,8925.37,15.84,11129.49,46.19,3,12.59,VLSFO,665.48,1980.85,13.64,122.78,327413.86
Tanker,81003.25,37048.17,14.89,7337.53,30.97,3,11.29,Methanol,1802.41,2421.09,0.0,28.69,538020.23
Container,121870.17,59849.18,22.31,11153.91,77.36,5,13.23,Ammonia,5299.27,0.0,0.0,98.57,2464159.83
Tanker,97804.96,37588.54,14.8,4899.02,87.05,4,13.94,Methanol,2471.59,3319.96,0.0,39.35,737768.84
Bulk Carrier,92078.68,15489.69,13.43,5205.17,31.75,3,11.22,LNG,493.77,1346.24,0.0,24.0,251970.58
Tanker,86855.02,20512.22,16.76,10935.29,31.98,5,11.09,Hydrogen,1252.48,0.0,0.0,0.0,5260395.26
Container,119975.52,43280.03,21.25,5134.28,89.93,7,14.68,Methanol,2664.63,3579.26,0.0,42.42,795391.5
Container,139487.7,29369.48,19.15,1553.96,91.69,4,14.25,Hydrogen,423.38,0.0,0.0,0.0,1778179.58
Container,141964.13,51980.61,19.83,5102.7,55.72,4,12.98,Methanol,2223.14,2986.23,0.0,35.39,663605.85
Tanker,98765.12,36033.68,16.25,3585.05,92.64,6,15.02,Methanol,2050.07,2753.76,0.0,32.64,611947.17
Tanker,148916.66,24114.51,16.95,3435.75,97.79,4,14.37,VLSFO,1026.68,3056.0,21.05,189.42,505124.69
Container,149865.37,23695.68,20.26,7337.78,70.07,3,13.52,VLSFO,1299.62,3868.44,26.64,239.78,639411.51
Bulk Carrier,84302.4,13337.68,14.24,7257.27,49.29,8,12.35,Ammonia,969.03,0.0,0.0,18.02,450598.62
Tanker,96451.07,34758.18,14.22,3532.15,93.18,4,15.37,Methanol,1801.26,2419.54,0.0,28.68,537675.52
Container,52037.57,46498.64,20.46,6898.66,86.1,2,14.05,Hydrogen,2550.21,0.0,0.0,0.0,10710901.36
Bulk Carrier,31462.12,23088.7,14.46,4972.8,54.47,5,12.49,Hydrogen,1105.35,0.0,0.0,0.0,4642484.04
Tanker,177156.9,25543.42,15.63,4938.6,39.83,2,12.39,Ammonia,814.58,0.0,0.0,15.15,378781.12
Tanker,153302.02,41415.62,13.12,11391.79,65.8,3,12.98,Hydrogen,5274.24,0.0,0.0,0.0,22151804.93
Tanker,104225.48,38546.47,13.3,5005.88,87.45,5,14.84,VLSFO,2832.27,8430.53,58.06,522.55,1393476.79
Bulk Carrier,93739.06,24852.39,12.75,5244.33,78.65,4,13.79,Methanol,2094.97,2814.07,0.0,33.35,625348.61
Tanker,97548.37,28041.03,13.17,1530.13,68.56,3,13.45,VLSFO,529.08,1574.86,10.85,97.62,260308.18
Container,58912.39,43733.0,20.62,10785.03,54.98,5,12.59,HFO,3452.69,10742.97,277.6,693.99,1179783.77
Tanker,152824.44,24917.11,15.07,6789.52,44.4,3,12.79,Ammonia,1151.05,0.0,0.0,21.41,535240.13
Container,146432.81,55760.5,14.52,7321.24,53.06,4,12.75,HFO,3703.51,11523.39,297.76,744.41,1265488.65
Bulk Carrier,91024.27,10852.6,11.4,3454.73,83.76,3,14.03,Hydrogen,543.72,0.0,0.0,0.0,2283620.76
Tanker,156904.23,22368.19,16.96,7299.67,71.62,4,13.41,HFO,1569.7,4884.1,126.2,315.51,536367.15
Container,63294.04,57467.39,16.93,11376.61,89.24,4,15.11,VLSFO,7423.72,22097.45,152.19,1369.68,3652471.74
Bulk Carrier,45943.3,10115.38,11.24,3567.02,87.92,5,13.77,Ammonia,659.72,0.0,0.0,12.27,306768.07
Tanker,124564.71,41111.29,12.17,1470.53,89.75,7,14.1,Hydrogen,1036.86,0.0,0.0,0.0,4354802.19
Bulk Carrier,43922.84,18523.91,12.2,3392.38,63.85,3,13.27,Methanol,855.62,1149.31,0.0,13.62,255403.07
Container,68003.28,23269.73,18.43,1470.64,47.87,4,12.96,LNG,213.6,582.38,0.0,10.38,109001.14
Tanker,174476.78,38202.3,16.81,6931.25,85.38,5,13.96,Methanol,3661.78,4918.69,0.0,58.3,1093042.25
Tanker,185262.78,15261.42,14.24,10939.62,81.91,4,13.57,Ammonia,1871.29,0.0,0.0,34.81,870150.99
Bulk Carrier,89572.46,12482.48,15.28,4819.9,60.59,4,12.9,VLSFO,564.91,1681.5,11.58,104.23,277933.93
Tanker,151679.6,25607.12,16.63,7048.75,54.13,5,13.16,Hydrogen,1528.32,0.0,0.0,0.0,6418938.88
Bulk Carrier,61890.42,9475.83,15.7,10715.86,32.39,5,11.2,VLSFO,708.21,2108.06,14.52,130.67,348440.12
Bulk Carrier,77475.77,20584.51,15.31,6897.06,86.27,5,14.3,VLSFO,1858.11,5530.85,38.09,342.82,914190.75
Tanker,92030.6,44903.45,16.51,10853.09,72.74,8,13.46,Ammonia,5951.15,0.0,0.0,110.69,2767286.64
Tanker,126825.17,39806.86,14.49,3591.1,98.51,5,15.01,VLSFO,2138.77,6366.27,43.84,394.6,1052275.33
Container,79108.66,23900.83,18.72,10650.19,53.87,3,13.19,LNG,1660.21,4526.5,0.0,80.69,847205.86
Container,52912.09,23799.67,17.98,5132.68,82.82,5,14.04,Hydrogen,1175.48,0.0,0.0,0.0,4937004.79
Container,70220.36,30251.25,14.85,7218.55,97.24,5,14.89,VLSFO,3228.36,9609.53,66.18,595.63,1588351.51
Container,132531.46,32795.76,19.33,3381.51,47.11,5,12.18,Hydrogen,699.25,0.0,0.0,0.0,2936862.9
Bulk Carrier,44620.35,23595.18,14.32,3588.58,77.26,3,13.97,HFO,979.64,3048.13,78.76,196.91,334742.73
Container,135198.71,57836.9,16.61,3390.01,56.27,5,12.45,HFO,1813.28,5641.99,145.79,364.47,619598.4
Container,78959.73,38088.82,17.95,11182.84,45.28,4,12.86,LNG,2560.78,6981.88,0.0,124.45,1306768.42
Bulk Carrier,54063.67,23464.94,12.62,3505.59,97.06,5,14.26,LNG,1261.46,3439.33,0.0,61.31,643724.9
Bulk Carrier,79785.43,11801.3,11.04,5247.81,61.68,1,13.07,Ammonia,710.89,0.0,0.0,13.22,330565.72
Bulk Carrier,60982.43,11859.44,11.94,3643.6,94.68,4,14.89,Hydrogen,697.96,0.0,0.0,0.0,2931445.54
Bulk Carrier,79280.1,17061.04,12.89,10898.84,46.61,2,12.7,HFO,1620.6,5042.47,130.3,325.74,553759.73
Bulk Carrier,93075.07,13413.81,12.78,1482.18,44.43,3,11.73,Ammonia,165.81,0.0,0.0,3.08,77102.61
Tanker,97124.29,19059.6,13.03,7335.2,64.19,3,13.58,Hydrogen,1418.87,0.0,0.0,0.0,5959234.51
Bulk Carrier,54140.06,13091.21,13.71,5168.04,58.06,4,12.9,VLSFO,744.82,2217.04,15.27,137.42,366452.4
Tanker,197166.31,37422.7,14.93,1567.72,52.99,5,12.19,Hydrogen,537.61,0.0,0.0,0.0,2257965.14
Container,138375.31,57231.84,20.8,3381.23,50.54,4,12.92,Hydrogen,1134.32,0.0,0.0,0.0,4764132.6
Tanker,198942.99,20313.66,15.61,3614.25,36.63,3,12.14,Hydrogen,428.78,0.0,0.0,0.0,1800877.57
Tanker,151007.85,16141.82,12.66,7187.62,50.99,5,12.39,LNG,1141.69,3112.78,0.0,55.49,582606.38
Bulk Carrier,39399.55,11878.39,13.45,11313.0,69.82,4,14.12,HFO,1690.13,5258.79,135.89,339.72,577515.9
Bulk Carrier,32622.77,21234.74,14.17,7213.6,61.22,2,12.97,Ammonia,1393.76,0.0,0.0,25.92,648097.04
Bulk Carrier,89242.74,12505.93,15.57,4864.75,49.09,4,12.14,Ammonia,451.65,0.0,0.0,8.4,210015.16
Container,53900.82,54562.1,17.48,3349.59,50.98,7,12.98,Methanol,1746.66,2346.2,0.0,27.81,521377.94
Bulk Carrier,91340.59,23719.72,12.57,6910.64,52.02,4,12.2,HFO,1739.85,5413.52,139.88,349.71,594508.11
Tanker,167729.1,20781.06,12.05,3505.68,30.19,3,11.58,HFO,507.2,1578.15,40.78,101.95,173310.98
Container,130912.74,25039.57,17.03,10910.42,31.91,4,11.51,Hydrogen,1484.66,0.0,0.0,0.0,6235551.43
Tanker,144089.69,16951.28,16.37,3643.84,97.67,4,14.64,Ammonia,707.93,0.0,0.0,13.17,329185.97
Tanker,172460.0,28367.31,14.33,11408.92,76.13,2,13.8,HFO,3316.26,10318.48,266.63,666.57,1133166.2
Bulk Carrier,62543.92,18366.36,12.98,5198.43,96.68,5,15.01,Methanol,1761.91,2366.69,0.0,28.05,525930.05
Bulk Carrier,52833.01,24195.53,14.73,1460.88,91.8,4,14.38,HFO,493.67,1536.06,39.69,99.23,168688.57
Tanker,85248.98,20783.36,13.07,5177.75,71.17,3,13.1,VLSFO,1306.9,3890.11,26.79,241.12,642993.75
Tanker,96565.03,17295.97,14.98,6948.74,65.16,4,13.37,Hydrogen,1157.01,0.0,0.0,0.0,4859431.26
Bulk Carrier,92070.76,21135.2,11.79,10885.2,32.38,6,11.24,HFO,2189.52,6812.65,176.04,440.09,748159.58
Container,64428.39,58616.17,16.06,6705.96,69.82,5,13.32,LNG,3771.27,10282.23,0.0,183.28,1924481.13
Bulk Carrier,47249.24,17763.47,11.86,7075.75,82.21,4,14.59,Methanol,2147.36,2884.44,0.0,34.19,640986.84
Container,86881.73,51556.7,19.71,5134.71,36.09,2,12.09,LNG,1097.56,2992.44,0.0,53.34,560082.75
Bulk Carrier,59142.37,21739.44,11.59,3413.05,85.03,4,14.37,Methanol,1222.91,1642.68,0.0,19.47,365039.69
Bulk Carrier,81337.78,12443.67,13.19,1504.96,44.34,5,11.84,LNG,145.13,395.69,0.0,7.05,74060.5
Bulk Carrier,50407.22,14853.14,15.74,5235.13,83.18,4,14.39,Ammonia,870.52,0.0,0.0,16.19,404790.03
Tanker,101156.52,20728.93,16.42,4843.19,51.72,5,12.18,VLSFO,905.93,2696.59,18.57,167.14,445717.17
Bulk Carrier,52016.15,16805.79,11.19,4908.64,40.22,3,11.73,Hydrogen,705.68,0.0,0.0,0.0,2963836.76
Bulk Carrier,44344.28,12326.69,11.49,4763.76,64.5,2,13.26,HFO,749.65,2332.52,60.27,150.68,256155.34
Bulk Carrier,80930.46,12315.27,12.46,11059.07,31.22,1,11.06,Methanol,980.79,1317.45,0.0,15.61,292765.88
Tanker,139861.19,35685.18,15.82,3370.29,84.5,5,13.8,Ammonia,1387.53,0.0,0.0,25.81,645200.14
Container,141838.67,41010.34,22.58,6942.0,39.76,5,12.01,Methanol,1596.51,2144.52,0.0,25.42,476559.64
Container,57522.07,56339.69,18.23,10782.13,85.0,2,13.97,Methanol,6418.77,8622.02,0.0,102.19,1916004.08
Container,140400.74,56287.5,22.9,7100.58,63.35,1,12.71,HFO,2260.98,7034.99,181.78,454.46,772576.34
Tanker,100229.48,43928.43,14.18,3619.6,72.78,8,14.19,Ammonia,2291.81,0.0,0.0,42.63,1065690.3
Bulk Carrier,55866.23,23172.37,13.73,1512.19,85.63,8,14.5,Hydrogen,555.89,0.0,0.0,0.0,2334746.49
Tanker,93797.77,16846.35,14.59,10618.91,88.81,3,14.51,Hydrogen,2140.47,0.0,0.0,0.0,8989976.61
Container,112428.51,57527.41,15.84,7192.07,89.5,1,14.54,VLSFO,4380.79,13039.87,89.81,808.26,2155351.13
Bulk Carrier,76556.56,19732.39,11.44,4981.29,52.64,4,13.02,LNG,976.02,2661.08,0.0,47.43,498063.05
Bulk Carrier,44956.42,21705.2,15.2,10747.06,70.45,3,13.97,Methanol,2722.02,3656.36,0.0,43.33,812523.57
Tanker,136464.95,24687.28,12.51,3637.23,82.52,5,13.46,LNG,1169.49,3188.55,0.0,56.84,596788.21
Container,135372.36,22537.36,19.84,3340.63,32.04,5,11.59,HFO,367.04,1142.04,29.51,73.78,125417.51
Container,121366.3,24655.65,19.41,1516.92,56.42,1,12.24,Ammonia,210.77,0.0,0.0,3.92,98009.06
Tanker,113399.62,23554.89,12.57,11533.57,51.19,3,12.87,Hydrogen,2396.84,0.0,0.0,0.0,10066746.13
Container,123064.15,26477.58,21.44,7163.57,88.22,8,14.78,Ammonia,1874.58,0.0,0.0,34.87,871681.18
Tanker,166361.7,41159.29,14.6,1538.32,85.37,3,14.95,VLSFO,829.61,2469.41,17.01,153.06,408166.15
Container,87237.18,39315.35,19.87,3328.07,54.34,4,12.1,LNG,870.13,2372.37,0.0,42.29,444026.76
Bulk Carrier,94503.12,17888.27,11.5,6829.68,68.49,7,13.93,HFO,2114.6,6579.54,170.01,425.03,722559.31
Container,74860.2,42512.08,17.96,1450.87,88.89,3,14.98,Methanol,741.77,996.38,0.0,11.81,221417.78
Container,116642.26,33252.2,14.8,4928.28,81.23,2,13.59,Hydrogen,1698.43,0.0,0.0,0.0,7133426.48
Container,60876.37,42677.5,22.88,1436.95,77.65,5,14.08,Ammonia,501.82,0.0,0.0,9.33,233346.26
Container,89057.42,30880.7,17.99,7095.35,91.84,4,14.07,Methanol,2791.38,3749.52,0.0,44.44,833225.86
Container,91461.81,56014.46,23.5,7215.86,75.99,4,13.45,Methanol,3372.61,4530.25,0.0,53.69,1006722.72
Tanker,91039.48,26158.93,15.58,10922.15,46.97,5,12.96,Ammonia,2296.79,0.0,0.0,42.72,1068007.0
Tanker,111085.77,26792.33,15.87,11515.12,96.12,3,14.54,HFO,3862.28,12017.41,310.53,776.32,1319741.54
Container,135969.86,43940.4,18.44,7301.12,87.29,5,14.55,LNG,2911.31,7937.56,0.0,141.49,1485639.66
Container,131635.26,22057.95,21.91,3449.62,44.28,5,12.77,Hydrogen,430.49,0.0,0.0,0.0,1808050.01
Container,134645.87,23725.76,22.68,4881.99,57.05,2,12.37,Methanol,724.58,973.29,0.0,11.54,216286.2
Tanker,103028.87,30020.8,14.99,1493.32,33.88,3,12.22,HFO,260.71,811.2,20.96,52.4,89085.63
Tanker,98775.87,17568.22,15.12,3441.62,69.54,4,13.27,Hydrogen,635.62,0.0,0.0,0.0,2669618.21
Bulk Carrier,94174.75,14503.69,15.59,10566.83,96.99,2,15.13,LNG,1584.28,4319.47,0.0,77.0,808456.88
Container,79481.69,43400.64,22.92,5053.17,55.91,4,13.03,VLSFO,1339.48,3987.08,27.46,247.13,659021.75
Tanker,114466.38,19314.65,16.16,7122.73,97.03,4,15.09,VLSFO,1702.69,5068.22,34.91,314.15,837722.91
Bulk Carrier,54176.8,12980.7,13.62,4908.21,91.66,5,15.21,Ammonia,944.41,0.0,0.0,17.57,439150.17
Tanker,156358.72,24751.71,13.87,1463.54,60.82,4,13.27,Methanol,434.91,584.19,0.0,6.92,129820.84
Tanker,99898.09,27051.29,15.65,5001.91,30.92,4,11.44,HFO,775.66,2413.46,62.36,155.91,265044.42
Tanker,94037.64,42638.71,15.3,3471.39,48.69,2,12.8,VLSFO,1049.71,3124.56,21.52,193.67,516455.5
Container,82301.57,35268.89,15.99,4931.12,92.04,5,14.83,Methanol,2672.6,3589.97,0.0,42.55,797770.49
Tanker,135253.6,18523.39,13.18,5242.22,44.88,5,12.47,Ammonia,853.94,0.0,0.0,15.88,397082.26
Container,90954.58,20161.69,23.48,3656.11,47.07,6,12.19,Hydrogen,391.53,0.0,0.0,0.0,1644435.1
Container,96981.08,37401.22,17.05,11421.13,88.5,4,14.69,Methanol,5223.23,7016.11,0.0,83.15,1559135.09
Bulk Carrier,45037.8,17807.19,13.14,5044.21,81.36,3,14.03,LNG,1083.16,2953.2,0.0,52.64,552737.41
Tanker,113195.01,16691.17,15.03,4892.54,80.81,4,13.37,Ammonia,924.05,0.0,0.0,17.19,429683.85
Tanker,188883.35,19515.74,13.5,4943.03,55.09,3,12.59,Ammonia,807.88,0.0,0.0,15.03,375663.02
Container,88937.27,26381.19,15.42,4808.8,44.69,4,11.7,LNG,891.03,2429.36,0.0,43.3,454693.37
Bulk Carrier,56968.16,22522.25,12.01,1433.01,88.89,3,15.09,Hydrogen,473.65,0.0,0.0,0.0,1989327.61
Bulk Carrier,50538.91,11959.33,11.79,11065.33,85.17,6,14.34,Ammonia,2124.89,0.0,0.0,39.52,988072.76
Container,86171.89,22295.19,20.73,11358.52,82.16,4,14.71,Ammonia,2118.12,0.0,0.0,39.4,984925.02
Container,136155.17,51863.78,17.64,5095.51,89.22,3,14.04,HFO,2741.81,8531.07,220.44,551.1,936874.96
Tanker,149064.14,27229.53,16.38,1508.32,97.9,1,15.18,Ammonia,441.64,0.0,0.0,8.21,205360.97
Container,135883.97,20930.27,18.45,1444.59,45.45,3,11.74,LNG,164.32,448.01,0.0,7.99,83852.47
Bulk Carrier,68406.62,21534.41,12.83,1569.77,83.04,4,14.83,LNG,450.11,1227.22,0.0,21.88,229693.6
Container,54555.94,23256.46,23.45,3635.37,62.21,5,12.98,VLSFO,567.45,1689.07,11.63,104.69,279184.42
Container,143266.93,26254.68,19.87,6677.0,71.24,3,13.64,Hydrogen,1289.61,0.0,0.0,0.0,5416372.72
Container,125789.09,29100.88,17.62,5122.3,32.15,2,11.06,HFO,722.3,2247.41,58.07,145.18,246808.4
Container,133328.84,57027.46,21.4,5228.38,80.15,4,13.31,Ammonia,2229.0,0.0,0.0,41.46,1036486.02
Container,57760.82,54148.39,18.04,10583.61,68.3,2,13.36,Ammonia,4269.02,0.0,0.0,79.4,1985092.7
Container,137743.54,40434.18,22.83,5055.83,52.85,4,13.14,LNG,1085.51,2959.59,0.0,52.76,553933.43
Container,140182.77,58778.23,23.45,5053.76,36.05,1,12.16,Methanol,1304.49,1752.26,0.0,20.77,389391.33
Tanker,157321.37,36193.55,12.13,5154.28,38.47,4,11.48,VLSFO,1561.74,4648.67,32.02,288.14,768375.21
Container,89736.42,42948.99,17.44,4825.62,72.86,3,13.83,Ammonia,1760.57,0.0,0.0,32.75,818665.99
Bulk Carrier,65377.67,11661.38,15.06,5221.49,91.07,3,14.84,LNG,670.25,1827.41,0.0,32.57,342028.09
Container,94745.07,43534.61,20.58,5086.9,90.66,4,15.2,VLSFO,2139.12,6367.3,43.85,394.67,1052446.88
Container,124553.97,22157.07,19.5,7019.27,72.23,4,14.12,Hydrogen,1221.67,0.0,0.0,0.0,5131021.2
Tanker,145275.43,35553.49,12.51,1536.51,55.18,4,12.6,Hydrogen,617.55,0.0,0.0,0.0,2593710.44
Container,146468.2,31840.94,14.51,11318.48,48.6,3,12.51,LNG,2722.36,7422.41,0.0,132.31,1389220.73
Container,108261.49,38110.4,15.33,5243.47,59.29,3,12.34,LNG,1627.53,4437.39,0.0,79.1,830526.96
Bulk Carrier,41158.22,19264.11,12.24,5127.24,43.0,5,12.31,Hydrogen,932.08,0.0,0.0,0.0,3914740.5
Container,51815.92,25742.01,17.22,4754.98,75.07,2,13.62,Methanol,1322.79,1776.84,0.0,21.06,394853.41
Bulk Carrier,39941.83,9658.02,14.89,3368.33,46.46,4,12.45,HFO,252.9,786.89,20.33,50.83,86415.77
Bulk Carrier,32540.81,22620.83,13.05,11255.04,72.33,3,13.67,HFO,3134.24,9752.11,251.99,629.98,1070968.25
Tanker,87774.62,30965.09,15.6,5009.44,66.59,3,12.79,VLSFO,1403.97,4179.05,28.78,259.03,690752.13
Tanker,140191.65,41037.39,13.75,11329.68,98.47,5,14.8,HFO,7872.55,24495.29,632.95,1582.38,2690051.48
Tanker,110323.71,44630.88,12.97,10625.84,42.88,1,12.7,VLSFO,3504.35,10431.04,71.84,646.55,1724139.13
Tanker,171928.11,22174.9,15.66,5159.4,55.33,4,13.17,Ammonia,947.54,0.0,0.0,17.62,440605.83
Container,124966.8,46912.72,21.59,4970.77,82.7,5,14.46,Hydrogen,1958.4,0.0,0.0,0.0,8225284.43
Container,58728.79,58971.5,19.59,11228.92,47.61,4,12.0,Hydrogen,3977.46,0.0,0.0,0.0,16705344.43
Bulk Carrier,55205.51,15580.57,14.69,7227.98,59.33,4,13.38,Hydrogen,1072.3,0.0,0.0,0.0,4503671.08
Container,57189.55,30990.08,21.32,1452.98,38.78,3,11.81,Ammonia,205.11,0.0,0.0,3.82,95378.25
Container,130071.27,56736.44,17.37,4817.54,87.75,7,14.79,Ammonia,3400.42,0.0,0.0,63.25,1581193.06
Bulk Carrier,55212.25,11915.85,14.88,3402.8,49.23,5,12.73,LNG,297.76,811.82,0.0,14.47,151944.67
Bulk Carrier,95307.87,8293.11,13.86,10826.63,85.44,3,13.85,HFO,1213.03,3774.33,97.53,243.82,414494.0
Bulk Carrier,41971.37,14625.51,12.94,11135.47,65.85,5,13.57,Ammonia,2011.01,0.0,0.0,37.4,935119.49
Tanker,91546.35,44194.39,16.08,1459.56,98.21,3,14.23,LNG,728.49,1986.2,0.0,35.4,371749.05
Tanker,147103.65,20535.29,12.43,11008.51,46.74,2,12.64,Hydrogen,1806.04,0.0,0.0,0.0,7585357.16
Bulk Carrier,39432.84,13279.11,11.67,7247.86,47.42,4,12.7,LNG,881.63,2403.73,0.0,42.85,449895.91
Container,122668.59,28153.77,17.83,1480.0,77.83,5,13.68,LNG,393.11,1071.79,0.0,19.11,200602.62
Bulk Carrier,31820.16,10158.63,14.32,5132.32,52.42,2,12.24,VLSFO,431.59,1284.68,8.85,79.63,212343.39
Tanker,119967.86,33691.24,12.01,6937.5,53.97,5,13.03,LNG,2328.83,6349.46,0.0,113.18,1188401.96
Bulk Carrier,69245.57,12356.84,13.42,3364.47,72.18,3,13.61,Hydrogen,477.16,0.0,0.0,0.0,2004085.09
Tanker,144857.3,28057.16,12.53,5118.01,93.01,3,14.3,LNG,1957.29,5336.48,0.0,95.12,998806.12
Container,130764.13,59380.31,23.92,3382.45,43.97,3,11.75,HFO,951.8,2961.51,76.52,191.31,325229.89
Container,50638.71,39772.76,16.49,1430.85,37.27,2,11.89,LNG,273.44,745.51,0.0,13.29,139534.67
Container,138208.88,45891.16,16.35,10550.52,54.92,2,12.37,LNG,3020.52,8235.33,0.0,146.8,1541372.75
Bulk Carrier,72787.65,13616.46,14.03,4906.23,89.43,2,14.31,LNG,725.4,1977.77,0.0,35.25,370169.95
Tanker,118797.51,39690.26,16.31,1498.94,56.07,4,12.59,Methanol,585.31,786.21,0.0,9.32,174714.35
Tanker,128484.84,17146.59,16.97,1508.54,92.88,3,14.83,Methanol,306.3,411.44,0.0,4.88,91430.2
Bulk Carrier,68190.08,11000.05,12.66,6943.18,71.26,5,13.6,Methanol,1257.02,1688.49,0.0,20.01,375218.99
Tanker,115637.1,22723.03,16.69,3477.04,95.36,1,15.18,Methanol,938.31,1260.39,0.0,14.94,280086.99
Tanker,88912.88,16098.71,14.44,11426.5,79.72,4,14.66,Ammonia,2084.04,0.0,0.0,38.76,969080.7
Tanker,116947.88,23124.07,16.47,6760.38,84.29,5,14.04,Ammonia,1766.71,0.0,0.0,32.86,821521.64
Bulk Carrier,90079.5,12724.38,12.95,1540.44,93.9,5,14.69,VLSFO,327.02,973.42,6.7,60.34,160895.49
Container,95253.19,23154.41,18.77,10455.93,49.03,2,12.13,Methanol,1587.36,2132.23,0.0,25.27,473828.16
Bulk Carrier,95597.35,22479.0,11.19,4879.96,52.35,4,13.25,Ammonia,1173.41,0.0,0.0,21.83,545637.08
Tanker,152629.03,24809.31,12.92,4877.3,72.69,4,13.99,Hydrogen,1441.41,0.0,0.0,0.0,6053907.75
Container,84500.22,57902.32,15.63,10774.66,64.93,2,13.72,Methanol,6239.91,8381.76,0.0,99.34,1862613.97
Container,87851.24,52132.88,15.47,7345.31,63.76,4,12.55,LNG,3160.75,8617.65,0.0,153.61,1612930.05
Container,72394.76,41309.45,15.15,1513.47,50.17,5,12.71,Hydrogen,531.8,0.0,0.0,0.0,2233561.79
Bulk Carrier,56654.93,9283.05,11.49,4902.09,43.05,4,11.65,LNG,379.7,1035.24,0.0,18.45,193762.42
Bulk Carrier,46017.55,10216.67,11.43,4942.79,86.73,3,14.01,Ammonia,698.28,0.0,0.0,12.99,324701.54
Container,129544.02,53424.54,16.02,7072.01,81.66,2,14.77,LNG,3733.64,10179.62,0.0,181.45,1905277.36
Bulk Carrier,84351.57,13215.72,15.01,10531.07,56.11,5,12.92,LNG,1211.81,3303.95,0.0,58.89,618386.9
Tanker,183417.51,29595.6,15.73,7192.09,47.27,5,12.94,LNG,1460.01,3980.65,0.0,70.96,745042.15
Bulk Carrier,75262.46,16544.59,13.34,6674.6,87.18,2,15.07,HFO,1404.63,4370.48,112.93,282.33,479962.65
Tanker,177442.87,43948.62,16.52,3517.17,63.79,5,12.98,Ammonia,1522.93,0.0,0.0,28.33,708162.01
Tanker,93331.0,42240.9,16.77,11499.58,70.23,4,13.15,VLSFO,4492.04,13371.0,92.09,828.78,2210082.48
Bulk Carrier,75315.09,18295.52,13.78,3541.45,90.63,4,14.97,HFO,858.08,2669.9,68.99,172.47,293206.26
Container,87416.02,56407.98,21.91,3602.76,93.04,1,15.29,Ammonia,1559.47,0.0,0.0,29.01,725154.57
Tanker,146992.7,38524.51,12.76,11516.87,47.35,5,12.7,LNG,3992.13,10884.4,0.0,194.02,2037186.23
Container,113264.34,50111.85,23.2,3376.85,55.39,4,13.31,HFO,1017.12,3164.73,81.78,204.44,347548.33
Container,125460.8,20922.01,18.11,5164.84,88.02,3,14.37,Ammonia,1101.64,0.0,0.0,20.49,512264.82
Tanker,147818.98,21475.3,13.89,1429.09,63.07,5,12.93,VLSFO,326.67,972.37,6.7,60.27,160722.39
Bulk Carrier,33919.08,9512.95,12.84,1555.74,81.18,5,14.2,VLSFO,216.67,644.93,4.44,39.98,106600.25
Bulk Carrier,30625.23,20187.4,11.15,7322.84,94.85,1,15.48,Methanol,2775.93,3728.76,0.0,44.19,828613.92
Tanker,136859.87,32093.26,14.37,11266.62,43.12,5,12.27,Ammonia,2871.78,0.0,0.0,53.42,1335380.01
Bulk Carrier,89037.04,14422.86,12.61,7305.42,87.2,3,13.81,VLSFO,1530.85,4556.74,31.38,282.44,753180.53
Container,111765.71,32676.66,14.32,6989.85,86.26,4,13.79,Hydrogen,2712.57,0.0,0.0,0.0,11392801.32
Bulk Carrier,36867.4,11641.62,11.37,1559.49,83.08,5,14.23,LNG,270.35,737.11,0.0,13.14,137961.83
Tanker,92508.45,35053.39,14.83,5147.3,95.63,5,14.39,VLSFO,2618.83,7795.21,53.69,483.17,1288464.99
Container,101584.74,55313.41,16.77,1483.99,76.02,4,13.33,VLSFO,906.26,2697.56,18.58,167.2,445878.31
Bulk Carrier,45394.27,16494.92,13.73,1444.56,86.58,5,14.83,Hydrogen,330.55,0.0,0.0,0.0,1388310.34
Bulk Carrier,74290.45,22039.32,11.23,6836.0,67.29,5,12.99,Ammonia,2245.88,0.0,0.0,41.77,1044334.03
Container,68147.63,21740.87,15.9,6651.07,33.81,1,12.12,HFO,835.85,2600.74,67.2,168.01,285611.34
Bulk Carrier,32428.55,13943.75,15.27,6651.61,85.48,3,14.68,Ammonia,1073.95,0.0,0.0,19.98,499385.05
Container,120527.3,44248.27,22.16,3575.27,67.16,3,13.22,Hydrogen,962.66,0.0,0.0,0.0,4043180.57
Container,141681.99,57026.05,20.26,11021.86,37.66,5,11.71,VLSFO,3491.39,10392.47,71.57,644.16,1717763.99
Bulk Carrier,39904.85,15876.37,11.85,3482.18,53.51,2,12.83,Hydrogen,553.09,0.0,0.0,0.0,2322969.77
Tanker,90178.93,20593.39,15.85,6668.97,61.5,3,13.06,HFO,1160.37,3610.48,93.29,233.24,396499.58
Bulk Carrier,81498.47,11998.65,15.34,10586.02,73.92,1,13.52,Ammonia,1180.21,0.0,0.0,21.95,548799.07
Tanker,103290.2,42749.4,12.22,10538.44,92.15,4,14.58,VLSFO,7321.42,21792.94,150.09,1350.8,3602138.09
Container,112760.13,44989.87,19.55,6899.19,61.57,2,12.97,Methanol,2410.84,3238.36,0.0,38.38,719636.3
Tanker,192226.2,39593.54,12.9,4889.14,48.89,3,12.71,VLSFO,1863.63,5547.28,38.2,343.84,916905.93
Bulk Carrier,54539.75,22150.56,14.87,5092.95,63.89,7,13.27,Hydrogen,1338.26,0.0,0.0,0.0,5620692.52
Bulk Carrier,35172.28,14099.06,13.23,3515.73,96.67,4,15.51,Ammonia,757.07,0.0,0.0,14.08,352036.06
Tanker,144399.53,20490.3,14.98,6838.28,74.73,4,13.82,VLSFO,1691.55,5035.06,34.68,312.09,832241.31
Container,71266.81,23110.62,20.13,10837.11,74.17,5,13.46,Hydrogen,2096.74,0.0,0.0,0.0,8806316.26
Container,112048.11,31946.13,18.35,1429.8,68.41,2,12.93,HFO,340.62,1059.84,27.39,68.47,116391.2
Bulk Carrier,76531.14,11993.82,14.05,6926.01,92.5,3,14.77,LNG,999.5,2725.1,0.0,48.58,510046.14
Container,67510.33,25414.99,21.84,1454.71,90.35,5,14.89,VLSFO,352.22,1048.42,7.22,64.98,173292.3
Bulk Carrier,74609.89,15928.34,13.86,1437.17,78.82,3,13.84,Methanol,317.1,425.94,0.0,5.05,94653.5
Container,96462.48,23315.79,22.41,11417.95,93.3,5,14.28,Ammonia,2411.16,0.0,0.0,44.85,1121189.17
Tanker,125741.81,20568.48,15.81,10888.75,63.93,3,13.65,Ammonia,1989.43,0.0,0.0,37.0,925085.73
Bulk Carrier,35423.87,13624.98,15.12,4789.97,65.71,3,12.87,LNG,529.2,1442.83,0.0,25.72,270049.08
Bulk Carrier,70516.02,20549.01,15.52,1434.86,70.12,3,13.26,Ammonia,281.07,0.0,0.0,5.23,130699.35
Container,89898.01,54938.58,22.68,1521.57,83.59,3,13.81,VLSFO,604.77,1800.17,12.4,111.58,297548.46
Container,64806.77,47497.04,14.65,10600.91,52.84,2,12.6,Hydrogen,4165.07,0.0,0.0,0.0,17493299.19
Container,129105.73,36628.09,20.82,5071.7,82.51,4,14.5,Ammonia,1485.03,0.0,0.0,27.62,690540.72
Bulk Carrier,57330.99,11107.51,12.2,1470.17,45.75,5,12.25,HFO,176.2,548.26,14.17,35.42,60209.13
Container,134636.7,24206.53,22.54,10493.66,31.8,3,11.51,VLSFO,1009.11,3003.73,20.69,186.18,496483.92
Tanker,142837.67,16322.02,13.96,7303.12,72.69,6,13.61,VLSFO,1651.32,4915.31,33.85,304.67,812448.56
Container,129498.41,36830.07,18.27,5052.2,49.28,4,13.03,HFO,1339.45,4167.66,107.69,269.23,457689.25
Bulk Carrier,92945.92,18579.11,13.09,10520.88,41.55,2,11.65,LNG,1359.29,3706.06,0.0,66.06,693647.08
Tanker,127168.04,16427.81,14.26,1460.41,32.71,3,11.96,HFO,140.45,436.99,11.29,28.23,47990.4
Bulk Carrier,38235.27,11936.45,15.97,6904.89,92.94,5,14.51,VLSFO,1075.77,3202.13,22.05,198.48,529277.87
Bulk Carrier,66316.19,22485.76,11.44,7017.99,79.41,3,13.37,VLSFO,2419.95,7203.23,49.61,446.48,1190616.91
Tanker,109358.36,35839.94,12.56,3357.65,92.0,5,14.05,Hydrogen,1758.8,0.0,0.0,0.0,7386977.27
Container,78360.98,26224.98,21.81,3481.57,60.25,4,13.25,Ammonia,590.28,0.0,0.0,10.98,274480.72
Tanker,104828.71,18347.98,12.06,1520.77,32.07,4,11.24,Methanol,255.07,342.62,0.0,4.06,76138.35
Bulk Carrier,43170.77,20064.69,15.08,11532.53,42.33,4,12.11,Ammonia,1582.41,0.0,0.0,29.43,735821.55
Tanker,91740.05,30594.79,14.94,11191.44,70.51,4,13.84,VLSFO,3674.17,10936.53,75.32,677.88,1807691.39
Container,139931.31,44517.02,18.07,10718.42,91.67,7,15.01,HFO,6238.13,19409.81,501.55,1253.86,2131568.09
Container,92367.07,50913.87,19.21,7190.65,43.01,4,12.03,LNG,1932.08,5267.74,0.0,93.9,985939.95
Tanker,186871.7,27072.64,13.58,3600.47,41.24,3,12.56,Ammonia,710.6,0.0,0.0,13.22,330427.27
Bulk Carrier,80209.8,24867.58,14.6,5076.85,69.78,2,13.14,VLSFO,1253.41,3730.91,25.69,231.25,616678.54
Bulk Carrier,65594.62,18482.27,15.63,3456.68,48.98,4,12.23,Methanol,580.15,779.29,0.0,9.24,173174.55
Container,92397.1,36154.02,19.33,7062.65,52.14,3,12.74,Ammonia,1601.82,0.0,0.0,29.79,744848.13
Tanker,131382.89,16094.85,14.67,10580.59,68.46,7,13.34,Hydrogen,1973.78,0.0,0.0,0.0,8289891.13
Tanker,164564.31,20285.07,12.67,3466.45,30.53,3,12.0,Ammonia,421.04,0.0,0.0,7.83,195784.56
Bulk Carrier,47339.84,19159.78,13.09,3577.63,49.04,3,12.14,Methanol,734.45,986.55,0.0,11.69,219233.88
Bulk Carrier,69680.26,21796.85,13.26,7276.84,31.13,4,11.51,Hydrogen,1081.52,0.0,0.0,0.0,4542377.4
Container,132479.95,44842.94,18.65,11487.12,90.66,4,14.68,VLSFO,5330.72,15867.42,109.28,983.52,2622713.48
Container,65231.73,38872.99,18.55,5204.62,81.49,4,13.78,LNG,1762.28,4804.78,0.0,85.65,899290.61
Tanker,96805.03,38405.62,16.09,5226.62,36.42,4,11.71,HFO,1333.44,4148.99,107.21,268.02,455638.14
Bulk Carrier,58637.97,24956.61,13.14,1533.87,56.32,5,13.3,HFO,401.16,1248.21,32.25,80.63,137077.48
Tanker,162143.57,27870.52,14.23,4825.49,33.38,4,11.18,Hydrogen,871.85,0.0,0.0,0.0,3661785.16
Container,66916.63,51029.29,17.52,10892.03,94.37,5,14.01,Ammonia,6035.72,0.0,0.0,112.26,2806610.78
Tanker,128767.76,26636.97,16.78,10740.96,86.79,7,15.04,VLSFO,3903.93,11620.43,80.03,720.27,1920731.44
Container,65781.31,32763.05,18.31,1556.67,94.97,4,15.46,HFO,516.36,1606.65,41.52,103.79,176441.02
Bulk Carrier,52012.57,15514.42,11.2,4765.61,89.34,3,14.54,Hydrogen,1156.76,0.0,0.0,0.0,4858408.49
Bulk Carrier,82076.78,16515.97,14.08,5045.42,38.53,4,12.28,Methanol,687.9,924.02,0.0,10.95,205338.87
Container,95664.13,26911.28,20.16,6903.93,84.05,4,13.61,LNG,1593.27,4344.0,0.0,77.43,813047.36
Tanker,171943.08,38672.03,16.99,1431.14,62.17,4,12.51,VLSFO,480.84,1431.26,9.86,88.71,236571.41
Bulk Carrier,96291.4,19687.69,15.77,1452.25,75.49,3,14.2,Hydrogen,286.84,0.0,0.0,0.0,1204722.18
Container,77297.97,28650.46,22.47,7278.48,41.07,7,11.86,HFO,1260.66,3922.51,101.36,253.39,430766.76
Tanker,142606.12,27383.75,13.3,1466.77,48.28,4,12.59,Ammonia,360.97,0.0,0.0,6.71,167849.94
Tanker,118581.6,15157.82,16.61,4792.75,94.23,2,14.9,Hydrogen,772.52,0.0,0.0,0.0,3244566.91
Bulk Carrier,51451.49,12622.13,13.69,7153.82,75.88,3,13.53,Methanol,1192.42,1601.72,0.0,18.98,355937.04
Container,119268.49,58551.71,15.78,3498.63,76.13,6,13.36,Methanol,2807.69,3771.43,0.0,44.7,838094.72
Bulk Carrier,59088.76,9242.12,11.02,6794.35,69.01,8,13.64,Hydrogen,1056.96,0.0,0.0,0.0,4439237.44
Container,86730.91,48397.7,17.9,4939.55,67.25,4,12.7,VLSFO,2157.54,6422.14,44.23,398.07,1061509.92
Bulk Carrier,75871.37,15866.33,12.22,6967.01,37.88,7,11.42,Ammonia,986.25,0.0,0.0,18.34,458605.23
Bulk Carrier,48826.89,20519.6,14.9,1504.61,81.75,4,14.4,Methanol,420.6,564.97,0.0,6.7,125548.17
Container,132858.0,33302.77,16.92,3622.3,44.23,6,11.81,Methanol,1097.12,1473.71,0.0,17.47,327491.25
Container,129280.1,32766.47,18.1,1477.84,43.66,4,11.64,Hydrogen,310.93,0.0,0.0,0.0,1305924.7
Bulk Carrier,73107.68,9181.27,14.64,3581.19,43.04,4,12.72,LNG,230.05,627.21,0.0,11.18,117392.72
Container,89059.04,54100.39,21.99,6815.0,70.41,4,13.94,LNG,2506.03,6832.6,0.0,121.79,1278828.46
Bulk Carrier,96885.27,20245.2,13.74,11520.46,71.39,3,13.69,LNG,2237.98,6101.77,0.0,108.77,1142043.3
Container,63795.87,25885.21,18.87,5008.67,80.66,5,14.23,Hydrogen,1221.05,0.0,0.0,0.0,5128422.02
Tanker,121107.34,42151.77,14.69,1566.23,31.47,8,11.37,Methanol,586.87,788.32,0.0,9.34,175181.28
Bulk Carrier,69065.79,16903.84,14.32,3410.25,45.59,2,11.81,Ammonia,419.59,0.0,0.0,7.8,195110.29
Tanker,169430.87,27049.52,15.23,11346.46,42.77,4,12.58,HFO,2318.84,7215.02,186.43,466.09,792346.98
Tanker,175160.76,25977.64,14.23,5208.15,36.1,4,11.34,VLSFO,1035.74,3082.99,21.23,191.09,509585.79
Tanker,108496.13,21099.64,16.12,3477.4,54.96,3,12.12,Hydrogen,544.14,0.0,0.0,0.0,2285370.87
Bulk Carrier,72680.92,14114.51,11.61,4772.1,90.52,7,14.08,Ammonia,1197.22,0.0,0.0,22.27,556709.21
Tanker,124856.41,21434.36,15.1,7001.46,75.66,3,13.99,LNG,1396.95,3808.72,0.0,67.89,712861.88
Tanker,109515.95,19319.61,15.87,3651.83,32.76,4,11.2,Methanol,461.54,619.96,0.0,7.35,137768.6
Bulk Carrier,78615.6,18309.61,14.98,4931.53,30.4,4,12.08,LNG,517.98,1412.24,0.0,25.17,264323.37
Container,104537.27,50517.85,19.62,1489.9,68.31,8,13.8,VLSFO,815.96,2428.78,16.73,150.54,401451.82
Bulk Carrier,81293.04,10813.28,12.15,3603.24,88.29,3,14.11,LNG,519.11,1415.34,0.0,25.23,264903.87
Bulk Carrier,46742.53,22709.94,12.92,1551.39,98.65,6,14.54,Methanol,708.38,951.54,0.0,11.28,211452.78
Bulk Carrier,66332.79,20584.42,12.71,4771.71,58.21,4,12.53,Ammonia,1072.69,0.0,0.0,19.95,498799.83
Container,80777.44,34760.68,23.46,1530.13,92.68,4,15.13,Ammonia,431.69,0.0,0.0,8.03,200736.09
Tanker,144231.92,23319.6,16.48,6839.1,30.55,3,11.65,Ammonia,837.81,0.0,0.0,15.58,389581.12
Tanker,166857.72,41326.87,12.44,6845.88,76.79,1,13.9,HFO,3567.64,11100.63,286.84,717.1,1219061.94
Tanker,177245.7,34399.9,12.83,4949.42,49.75,6,13.1,HFO,1890.9,5883.5,152.03,380.07,646120.39
Tanker,140783.53,35176.98,14.89,10820.7,89.99,3,13.81,HFO,4797.71,14927.99,385.74,964.34,1639378.24
Container,68007.62,41484.59,18.57,1449.1,91.49,7,14.33,Ammonia,674.29,0.0,0.0,12.54,313543.55
Tanker,136367.88,44972.8,15.67,4800.97,53.31,5,12.05,LNG,1666.37,4543.29,0.0,80.99,850348.12
Container,54188.21,26621.18,16.64,5164.38,59.49,2,12.72,Methanol,1156.32,1553.23,0.0,18.41,345161.98
Bulk Carrier,56172.97,22442.3,14.08,3549.05,82.24,3,14.54,VLSFO,1047.03,3116.59,21.46,193.18,515139.37
Bulk Carrier,47883.8,22277.51,14.61,4870.13,47.89,5,12.52,Ammonia,982.68,0.0,0.0,18.28,456946.7
Tanker,92576.9,29631.92,12.79,1443.4,72.74,2,13.87,Hydrogen,498.19,0.0,0.0,0.0,2092410.55
Container,79089.66,57686.19,15.72,7171.21,84.43,7,14.89,Ammonia,5149.75,0.0,0.0,95.79,2394632.11
Tanker,151462.82,44041.91,12.13,1485.63,42.17,2,11.88,Methanol,648.73,871.41,0.0,10.33,193646.41
Container,137988.44,59174.38,14.66,1536.56,73.14,4,14.09,Hydrogen,992.25,0.0,0.0,0.0,4167434.7
Bulk Carrier,84623.45,22481.22,15.39,6688.7,88.21,3,14.86,LNG,1539.13,4196.37,0.0,74.8,785416.92
Bulk Carrier,85045.84,15694.82,14.2,3478.59,87.79,7,15.02,Ammonia,795.3,0.0,0.0,14.79,369814.62
Tanker,130308.79,21609.57,12.45,3495.92,78.19,4,13.62,VLSFO,1055.95,3143.13,21.65,194.82,519525.05
Container,76475.2,29822.26,21.85,3403.63,56.41,4,13.01,Hydrogen,592.33,0.0,0.0,0.0,2487782.59
Container,141918.54,39064.88,23.51,1535.69,44.48,4,11.81,Ammonia,262.62,0.0,0.0,4.88,122116.75
Bulk Carrier,41592.24,8778.52,12.41,5214.62,40.1,4,11.79,Methanol,477.91,641.95,0.0,7.61,142656.11
Container,57591.69,31204.86,21.01,11368.49,82.37,3,14.1,Methanol,3236.58,4347.53,0.0,51.53,966117.83
Container,129839.33,21190.44,21.76,6661.79,37.89,3,12.27,Ammonia,597.19,0.0,0.0,11.11,277693.39
Container,71222.43,26922.16,14.5,10787.28,32.78,5,11.52,Ammonia,2021.26,0.0,0.0,37.6,939883.8
Bulk Carrier,72219.14,19668.82,15.62,1481.41,67.15,4,13.58,Methanol,318.57,427.92,0.0,5.07,95093.06
Container,67112.74,54349.71,20.67,6750.82,78.15,3,13.81,Hydrogen,2898.2,0.0,0.0,0.0,12172435.01
Container,136649.03,23633.06,14.34,10567.46,54.85,3,12.93,Ammonia,2046.94,0.0,0.0,38.07,951825.78
Bulk Carrier,78490.02,23975.41,13.04,6856.01,45.72,4,12.18,Hydrogen,1418.44,0.0,0.0,0.0,5957461.13
Tanker,171619.24,37053.58,12.38,6736.34,63.64,3,13.31,LNG,2678.77,7303.55,0.0,130.19,1366975.53
Tanker,115455.61,17423.96,16.76,1553.5,48.16,5,11.94,Methanol,233.5,313.65,0.0,3.72,69700.2
Container,116488.45,54192.02,22.11,11174.43,39.39,5,11.41,HFO,3059.3,9518.96,245.97,614.92,1045364.17
Tanker,131402.4,32175.52,12.64,4820.51,70.17,3,13.81,HFO,1919.53,5972.57,154.33,385.83,655902.65
Tanker,142028.0,28851.04,14.48,10857.38,39.41,2,11.98,LNG,1828.69,4985.84,0.0,88.87,933178.45
Tanker,90533.39,22418.58,15.85,3578.56,36.77,5,11.76,Ammonia,508.73,0.0,0.0,9.46,236558.97
Container,59573.69,41560.9,19.25,1569.49,56.25,4,13.09,Ammonia,450.85,0.0,0.0,8.39,209647.17
Container,86054.19,32666.56,17.04,5176.3,62.21,3,13.16,Hydrogen,1354.96,0.0,0.0,0.0,5690812.48
Container,100131.57,46079.2,22.41,3506.74,34.73,4,11.71,VLSFO,723.08,2152.31,14.82,133.41,355754.51
Bulk Carrier,98002.15,17633.39,12.4,10801.22,37.11,4,11.92,VLSFO,1506.98,4485.68,30.89,278.04,741434.11
Container,94169.28,50828.76,19.33,3454.69,40.67,5,11.48,Ammonia,1028.27,0.0,0.0,19.13,478147.78
Tanker,182287.24,28944.68,12.88,4956.94,36.4,5,12.08,LNG,1147.14,3127.62,0.0,55.75,585384.28
Tanker,102140.45,26480.35,13.73,4949.36,96.83,2,14.76,LNG,1537.62,4192.27,0.0,74.73,784650.0
Bulk Carrier,54530.0,11566.38,14.5,10656.11,57.25,7,13.32,Hydrogen,1383.64,0.0,0.0,0.0,5811306.78
Container,102952.83,24077.78,18.13,5076.97,95.29,5,14.23,Ammonia,1309.41,0.0,0.0,24.36,608877.57
Container,83653.8,44288.41,21.62,3549.55,85.47,8,13.67,LNG,1602.53,4369.23,0.0,77.88,817770.13
Tanker,164073.12,38031.0,12.41,1484.35,65.2,4,13.25,Methanol,756.78,1016.55,0.0,12.05,225900.08
Bulk Carrier,30056.5,10537.11,13.66,3493.95,96.23,3,14.35,Hydrogen,493.67,0.0,0.0,0.0,2073410.27
Bulk Carrier,68812.09,21302.19,13.87,3489.14,39.56,2,11.77,HFO,519.76,1617.23,41.79,104.47,177602.85
Container,90516.67,23400.5,19.07,5203.96,46.28,3,12.21,HFO,736.7,2292.23,59.23,148.08,251730.26
Container,139657.45,20662.09,23.09,1540.68,70.6,3,13.04,Hydrogen,217.5,0.0,0.0,0.0,913497.58
Tanker,110556.7,26551.43,15.23,1474.36,41.73,4,12.46,VLSFO,266.98,794.69,5.47,49.26,131353.44
Container,106905.73,56245.26,21.5,4966.42,47.29,4,12.48,LNG,1374.71,3748.09,0.0,66.81,701514.97
Tanker,184795.27,17124.02,15.63,1440.08,74.95,1,14.11,Hydrogen,209.69,0.0,0.0,0.0,880692.82
Bulk Carrier,61783.64,21016.69,15.65,3391.72,72.75,3,13.99,Ammonia,654.13,0.0,0.0,12.17,304169.46
Tanker,151462.72,39292.12,15.06,1482.68,92.83,4,14.22,HFO,768.54,2391.31,61.79,154.48,262611.56
Bulk Carrier,31197.61,8474.25,11.87,3580.27,95.18,5,14.28,LNG,463.24,1263.0,0.0,22.51,236390.65
Tanker,165966.67,31052.92,15.8,7090.16,83.27,3,14.12,HFO,2292.03,7131.6,184.28,460.7,783186.45
Tanker,99921.44,28642.84,16.37,3471.06,43.28,1,11.93,Methanol,693.27,931.23,0.0,11.04,206940.89
Container,114028.28,21599.93,19.24,7143.36,48.22,4,12.22,HFO,973.64,3029.45,78.28,195.7,332691.92
Container,126962.63,22303.22,19.67,1545.29,38.23,5,11.39,VLSFO,208.38,620.26,4.27,38.45,102521.6
Tanker,158028.44,32545.11,15.21,7079.17,74.17,3,13.49,Ammonia,2211.64,0.0,0.0,41.14,1028411.89
Container,96891.06,37762.52,14.04,3343.91,76.46,6,13.13,LNG,1538.14,4193.67,0.0,74.75,784910.97
Tanker,176596.7,25617.97,12.34,11534.5,36.15,6,12.07,Methanol,3280.22,4406.16,0.0,52.22,979146.76
Tanker,159059.54,15358.41,16.11,6956.23,31.17,5,12.09,HFO,665.13,2069.54,53.48,133.69,227274.93
Tanker,114142.31,15060.84,15.58,4802.29,50.97,4,12.15,HFO,608.45,1893.19,48.92,122.3,207908.43
Tanker,149563.8,41288.62,12.82,11135.57,54.06,3,12.79,Ammonia,4102.98,0.0,0.0,76.32,1907884.69
Container,134507.57,33467.7,14.47,4939.12,84.53,6,14.13,Methanol,2799.94,3761.01,0.0,44.57,835781.01
Container,69179.82,50365.06,19.7,6828.5,69.57,4,12.83,HFO,2810.42,8744.55,225.96,564.89,960319.21
Container,83343.35,42586.56,18.31,3475.96,97.07,3,15.41,Methanol,1675.07,2250.03,0.0,26.67,500007.46
Container,85185.78,25820.87,19.35,3345.84,71.88,2,13.45,Methanol,758.21,1018.47,0.0,12.07,226325.87
Tanker,90693.09,39010.57,15.69,3461.27,69.75,4,13.15,Methanol,1574.91,2115.49,0.0,25.07,470109.42
Bulk Carrier,82010.3,15831.14,14.21,1477.95,69.57,4,13.13,VLSFO,260.96,776.79,5.35,48.15,128394.67
Container,57323.77,48972.73,23.04,7098.51,49.05,4,11.98,Hydrogen,1754.94,0.0,0.0,0.0,7370746.32
Container,139277.93,52845.22,17.36,7252.97,87.43,6,14.25,VLSFO,4718.93,14046.37,96.74,870.64,2321714.54
Tanker,113435.45,33666.75,15.61,4924.34,87.53,5,14.79,HFO,2265.16,7048.0,182.12,455.3,774005.62
Tanker,123570.55,31157.92,13.82,10581.34,89.08,4,14.75,Ammonia,4373.16,0.0,0.0,81.34,2033520.61
Container,79220.55,48566.32,23.16,1525.53,57.39,5,12.44,HFO,508.28,1581.51,40.87,102.16,173679.87
Tanker,97277.81,36861.71,12.54,11042.96,76.08,4,13.83,Hydrogen,5106.96,0.0,0.0,0.0,21449245.17
Container,70225.41,41798.62,17.38,6824.94,73.15,4,13.09,Methanol,2916.12,3917.08,0.0,46.42,870463.06
Bulk Carrier,89112.82,19233.39,12.95,11531.65,60.25,7,12.92,Ammonia,2918.12,0.0,0.0,54.28,1356924.17
Tanker,97349.34,29091.51,12.37,3476.01,31.63,5,11.4,HFO,871.55,2711.81,70.07,175.18,297809.05
Container,101359.47,49507.96,14.33,7185.57,96.99,7,14.87,LNG,5111.28,13935.71,0.0,248.41,2608287.11
Tanker,185605.06,38876.04,12.72,1574.8,30.23,4,11.86,Hydrogen,398.09,0.0,0.0,0.0,1671964.04
Bulk Carrier,66356.19,23447.15,12.37,3329.43,84.04,4,14.25,VLSFO,1131.04,3366.64,23.19,208.68,556469.3
Tanker,158081.42,22220.94,15.86,7112.02,39.91,5,12.17,Hydrogen,1170.93,0.0,0.0,0.0,4917885.23
Tanker,133175.65,42290.48,16.67,11163.31,45.11,5,12.71,Ammonia,3685.86,0.0,0.0,68.56,1713926.44
Bulk Carrier,94470.35,15734.82,12.97,7147.74,32.27,5,11.07,VLSFO,886.1,2637.56,18.17,163.49,435960.73
Container,144939.41,57305.32,15.46,4985.04,73.96,2,13.11,HFO,2735.24,8510.64,219.91,549.78,934631.13
Container,82148.08,43516.72,15.55,1515.7,41.19,6,12.55,Methanol,602.03,808.68,0.0,9.58,179707.1
Bulk Carrier,66846.48,14536.41,13.88,1568.15,63.18,3,12.91,Hydrogen,222.69,0.0,0.0,0.0,935283.14
Bulk Carrier,32798.0,8301.1,15.96,1528.55,60.16,5,12.78,LNG,105.76,288.35,0.0,5.14,53970.07
Bulk Carrier,47777.1,15921.19,12.68,5174.73,92.68,4,14.3,Ammonia,1220.47,0.0,0.0,22.7,567519.62
Container,123486.7,44642.86,14.06,4750.7,38.05,3,12.35,Ammonia,1469.05,0.0,0.0,27.32,683109.88
Bulk Carrier,33835.54,12275.71,11.66,1496.17,68.82,4,13.57,Methanol,287.54,386.24,0.0,4.58,85831.99
Container,144107.9,25549.79,17.45,1512.62,58.99,3,12.42,Hydrogen,265.41,0.0,0.0,0.0,1114705.4
Bulk Carrier,42202.02,9981.16,12.68,1480.24,90.55,3,13.93,VLSFO,231.35,688.63,4.74,42.68,113822.52
Tanker,81558.65,40195.77,16.12,11228.92,59.31,5,12.59,LNG,3443.6,9388.83,0.0,167.36,1757268.44
Bulk Carrier,69415.21,19765.88,14.07,1495.34,92.74,4,15.29,HFO,410.05,1275.86,32.97,82.42,140114.32
Bulk Carrier,96099.56,21480.67,11.63,1513.65,63.58,2,13.09,VLSFO,371.2,1104.9,7.61,68.49,182628.65
Tanker,102102.95,34069.76,15.87,3663.54,96.44,3,14.5,Methanol,1615.03,2169.39,0.0,25.71,482086.05
Bulk Carrier,91879.87,8073.17,12.54,6822.63,53.47,1,12.34,VLSFO,512.0,1524.02,10.5,94.46,251904.25
Container,76991.14,43351.65,22.84,3409.8,52.52,4,12.87,Ammonia,819.61,0.0,0.0,15.24,381120.4
Container,82454.97,25446.14,22.75,1430.49,95.37,3,14.79,HFO,321.41,1000.07,25.84,64.6,109827.33
Container,120618.96,53045.83,17.08,5033.51,63.16,3,12.89,VLSFO,2216.67,6598.14,45.44,408.98,1090601.63
Container,112380.75,31567.06,20.02,5025.53,54.41,3,12.74,Ammonia,1040.27,0.0,0.0,19.35,483725.56
Tanker,99252.56,37831.35,13.75,11414.64,57.1,3,12.93,Hydrogen,3824.6,0.0,0.0,0.0,16063302.15
Container,144849.69,33435.22,15.19,1498.82,37.11,4,12.04,VLSFO,328.79,978.66,6.74,60.66,161762.34
Bulk Carrier,57752.59,9510.65,15.86,3510.8,56.05,5,12.99,LNG,255.78,697.36,0.0,12.43,130522.1
Bulk Carrier,47578.95,18184.89,14.3,3616.1,96.59,4,14.9,LNG,841.64,2294.69,0.0,40.9,429487.79
Tanker,178795.73,44661.77,13.66,3659.69,96.31,4,14.47,HFO,2346.1,7299.85,188.63,471.57,801663.28
Container,112726.71,53304.38,19.62,11023.67,65.57,3,13.09,VLSFO,4732.36,14086.36,97.01,873.12,2328323.47
Bulk Carrier,87285.37,19549.61,12.98,7195.9,63.66,5,12.81,Hydrogen,1715.01,0.0,0.0,0.0,7203060.62
Bulk Carrier,47770.51,12018.73,15.19,11363.7,92.44,3,14.79,Ammonia,1450.11,0.0,0.0,26.97,674300.98
Bulk Carrier,81563.07,16948.99,15.62,3605.6,43.21,1,12.73,Ammonia,359.49,0.0,0.0,6.69,167161.85
Tanker,99237.11,26424.61,12.59,3528.05,32.79,3,11.57,HFO,721.4,2244.61,58.0,145.0,246500.96
Bulk Carrier,73567.5,13961.3,11.02,6820.6,36.63,5,11.36,Methanol,1089.41,1463.35,0.0,17.34,325188.17
Tanker,180979.58,22175.67,12.18,11001.38,71.6,2,13.74,LNG,2611.19,7119.31,0.0,126.9,1332490.4
Container,107778.34,30656.41,16.47,3619.53,64.44,5,12.71,Ammonia,1014.44,0.0,0.0,18.87,471714.78
Bulk Carrier,92934.22,13223.99,12.4,5121.48,53.42,3,13.17,VLSFO,732.65,2180.8,15.02,135.17,360463.36
Container,149792.37,37032.47,21.62,11137.42,53.32,2,13.23,Methanol,2830.58,3802.17,0.0,45.06,844926.79
Container,94507.04,58305.73,23.16,3403.15,65.17,8,13.68,Hydrogen,1511.81,0.0,0.0,0.0,6349602.27
Bulk Carrier,95920.58,15093.89,13.31,10482.65,51.8,5,12.03,Hydrogen,1589.74,0.0,0.0,0.0,6676910.24
Container,145746.91,41286.39,19.51,10573.04,47.09,6,12.42,HFO,3065.0,9536.69,246.43,616.07,1047311.23
Bulk Carrier,66416.13,18123.77,12.78,3601.29,75.16,2,13.45,LNG,736.58,2008.25,0.0,35.8,375875.37
Bulk Carrier,74118.03,14345.34,15.3,3663.45,47.87,5,12.33,HFO,453.09,1409.77,36.43,91.07,154820.11
Bulk Carrier,40815.49,9902.02,12.51,6836.14,73.1,8,13.91,Ammonia,1065.8,0.0,0.0,19.82,495599.1
Tanker,182419.46,32520.4,15.18,10890.36,68.13,6,12.93,VLSFO,4114.18,12246.28,84.34,759.07,2024177.87
Container,58644.54,41408.75,14.81,1470.04,93.63,3,15.21,HFO,751.87,2339.43,60.45,151.13,256914.61
Bulk Carrier,42755.03,9444.03,14.17,3529.95,86.43,4,14.16,Hydrogen,442.83,0.0,0.0,0.0,1859906.2
Tanker,193460.04,29968.25,15.86,1461.48,51.75,4,12.69,VLSFO,361.16,1075.02,7.4,66.63,177690.04
Container,56052.32,32438.64,17.59,3377.58,49.96,4,12.4,Ammonia,802.5,0.0,0.0,14.93,373160.49
Container,90011.12,38475.22,20.32,5197.19,86.73,3,14.5,HFO,1846.44,5745.15,148.45,371.13,630927.68
Container,139534.36,40815.87,22.18,6701.48,61.05,2,13.61,Methanol,1741.35,2339.07,0.0,27.72,519793.01
Tanker,106527.38,19730.31,16.97,1487.49,51.92,5,12.87,Hydrogen,239.35,0.0,0.0,0.0,1005263.55
Tanker,109697.65,19658.15,16.47,11530.81,94.58,7,14.35,HFO,3263.63,10154.72,262.4,655.99,1115182.38
Bulk Carrier,73239.92,24147.63,11.15,10864.63,92.43,3,14.13,LNG,4000.62,10907.53,0.0,194.43,2041515.92
Bulk Carrier,36362.2,17516.56,15.41,1482.42,68.63,4,12.76,HFO,276.25,859.55,22.21,55.53,94395.28
Bulk Carrier,71380.56,14060.21,13.88,4755.42,30.19,6,11.66,Hydrogen,457.35,0.0,0.0,0.0,1920890.84
Container,69377.17,25583.4,16.95,6991.13,98.74,3,14.56,Ammonia,1813.6,0.0,0.0,33.73,843326.24
Bulk Carrier,48407.18,11422.94,11.87,6723.63,90.27,1,14.08,Hydrogen,1113.69,0.0,0.0,0.0,4677516.27
Bulk Carrier,95520.25,14085.58,15.81,11132.48,76.01,3,13.12,LNG,1346.63,3671.54,0.0,65.45,687187.13
Bulk Carrier,81295.95,12950.78,14.18,11213.69,71.35,5,14.06,VLSFO,1759.0,5235.83,36.06,324.54,865426.7
Container,60696.17,54779.02,18.81,5062.75,90.91,2,14.73,LNG,2436.76,6643.72,0.0,118.43,1243476.97
Bulk Carrier,66312.51,22448.71,11.45,7023.65,62.11,4,13.7,VLSFO,2003.44,5963.43,41.07,369.63,985690.32
Tanker,101398.18,42268.41,12.26,3512.29,59.62,4,12.72,HFO,1677.18,5218.5,134.85,337.11,573091.51
Bulk Carrier,75491.56,21173.55,12.87,6724.37,59.44,4,13.45,Hydrogen,1400.21,0.0,0.0,0.0,5880890.55
Container,114654.98,27110.2,16.3,7010.19,73.12,1,14.08,Hydrogen,1669.31,0.0,0.0,0.0,7011113.79
Tanker,90429.94,19021.66,12.1,1479.27,41.02,6,11.46,HFO,295.68,919.99,23.77,59.43,101032.36
Tanker,189788.52,23186.06,15.96,1440.02,67.14,3,13.45,Hydrogen,313.6,0.0,0.0,0.0,1317119.44
Tanker,154404.87,34676.46,12.77,6665.64,35.24,3,11.28,Ammonia,1575.99,0.0,0.0,29.31,732835.01
Bulk Carrier,53248.01,21421.41,15.71,3641.02,73.72,4,14.01,Hydrogen,809.16,0.0,0.0,0.0,3398457.79
Container,79717.31,39343.4,19.05,3636.14,77.82,5,14.17,Methanol,1623.09,2180.21,0.0,25.84,484492.15
Bulk Carrier,60106.3,21359.21,11.52,5122.46,95.23,3,14.6,Methanol,2148.86,2886.46,0.0,34.21,641435.77
Bulk Carrier,64481.42,20966.9,12.83,3347.85,40.93,6,12.1,VLSFO,656.14,1953.06,13.45,121.06,322819.34
Bulk Carrier,48445.85,14328.76,14.4,5052.07,86.12,5,14.61,Hydrogen,958.35,0.0,0.0,0.0,4025066.97
Tanker,80906.6,24732.03,16.46,5126.04,94.44,5,14.42,Hydrogen,1576.33,0.0,0.0,0.0,6620594.17
Tanker,153859.23,42878.92,12.67,3633.4,38.86,4,11.94,VLSFO,1322.16,3935.53,27.1,243.94,650501.3
Tanker,158867.55,39517.81,13.2,11029.9,60.28,5,12.82,Hydrogen,5105.56,0.0,0.0,0.0,21443338.28
Container,56844.46,39127.59,20.55,11220.32,44.68,5,11.82,HFO,2633.11,8192.88,211.7,529.26,899735.13
Bulk Carrier,39726.62,16423.68,13.96,1537.67,31.07,4,12.1,Ammonia,150.13,0.0,0.0,2.79,69810.59
Bulk Carrier,51320.83,21552.79,12.0,3456.93,63.19,3,13.06,VLSFO,959.45,2855.91,19.67,177.02,472051.59
Container,59705.29,58230.81,22.42,6921.85,90.2,3,14.77,LNG,2896.29,7896.62,0.0,140.76,1477977.56
Container,59146.42,41086.05,20.95,1565.5,40.92,5,12.0,Ammonia,329.39,0.0,0.0,6.13,153166.54
Bulk Carrier,89392.44,20228.82,12.14,11219.34,100.0,4,14.61,LNG,3476.71,9479.11,0.0,168.97,1774164.34
Bulk Carrier,34415.75,9749.16,14.58,5013.18,66.99,3,12.68,Ammonia,500.33,0.0,0.0,9.31,232654.85
Bulk Carrier,55139.75,19533.07,15.03,1449.62,99.18,5,15.13,VLSFO,408.0,1214.45,8.36,75.28,200735.01
Container,112467.31,58809.94,19.42,3582.41,56.79,5,13.16,Ammonia,1591.12,0.0,0.0,29.59,739872.73
Bulk Carrier,99601.91,21900.87,11.93,3527.61,66.28,3,13.43,Ammonia,883.66,0.0,0.0,16.44,410899.99
Tanker,147868.59,24796.54,14.09,11240.16,37.06,6,12.39,VLSFO,2522.32,7507.95,51.71,465.37,1240983.83
Tanker,108328.42,36002.99,15.69,1517.48,62.86,3,13.31,LNG,449.29,1224.98,0.0,21.84,229273.52
Bulk Carrier,39403.5,12845.87,14.04,1477.23,96.62,5,14.79,Ammonia,277.38,0.0,0.0,5.16,128983.78
Tanker,193232.16,20239.99,15.36,11243.21,90.12,3,15.14,Methanol,2942.9,3953.04,0.0,46.85,878454.23
Bulk Carrier,42432.2,23172.19,14.52,1495.7,84.51,5,14.39,HFO,488.14,1518.84,39.25,98.12,166797.16
Tanker,106008.31,24342.77,13.63,4760.02,33.56,3,11.91,VLSFO,805.28,2396.99,16.51,148.57,396196.69
Tanker,173839.81,30663.8,15.01,6791.43,83.84,4,13.52,Ammonia,2281.39,0.0,0.0,42.43,1060846.88
Bulk Carrier,85185.08,17680.75,11.86,3478.01,35.57,8,11.88,Ammonia,597.91,0.0,0.0,11.12,278029.31
Bulk Carrier,64714.51,8177.08,14.1,3510.45,58.52,3,13.4,VLSFO,300.28,893.82,6.16,55.4,147738.24
Container,142574.18,46046.65,14.8,1463.2,35.42,3,12.26,Methanol,482.31,647.86,0.0,7.68,143968.87
Bulk Carrier,96448.39,12943.9,15.25,7169.85,70.29,4,14.14,Ammonia,956.96,0.0,0.0,17.8,444985.4
Tanker,93800.12,20665.73,16.93,3548.89,97.8,4,14.36,LNG,764.56,2084.53,0.0,37.16,390152.52
Tanker,180699.41,44172.4,13.08,3506.98,37.81,5,11.84,Ammonia,1154.1,0.0,0.0,21.47,536656.56
Tanker,176476.26,43927.08,16.35,1430.84,61.34,2,12.63,LNG,474.06,1292.5,0.0,23.04,241910.91
Bulk Carrier,94799.29,18451.0,14.82,7133.2,47.54,5,12.92,LNG,1121.96,3058.99,0.0,54.53,572538.58
Container,102245.29,51583.62,21.43,11462.83,51.25,3,12.61,HFO,3604.91,11216.61,289.83,724.59,1231797.85
Bulk Carrier,93224.78,17041.45,14.9,10984.29,31.85,3,11.21,Methanol,1280.41,1719.91,0.0,20.38,382201.23
Container,148958.35,31554.56,14.7,7148.68,44.51,5,12.23,Ammonia,1895.79,0.0,0.0,35.26,881542.13
Tanker,191292.16,33994.21,12.32,3552.38,36.56,3,11.72,HFO,982.5,3057.04,78.99,197.48,335721.76
